target,regime,requested_delay,taps,sample_index,peak_index,peak_aligned_index,coefficient,normalised_coefficient
low-pass,sub-minimum,2.92951816,129,0,1,-1,0.110487311,0.960982362
low-pass,sub-minimum,2.92951816,129,1,1,0,0.114973298,1
low-pass,sub-minimum,2.92951816,129,2,1,1,0.0969224365,0.842999534
low-pass,sub-minimum,2.92951816,129,3,1,2,0.0858171651,0.746409529
low-pass,sub-minimum,2.92951816,129,4,1,3,0.0736860232,0.640896839
low-pass,sub-minimum,2.92951816,129,5,1,4,0.0643387227,0.559597088
low-pass,sub-minimum,2.92951816,129,6,1,5,0.0551662736,0.479818137
low-pass,sub-minimum,2.92951816,129,7,1,6,0.0477227187,0.41507654
low-pass,sub-minimum,2.92951816,129,8,1,7,0.0406665075,0.353703932
low-pass,sub-minimum,2.92951816,129,9,1,8,0.0348337032,0.302972115
low-pass,sub-minimum,2.92951816,129,10,1,9,0.029399015,0.255702981
low-pass,sub-minimum,2.92951816,129,11,1,10,0.0248810756,0.216407427
low-pass,sub-minimum,2.92951816,129,12,1,11,0.0207201026,0.18021665
low-pass,sub-minimum,2.92951816,129,13,1,12,0.0172678002,0.150189657
low-pass,sub-minimum,2.92951816,129,14,1,13,0.0141202223,0.122813058
low-pass,sub-minimum,2.92951816,129,15,1,14,0.0115307863,0.100290993
low-pass,sub-minimum,2.92951816,129,16,1,15,0.00919505687,0.079975586
low-pass,sub-minimum,2.92951816,129,17,1,16,0.00730364467,0.0635247036
low-pass,sub-minimum,2.92951816,129,18,1,17,0.00561944512,0.0488760889
low-pass,sub-minimum,2.92951816,129,19,1,18,0.00429034209,0.037315987
low-pass,sub-minimum,2.92951816,129,20,1,19,0.00312677683,0.0271956784
low-pass,sub-minimum,2.92951816,129,21,1,20,0.00224613803,0.0195361712
low-pass,sub-minimum,2.92951816,129,22,1,21,0.0014936262,0.0129910703
low-pass,sub-minimum,2.92951816,129,23,1,22,0.000964068111,0.00838514793
low-pass,sub-minimum,2.92951816,129,24,1,23,0.000528857362,0.00459982771
low-pass,sub-minimum,2.92951816,129,25,1,24,0.000265688337,0.00231086993
low-pass,sub-minimum,2.92951816,129,26,1,25,6.62721944e-05,0.00057641379
low-pass,sub-minimum,2.92951816,129,27,1,26,-4.87252509e-06,-4.23796236e-05
low-pass,sub-minimum,2.92951816,129,28,1,27,-3.98373108e-05,-0.000346491851
low-pass,sub-minimum,2.92951816,129,29,1,28,1.57017321e-05,0.000136568511
low-pass,sub-minimum,2.92951816,129,30,1,29,8.29422425e-05,0.000721404396
low-pass,sub-minimum,2.92951816,129,31,1,30,0.000208329582,0.00181198231
low-pass,sub-minimum,2.92951816,129,32,1,31,0.000324265942,0.00282035871
low-pass,sub-minimum,2.92951816,129,33,1,32,0.000471166926,0.00409805524
low-pass,sub-minimum,2.92951816,129,34,1,33,0.00059110146,0.00514120645
low-pass,sub-minimum,2.92951816,129,35,1,34,0.000719941223,0.0062618124
low-pass,sub-minimum,2.92951816,129,36,1,35,0.000808253997,0.00702992792
low-pass,sub-minimum,2.92951816,129,37,1,36,0.000888542496,0.00772825093
low-pass,sub-minimum,2.92951816,129,38,1,37,0.000918937775,0.00799261908
low-pass,sub-minimum,2.92951816,129,39,1,38,0.000929482524,0.00808433385
low-pass,sub-minimum,2.92951816,129,40,1,39,0.000885078129,0.007698119
low-pass,sub-minimum,2.92951816,129,41,1,40,0.000813971987,0.00707966112
low-pass,sub-minimum,2.92951816,129,42,1,41,0.00068711135,0.00597626895
low-pass,sub-minimum,2.92951816,129,43,1,42,0.000531395475,0.00462190339
low-pass,sub-minimum,2.92951816,129,44,1,43,0.000323117707,0.00281037174
low-pass,sub-minimum,2.92951816,129,45,1,44,8.80893179e-05,0.000766171968
low-pass,sub-minimum,2.92951816,129,46,1,45,-0.000192764611,-0.0016766033
low-pass,sub-minimum,2.92951816,129,47,1,46,-0.000494627878,-0.0043021109
low-pass,sub-minimum,2.92951816,129,48,1,47,-0.000832653554,-0.00724214726
low-pass,sub-minimum,2.92951816,129,49,1,48,-0.00118308472,-0.0102900825
low-pass,sub-minimum,2.92951816,129,50,1,49,-0.00155787329,-0.0135498704
low-pass,sub-minimum,2.92951816,129,51,1,50,-0.0019344792,-0.016825465
low-pass,sub-minimum,2.92951816,129,52,1,51,-0.00232238367,-0.0201993308
low-pass,sub-minimum,2.92951816,129,53,1,52,-0.00270050341,-0.0234880921
low-pass,sub-minimum,2.92951816,129,54,1,53,-0.00307654859,-0.0267588097
low-pass,sub-minimum,2.92951816,129,55,1,54,-0.00343116275,-0.0298431272
low-pass,sub-minimum,2.92951816,129,56,1,55,-0.00377094667,-0.0327984561
low-pass,sub-minimum,2.92951816,129,57,1,56,-0.00407855543,-0.0354739362
low-pass,sub-minimum,2.92951816,129,58,1,57,-0.00436007873,-0.0379225334
low-pass,sub-minimum,2.92951816,129,59,1,58,-0.00460042755,-0.0400130086
low-pass,sub-minimum,2.92951816,129,60,1,59,-0.00480568633,-0.041798282
low-pass,sub-minimum,2.92951816,129,61,1,60,-0.00496321263,-0.0431683941
low-pass,sub-minimum,2.92951816,129,62,1,61,-0.00507949133,-0.044179748
low-pass,sub-minimum,2.92951816,129,63,1,62,-0.0051444276,-0.0447445424
low-pass,sub-minimum,2.92951816,129,64,1,63,-0.00516518842,-0.0449251132
low-pass,sub-minimum,2.92951816,129,65,1,64,-0.00513424455,-0.0446559735
low-pass,sub-minimum,2.92951816,129,66,1,65,-0.00505959621,-0.0440067068
low-pass,sub-minimum,2.92951816,129,67,1,66,-0.00493616873,-0.0429331751
low-pass,sub-minimum,2.92951816,129,68,1,67,-0.00477283012,-0.0415125095
low-pass,sub-minimum,2.92951816,129,69,1,68,-0.00456677214,-0.0397202848
low-pass,sub-minimum,2.92951816,129,70,1,69,-0.00432760135,-0.0376400558
low-pass,sub-minimum,2.92951816,129,71,1,70,-0.00405449224,-0.0352646424
low-pass,sub-minimum,2.92951816,129,72,1,71,-0.00375759614,-0.0326823377
low-pass,sub-minimum,2.92951816,129,73,1,72,-0.00343766667,-0.0298996961
low-pass,sub-minimum,2.92951816,129,74,1,73,-0.00310510867,-0.0270072158
low-pass,sub-minimum,2.92951816,129,75,1,74,-0.0027618265,-0.0240214602
low-pass,sub-minimum,2.92951816,129,76,1,75,-0.00241811625,-0.0210319813
low-pass,sub-minimum,2.92951816,129,77,1,76,-0.00207654198,-0.0180610804
low-pass,sub-minimum,2.92951816,129,78,1,77,-0.00174691681,-0.015194109
low-pass,sub-minimum,2.92951816,129,79,1,78,-0.00143198328,-0.0124549204
low-pass,sub-minimum,2.92951816,129,80,1,79,-0.00114068026,-0.00992126243
low-pass,sub-minimum,2.92951816,129,81,1,80,-0.000875465625,-0.0076145126
low-pass,sub-minimum,2.92951816,129,82,1,81,-0.000644037211,-0.00560162423
low-pass,sub-minimum,2.92951816,129,83,1,82,-0.000448165967,-0.00389800045
low-pass,sub-minimum,2.92951816,129,84,1,83,-0.000294009493,-0.00255719805
low-pass,sub-minimum,2.92951816,129,85,1,84,-0.000182317265,-0.00158573572
low-pass,sub-minimum,2.92951816,129,86,1,85,-0.000117479702,-0.00102179988
low-pass,sub-minimum,2.92951816,129,87,1,86,-9.89850221e-05,-0.000860939226
low-pass,sub-minimum,2.92951816,129,88,1,87,-0.00012933466,-0.00112491042
low-pass,sub-minimum,2.92951816,129,89,1,88,-0.000206632967,-0.00179722571
low-pass,sub-minimum,2.92951816,129,90,1,89,-0.000331475543,-0.00288306546
low-pass,sub-minimum,2.92951816,129,91,1,90,-0.000500561844,-0.00435372259
low-pass,sub-minimum,2.92951816,129,92,1,91,-0.000712684194,-0.00619869315
low-pass,sub-minimum,2.92951816,129,93,1,92,-0.000963242821,-0.00837796983
low-pass,sub-minimum,2.92951816,129,94,1,93,-0.00124941935,-0.0108670393
low-pass,sub-minimum,2.92951816,129,95,1,94,-0.00156552878,-0.0136164554
low-pass,sub-minimum,2.92951816,129,96,1,95,-0.00190743356,-0.0165902309
low-pass,sub-minimum,2.92951816,129,97,1,96,-0.00226866405,-0.0197320951
low-pass,sub-minimum,2.92951816,129,98,1,97,-0.00264414361,-0.0229978931
low-pass,sub-minimum,2.92951816,129,99,1,98,-0.00302696652,-0.0263275611
low-pass,sub-minimum,2.92951816,129,100,1,99,-0.00341154297,-0.0296724808
low-pass,sub-minimum,2.92951816,129,101,1,100,-0.00379095096,-0.0329724469
low-pass,sub-minimum,2.92951816,129,102,1,101,-0.00415951487,-0.0361780948
low-pass,sub-minimum,2.92951816,129,103,1,102,-0.00451072217,-0.0392327806
low-pass,sub-minimum,2.92951816,129,104,1,103,-0.00483925517,-0.0420902528
low-pass,sub-minimum,2.92951816,129,105,1,104,-0.00513940586,-0.044700865
low-pass,sub-minimum,2.92951816,129,106,1,105,-0.00540661736,-0.0470249828
low-pass,sub-minimum,2.92951816,129,107,1,106,-0.00563634663,-0.0490230926
low-pass,sub-minimum,2.92951816,129,108,1,107,-0.00582514138,-0.0506651674
low-pass,sub-minimum,2.92951816,129,109,1,108,-0.00596989862,-0.0519242183
low-pass,sub-minimum,2.92951816,129,110,1,109,-0.00606853216,-0.0527821005
low-pass,sub-minimum,2.92951816,129,111,1,110,-0.0061195843,-0.0532261352
low-pass,sub-minimum,2.92951816,129,112,1,111,-0.00612247011,-0.0532512351
low-pass,sub-minimum,2.92951816,129,113,1,112,-0.00607748428,-0.0528599631
low-pass,sub-minimum,2.92951816,129,114,1,113,-0.00598558637,-0.0520606652
low-pass,sub-minimum,2.92951816,129,115,1,114,-0.00584879956,-0.0508709385
low-pass,sub-minimum,2.92951816,129,116,1,115,-0.00566953793,-0.0493117796
low-pass,sub-minimum,2.92951816,129,117,1,116,-0.00545146423,-0.0474150462
low-pass,sub-minimum,2.92951816,129,118,1,117,-0.00519823024,-0.0452125001
low-pass,sub-minimum,2.92951816,129,119,1,118,-0.00491495362,-0.042748653
low-pass,sub-minimum,2.92951816,129,120,1,119,-0.00460617304,-0.040062981
low-pass,sub-minimum,2.92951816,129,121,1,120,-0.00427825473,-0.0372108551
low-pass,sub-minimum,2.92951816,129,122,1,121,-0.00393610982,-0.0342349911
low-pass,sub-minimum,2.92951816,129,123,1,122,-0.00358723536,-0.0312005955
low-pass,sub-minimum,2.92951816,129,124,1,123,-0.0032360738,-0.0281463075
low-pass,sub-minimum,2.92951816,129,125,1,124,-0.00289161087,-0.025150282
low-pass,sub-minimum,2.92951816,129,126,1,125,-0.00255584714,-0.0222299194
low-pass,sub-minimum,2.92951816,129,127,1,126,-0.00224243036,-0.0195039231
low-pass,sub-minimum,2.92951816,129,128,1,127,-0.00193939924,-0.0168682579
low-pass,window,5.85903631,129,0,1,-1,0.107124467,0.946643346
low-pass,window,5.85903631,129,1,1,0,0.113162436,1
low-pass,window,5.85903631,129,2,1,1,0.0958108778,0.8466668
low-pass,window,5.85903631,129,3,1,2,0.0855784999,0.756244763
low-pass,window,5.85903631,129,4,1,3,0.0741896529,0.655603178
low-pass,window,5.85903631,129,5,1,4,0.0656116777,0.579800859
low-pass,window,5.85903631,129,6,1,5,0.0571269343,0.504822414
low-pass,window,5.85903631,129,7,1,6,0.0503577167,0.445003823
low-pass,window,5.85903631,129,8,1,7,0.0439034223,0.387968161
low-pass,window,5.85903631,129,9,1,8,0.0386377744,0.341436396
low-pass,window,5.85903631,129,10,1,9,0.0336977369,0.297782002
low-pass,window,5.85903631,129,11,1,10,0.0296258406,0.261799247
low-pass,window,5.85903631,129,12,1,11,0.0258363859,0.228312386
low-pass,window,5.85903631,129,13,1,12,0.022698116,0.200579951
low-pass,window,5.85903631,129,14,1,13,0.0197889418,0.174872002
low-pass,window,5.85903631,129,15,1,14,0.0173758874,0.153548191
low-pass,window,5.85903631,129,16,1,15,0.0151420892,0.133808441
low-pass,window,5.85903631,129,17,1,16,0.013290182,0.117443407
low-pass,window,5.85903631,129,18,1,17,0.0115751363,0.102287797
low-pass,window,5.85903631,129,19,1,18,0.0101562941,0.0897496949
low-pass,window,5.85903631,129,20,1,19,0.00883983386,0.0781163269
low-pass,window,5.85903631,129,21,1,20,0.00775454188,0.0685257594
low-pass,window,5.85903631,129,22,1,21,0.00674431557,0.0595985364
low-pass,window,5.85903631,129,23,1,22,0.00591549489,0.0522743685
low-pass,window,5.85903631,129,24,1,23,0.00514048181,0.0454256905
low-pass,window,5.85903631,129,25,1,24,0.0045085669,0.0398415503
low-pass,window,5.85903631,129,26,1,25,0.00391414459,0.0345887268
low-pass,window,5.85903631,129,27,1,26,0.00343318796,0.0303385829
low-pass,window,5.85903631,129,28,1,27,0.00297735482,0.0263104517
low-pass,window,5.85903631,129,29,1,28,0.00261196915,0.0230815917
low-pass,window,5.85903631,129,30,1,29,0.00226244096,0.0199928619
low-pass,window,5.85903631,129,31,1,30,0.00198541066,0.0175447854
low-pass,window,5.85903631,129,32,1,31,0.00171738492,0.0151762809
low-pass,window,5.85903631,129,33,1,32,0.00150780687,0.0133242701
low-pass,window,5.85903631,129,34,1,33,0.00130223972,0.0115077031
low-pass,window,5.85903631,129,35,1,34,0.00114407973,0.0101100663
low-pass,window,5.85903631,129,36,1,35,0.000986357786,0.00871630037
low-pass,window,5.85903631,129,37,1,36,0.000867331989,0.00766448671
low-pass,window,5.85903631,129,38,1,37,0.000746248484,0.00659448938
low-pass,window,5.85903631,129,39,1,38,0.000656958033,0.00580544264
low-pass,window,5.85903631,129,40,1,39,0.000563924028,0.00498331467
low-pass,window,5.85903631,129,41,1,40,0.000497186715,0.00439356672
low-pass,window,5.85903631,129,42,1,41,0.000425623547,0.00376117341
low-pass,window,5.85903631,129,43,1,42,0.000375958232,0.00332228825
low-pass,window,5.85903631,129,44,1,43,0.000320829913,0.0028351273
low-pass,window,5.85903631,129,45,1,44,0.000284059335,0.00251019105
low-pass,window,5.85903631,129,46,1,45,0.000241512876,0.00213421418
low-pass,window,5.85903631,129,47,1,46,0.000214458022,0.00189513437
low-pass,window,5.85903631,129,48,1,47,0.000181546973,0.00160430421
low-pass,window,5.85903631,129,49,1,48,0.00016179218,0.00142973398
low-pass,window,5.85903631,129,50,1,49,0.000136264287,0.0012041477
low-pass,window,5.85903631,129,51,1,50,0.000121976914,0.00107789226
low-pass,window,5.85903631,129,52,1,51,0.000102111145,0.000902341348
low-pass,window,5.85903631,129,53,1,52,9.1903294e-05,0.00081213605
low-pass,window,5.85903631,129,54,1,53,7.6384852e-05,0.000675001834
low-pass,window,5.85903631,129,55,1,54,6.92074493e-05,0.000611576169
low-pass,window,5.85903631,129,56,1,55,5.70319935e-05,0.000503983437
low-pass,window,5.85903631,129,57,1,56,5.20937571e-05,0.000460344959
low-pass,window,5.85903631,129,58,1,57,4.24940604e-05,0.000375513835
low-pass,window,5.85903631,129,59,1,58,3.91995712e-05,0.000346400912
low-pass,window,5.85903631,129,60,1,59,3.15894029e-05,0.000279150961
low-pass,window,5.85903631,129,61,1,60,2.94918348e-05,0.000260615057
low-pass,window,5.85903631,129,62,1,61,2.34230548e-05,0.00020698613
low-pass,window,5.85903631,129,63,1,62,2.21881361e-05,0.000196073333
low-pass,window,5.85903631,129,64,1,63,1.73179146e-05,0.000153035894
low-pass,window,5.85903631,129,65,1,64,1.66964853e-05,0.000147544413
low-pass,window,5.85903631,129,66,1,65,1.2762277e-05,0.000112778386
low-pass,window,5.85903631,129,67,1,66,1.25694187e-05,0.000111074126
low-pass,window,5.85903631,129,68,1,67,9.36986922e-06,8.28001722e-05
low-pass,window,5.85903631,129,69,1,68,9.46905499e-06,8.36766625e-05
low-pass,window,5.85903631,129,70,1,69,6.84944391e-06,6.05275402e-05
low-pass,window,5.85903631,129,71,1,70,7.14051611e-06,6.30997029e-05
low-pass,window,5.85903631,129,72,1,71,4.98166529e-06,4.4022252e-05
low-pass,window,5.85903631,129,73,1,72,5.39173123e-06,4.76459452e-05
low-pass,window,5.85903631,129,74,1,73,3.60155816e-06,3.1826446e-05
low-pass,window,5.85903631,129,75,1,74,4.07810566e-06,3.60376269e-05
low-pass,window,5.85903631,129,76,1,75,2.58519452e-06,2.28449882e-05
low-pass,window,5.85903631,129,77,1,76,3.09089481e-06,2.73137882e-05
low-pass,window,5.85903631,129,78,1,77,1.83960531e-06,1.62563248e-05
low-pass,window,5.85903631,129,79,1,78,2.34839688e-06,2.07524418e-05
low-pass,window,5.85903631,129,80,1,79,1.29514424e-06,1.14450014e-05
low-pass,window,5.85903631,129,81,1,80,1.78928758e-06,1.58116743e-05
low-pass,window,5.85903631,129,82,1,81,8.99713982e-07,7.95064168e-06
low-pass,window,5.85903631,129,83,1,82,1.36758144e-06,1.20851184e-05
low-pass,window,5.85903631,129,84,1,83,6.14405361e-07,5.42941087e-06
low-pass,window,5.85903631,129,85,1,84,1.04882655e-06,9.26832772e-06
low-pass,window,5.85903631,129,86,1,85,4.10207528e-07,3.6249443e-06
low-pass,window,5.85903631,129,87,1,86,8.07234036e-07,7.13340983e-06
low-pass,window,5.85903631,129,88,1,87,2.65528915e-07,2.34644042e-06
low-pass,window,5.85903631,129,89,1,88,6.23514971e-07,5.50991116e-06
low-pass,window,5.85903631,129,90,1,89,1.64331413e-07,1.45217281e-06
low-pass,window,5.85903631,129,91,1,90,4.83252093e-07,4.2704285e-06
low-pass,window,5.85903631,129,92,1,91,9.47277777e-08,8.37095602e-07
low-pass,window,5.85903631,129,93,1,92,3.75675556e-07,3.31979028e-06
low-pass,window,5.85903631,129,94,1,93,4.79285899e-08,4.23537982e-07
low-pass,window,5.85903631,129,95,1,94,2.92743437e-07,2.5869312e-06
low-pass,window,5.85903631,129,96,1,95,1.74526683e-08,1.54226693e-07
low-pass,window,5.85903631,129,97,1,96,2.28451929e-07,2.01879649e-06
low-pass,window,5.85903631,129,98,1,97,-1.46417766e-09,-1.29387251e-08
low-pass,window,5.85903631,129,99,1,98,1.78318444e-07,1.57577417e-06
low-pass,window,5.85903631,129,100,1,99,-1.23112674e-08,-1.0879288e-07
low-pass,window,5.85903631,129,101,1,100,1.38994719e-07,1.22827613e-06
low-pass,window,5.85903631,129,102,1,101,-1.76331759e-08,-1.55821812e-07
low-pass,window,5.85903631,129,103,1,102,1.07977568e-07,9.54182077e-07
low-pass,window,5.85903631,129,104,1,103,-1.92758651e-08,-1.70338018e-07
low-pass,window,5.85903631,129,105,1,104,8.33928843e-08,7.36930797e-07
low-pass,window,5.85903631,129,106,1,105,-1.85698994e-08,-1.64099502e-07
low-pass,window,5.85903631,129,107,1,106,6.38345251e-08,5.6409642e-07
low-pass,window,5.85903631,129,108,1,107,-1.64666008e-08,-1.45512958e-07
low-pass,window,5.85903631,129,109,1,108,4.82442752e-08,4.26327647e-07
low-pass,window,5.85903631,129,110,1,109,-1.36390487e-08,-1.20526291e-07
low-pass,window,5.85903631,129,111,1,110,3.5822506e-08,3.16558278e-07
low-pass,window,5.85903631,129,112,1,111,-1.05568579e-08,-9.32894184e-08
low-pass,window,5.85903631,129,113,1,112,2.59617539e-08,2.29420245e-07
low-pass,window,5.85903631,129,114,1,113,-7.54142352e-09,-6.66424634e-08
low-pass,window,5.85903631,129,115,1,114,1.81973784e-08,1.60807588e-07
low-pass,window,5.85903631,129,116,1,115,-4.80663394e-09,-4.24755254e-08
low-pass,window,5.85903631,129,117,1,116,1.21709297e-08,1.07552737e-07
low-pass,window,5.85903631,129,118,1,117,-2.48877788e-09,-2.19929683e-08
low-pass,window,5.85903631,129,119,1,118,7.60294106e-09,6.71860849e-08
low-pass,window,5.85903631,129,120,1,119,-6.68403725e-10,-5.90658656e-09
low-pass,window,5.85903631,129,121,1,120,4.27266078e-09,3.77568823e-08
low-pass,window,5.85903631,129,122,1,121,6.13885046e-10,5.42481292e-09
low-pass,window,5.85903631,129,123,1,122,2.00275193e-09,1.76980277e-08
low-pass,window,5.85903631,129,124,1,123,1.34648287e-09,1.18986734e-08
low-pass,window,5.85903631,129,125,1,124,6.47007223e-10,5.71750878e-09
low-pass,window,5.85903631,129,126,1,125,1.5413045e-09,1.36202838e-08
low-pass,window,5.85903631,129,127,1,126,7.63694096e-11,6.74865372e-10
low-pass,window,5.85903631,129,128,1,127,1.26492626e-09,1.11779695e-08
low-pass,window,34.9295182,129,0,32,-32,8.6727162e-05,0.000586361303
low-pass,window,34.9295182,129,1,32,-31,0.000106537491,0.000720298697
low-pass,window,34.9295182,129,2,32,-30,0.000121291467,0.000820050154
low-pass,window,34.9295182,129,3,32,-29,0.000148096314,0.0010012774
low-pass,window,34.9295182,129,4,32,-28,0.000169708986,0.00114740042
low-pass,window,34.9295182,129,5,32,-27,0.000206270163,0.0013945901
low-pass,window,34.9295182,129,6,32,-26,0.000237704503,0.0016071173
low-pass,window,34.9295182,129,7,32,-25,0.000287970267,0.00194696352
low-pass,window,34.9295182,129,8,32,-24,0.000333512422,0.00225487349
low-pass,window,34.9295182,129,9,32,-23,0.000403182506,0.00272591209
low-pass,window,34.9295182,129,10,32,-22,0.000469088496,0.0031715017
low-pass,window,34.9295182,129,11,32,-21,0.000566489688,0.00383002999
low-pass,window,34.9295182,129,12,32,-20,0.000661996774,0.00447575226
low-pass,window,34.9295182,129,13,32,-19,0.000799475204,0.00540524227
low-pass,window,34.9295182,129,14,32,-18,0.000938427627,0.00634469794
low-pass,window,34.9295182,129,15,32,-17,0.00113463564,0.00767125798
low-pass,window,34.9295182,129,16,32,-16,0.00133819017,0.00904748773
low-pass,window,34.9295182,129,17,32,-15,0.00162200058,0.0109663265
low-pass,window,34.9295182,129,18,32,-14,0.00192333386,0.0130036372
low-pass,window,34.9295182,129,19,32,-13,0.00234090618,0.0158268387
low-pass,window,34.9295182,129,20,32,-12,0.00279389369,0.0188894818
low-pass,window,34.9295182,129,21,32,-11,0.00342236033,0.0231385372
low-pass,window,34.9295182,129,22,32,-10,0.00411886482,0.0278475957
low-pass,window,34.9295182,129,23,32,-9,0.00509550068,0.034450619
low-pass,window,34.9295182,129,24,32,-8,0.00620368424,0.0419430348
low-pass,window,34.9295182,129,25,32,-7,0.00779712458,0.0527162659
low-pass,window,34.9295182,129,26,32,-6,0.00966052527,0.0653146956
low-pass,window,34.9295182,129,27,32,-5,0.0124846254,0.0844084025
low-pass,window,34.9295182,129,28,32,-4,0.015948965,0.107830761
low-pass,window,34.9295182,129,29,32,-3,0.0218830752,0.147951209
low-pass,window,34.9295182,129,30,32,-2,0.0299979215,0.202815588
low-pass,window,34.9295182,129,31,32,-1,0.0518434334,0.350512832
low-pass,window,34.9295182,129,32,32,0,0.147907376,1
low-pass,window,34.9295182,129,33,32,1,0.116091042,0.784890141
low-pass,window,34.9295182,129,34,32,2,0.0864843227,0.584719469
low-pass,window,34.9295182,129,35,32,3,0.0713968325,0.482713129
low-pass,window,34.9295182,129,36,32,4,0.05820514,0.393524254
low-pass,window,34.9295182,129,37,32,5,0.049119543,0.332096642
low-pass,window,34.9295182,129,38,32,6,0.0410314625,0.277413226
low-pass,window,34.9295182,129,39,32,7,0.0349781827,0.236487074
low-pass,window,34.9295182,129,40,32,8,0.0295461253,0.199760999
low-pass,window,34.9295182,129,41,32,9,0.0253331176,0.171276904
low-pass,window,34.9295182,129,42,32,10,0.0215317061,0.145575607
low-pass,window,34.9295182,129,43,32,11,0.0185304118,0.125283892
low-pass,window,34.9295182,129,44,32,12,0.015809121,0.106885278
low-pass,window,34.9295182,129,45,32,13,0.013641049,0.0922269686
low-pass,window,34.9295182,129,46,32,14,0.0116654075,0.0788696805
low-pass,window,34.9295182,129,47,32,15,0.0100852414,0.0681861964
low-pass,window,34.9295182,129,48,32,16,0.00863737217,0.0583971698
low-pass,window,34.9295182,129,49,32,17,0.00747889766,0.0505647375
low-pass,window,34.9295182,129,50,32,18,0.00641070044,0.0433426689
low-pass,window,34.9295182,129,51,32,19,0.00555804933,0.037577905
low-pass,window,34.9295182,129,52,32,20,0.00476603784,0.0322231247
low-pass,window,34.9295182,129,53,32,21,0.00413688065,0.0279694005
low-pass,window,34.9295182,129,54,32,22,0.00354737636,0.023983769
low-pass,window,34.9295182,129,55,32,23,0.00308243158,0.020840283
low-pass,window,34.9295182,129,56,32,24,0.00264228242,0.0178644398
low-pass,window,34.9295182,129,57,32,25,0.00229845684,0.0155398392
low-pass,window,34.9295182,129,58,32,26,0.00196895088,0.0133120533
low-pass,window,34.9295182,129,59,32,27,0.00171470134,0.0115930752
low-pass,window,34.9295182,129,60,32,28,0.00146744339,0.00992136717
low-pass,window,34.9295182,129,61,32,29,0.00127956285,0.00865110912
low-pass,window,34.9295182,129,62,32,30,0.00109361314,0.00739390534
low-pass,window,34.9295182,129,63,32,31,0.000954962946,0.00645649304
low-pass,window,34.9295182,129,64,32,32,0.000814815875,0.00550896037
low-pass,window,34.9295182,129,65,32,33,0.000712703533,0.00481858005
low-pass,window,34.9295182,129,66,32,34,0.00060684045,0.00410284101
low-pass,window,34.9295182,129,67,32,35,0.000531847161,0.00359581228
low-pass,window,34.9295182,129,68,32,36,0.000451689409,0.00305386668
low-pass,window,34.9295182,129,69,32,37,0.000396815818,0.00268286699
low-pass,window,34.9295182,129,70,32,38,0.000335961284,0.00227143022
low-pass,window,34.9295182,129,71,32,39,0.000296001255,0.00200126094
low-pass,window,34.9295182,129,72,32,40,0.000249664187,0.00168797658
low-pass,window,34.9295182,129,73,32,41,0.00022074352,0.00149244429
low-pass,window,34.9295182,129,74,32,42,0.000185341469,0.00125309145
low-pass,window,34.9295182,129,75,32,43,0.000164576844,0.00111270207
low-pass,window,34.9295182,129,76,32,44,0.000137424921,0.000929128242
low-pass,window,34.9295182,129,77,32,45,0.000122671001,0.000829377168
low-pass,window,34.9295182,129,78,32,46,0.000101754865,0.000687963422
low-pass,window,34.9295182,129,79,32,47,9.14163496e-05,0.000618064844
low-pass,window,34.9295182,129,80,32,48,7.52232439e-05,0.000508583451
low-pass,window,34.9295182,129,81,32,49,6.81149496e-05,0.000460524358
low-pass,window,34.9295182,129,82,32,50,5.55076994e-05,0.00037528689
low-pass,window,34.9295182,129,83,32,51,5.07502674e-05,0.00034312195
low-pass,window,34.9295182,129,84,32,52,4.08731657e-05,0.000276342984
low-pass,window,34.9295182,129,85,32,53,3.7815253e-05,0.000255668473
low-pass,window,34.9295182,129,86,32,54,3.00236818e-05,0.000202989753
low-pass,window,34.9295182,129,87,32,55,2.81838765e-05,0.000190550851
low-pass,window,34.9295182,129,88,32,56,2.19916233e-05,0.000148685102
low-pass,window,34.9295182,129,89,32,57,2.10150715e-05,0.000142082646
low-pass,window,34.9295182,129,90,32,58,1.60548636e-05,0.000108546741
low-pass,window,34.9295182,129,91,32,59,1.56808784e-05,0.000106018231
low-pass,window,34.9295182,129,92,32,60,1.16747995e-05,7.89331793e-05
low-pass,window,34.9295182,129,93,32,61,1.1712676e-05,7.91892618e-05
low-pass,window,34.9295182,129,94,32,62,8.44998019e-06,5.71302148e-05
low-pass,window,34.9295182,129,95,32,63,8.76094338e-06,5.92326332e-05
low-pass,window,34.9295182,129,96,32,64,6.08141113e-06,4.11163478e-05
low-pass,window,34.9295182,129,97,32,65,6.56514922e-06,4.43868952e-05
low-pass,window,34.9295182,129,98,32,66,4.34659575e-06,2.93872818e-05
low-pass,window,34.9295182,129,99,32,67,4.93122162e-06,3.33399303e-05
low-pass,window,34.9295182,129,100,32,68,3.08012024e-06,2.08246561e-05
low-pass,window,34.9295182,129,101,32,69,3.71469563e-06,2.51150126e-05
low-pass,window,34.9295182,129,102,32,70,2.15913675e-06,1.45978977e-05
low-pass,window,34.9295182,129,103,32,71,2.80811134e-06,1.89856072e-05
low-pass,window,34.9295182,129,104,32,72,1.49251406e-06,1.00908697e-05
low-pass,window,34.9295182,129,105,32,73,2.13159498e-06,1.44116882e-05
low-pass,window,34.9295182,129,106,32,74,1.0127337e-06,6.84708039e-06
low-pass,window,34.9295182,129,107,32,75,1.62582248e-06,1.09921663e-05
low-pass,window,34.9295182,129,108,32,76,6.69840351e-07,4.52878258e-06
low-pass,window,34.9295182,129,109,32,77,1.24676605e-06,8.42937033e-06
low-pass,window,34.9295182,129,110,32,78,4.26929056e-07,2.88646224e-06
low-pass,window,34.9295182,129,111,32,79,9.61774573e-07,6.50254636e-06
low-pass,window,34.9295182,129,112,32,80,2.56781363e-07,1.73609572e-06
low-pass,window,34.9295182,129,113,32,81,7.46651085e-07,5.04809904e-06
low-pass,window,34.9295182,129,114,32,82,1.39360069e-07,9.42211755e-07
low-pass,window,34.9295182,129,115,32,83,5.8347553e-07,3.94487107e-06
low-pass,window,34.9295182,129,116,32,84,5.99451115e-08,4.0528818e-07
low-pass,window,34.9295182,129,117,32,85,4.58983981e-07,3.10318519e-06
low-pass,window,34.9295182,129,118,32,86,7.74791036e-09,5.23835291e-08
low-pass,window,34.9295182,129,119,32,87,3.63363171e-07,2.45669405e-06
low-pass,window,34.9295182,129,120,32,88,-2.51175391e-08,-1.69819381e-07
low-pass,window,34.9295182,129,121,32,89,2.89354746e-07,1.95632397e-06
low-pass,window,34.9295182,129,122,32,90,-4.43977855e-08,-3.00172896e-07
low-pass,window,34.9295182,129,123,32,91,2.31590274e-07,1.56577907e-06
low-pass,window,34.9295182,129,124,32,92,-5.42652162e-08,-3.66886477e-07
low-pass,window,34.9295182,129,125,32,93,1.86098076e-07,1.25820686e-06
low-pass,window,34.9295182,129,126,32,94,-5.7736253e-08,-3.90354115e-07
low-pass,window,34.9295182,129,127,32,95,1.49937844e-07,1.01372797e-06
low-pass,window,34.9295182,129,128,32,96,-5.69802882e-08,-3.85243046e-07
low-pass,window,64,129,0,64,-64,1.54432875e-06,9.49120485e-06
low-pass,window,64,129,1,64,-63,2.97640249e-06,1.82925078e-05
low-pass,window,64,129,2,64,-62,2.27593872e-06,1.39875662e-05
low-pass,window,64,129,3,64,-61,3.970698e-06,2.44032937e-05
low-pass,window,64,129,4,64,-60,3.29794767e-06,2.02686746e-05
low-pass,window,64,129,5,64,-59,5.32052888e-06,3.26991448e-05
low-pass,window,64,129,6,64,-58,4.71898406e-06,2.90021437e-05
low-pass,window,64,129,7,64,-57,7.15495891e-06,4.3973267e-05
low-pass,window,64,129,8,64,-56,6.68737424e-06,4.10995643e-05
low-pass,window,64,129,9,64,-55,9.64976996e-06,5.93059886e-05
low-pass,window,64,129,10,64,-54,9.40551069e-06,5.7804809e-05
low-pass,window,64,129,11,64,-53,1.30443175e-05,8.01683508e-05
low-pass,window,64,129,12,64,-52,1.31494179e-05,8.08142815e-05
low-pass,window,64,129,13,64,-51,1.76644826e-05,0.000108563169
low-pass,window,64,129,14,64,-50,1.82954132e-05,0.00011244077
low-pass,window,64,129,15,64,-49,2.39539525e-05,0.000147217275
low-pass,window,64,129,16,64,-48,2.53564697e-05,0.000155836928
low-pass,window,64,129,17,64,-47,3.25168979e-05,0.000199843808
low-pass,window,64,129,18,64,-46,3.5031869e-05,0.00021530043
low-pass,window,64,129,19,64,-45,4.41762822e-05,0.000271500574
low-pass,window,64,129,20,64,-44,4.82751084e-05,0.000296691324
low-pass,window,64,129,21,64,-43,6.00536691e-05,0.000369080531
low-pass,window,64,129,22,64,-42,6.63869475e-05,0.000408003876
low-pass,window,64,129,23,64,-41,8.16786919e-05,0.000501984565
low-pass,window,64,129,24,64,-40,9.11432064e-05,0.000560152002
low-pass,window,64,129,25,64,-39,0.00011113961,0.000683046792
low-pass,window,64,129,26,64,-38,0.000124970802,0.000768051153
low-pass,window,64,129,27,64,-37,0.000151291046,0.00092981129
low-pass,window,64,129,28,64,-36,0.000171191089,0.00105211386
low-pass,window,64,129,29,64,-35,0.000206041767,0.00126630073
low-pass,window,64,129,30,64,-34,0.000234357692,0.001440326
low-pass,window,64,129,31,64,-33,0.000280755252,0.00172547821
low-pass,window,64,129,32,64,-32,0.000320727986,0.00197114443
low-pass,window,64,129,33,64,-31,0.000382810547,0.00235269421
low-pass,window,64,129,34,64,-30,0.000438925313,0.00269756686
low-pass,window,64,129,35,64,-29,0.000522393185,0.00321054744
low-pass,window,64,129,36,64,-28,0.000600876431,0.00369289329
low-pass,window,64,129,37,64,-27,0.000713620366,0.00438580002
low-pass,window,64,129,38,64,-26,0.000823151409,0.00505896081
low-pass,window,64,129,39,64,-25,0.000976159156,0.00599932268
low-pass,window,64,129,40,64,-24,0.00112890176,0.00693805504
low-pass,window,64,129,41,64,-23,0.00133758529,0.00822059164
low-pass,window,64,129,42,64,-22,0.00155070593,0.00953039802
low-pass,window,64,129,43,64,-21,0.00183688021,0.0112891807
low-pass,window,64,129,44,64,-20,0.00213482584,0.0131203083
low-pass,window,64,129,45,64,-19,0.00252972764,0.0155473135
low-pass,window,64,129,46,64,-18,0.0029477275,0.0181162757
low-pass,window,64,129,47,64,-17,0.00349675866,0.021490536
low-pass,window,64,129,48,64,-16,0.00408638014,0.0251142582
low-pass,window,64,129,49,64,-15,0.00485685057,0.0298494499
low-pass,window,64,129,50,64,-14,0.00569518375,0.0350017155
low-pass,window,64,129,51,64,-13,0.00678960364,0.0417278503
low-pass,window,64,129,52,64,-12,0.00799529514,0.0491378431
low-pass,window,64,129,53,64,-11,0.00957578667,0.0588512988
low-pass,window,64,129,54,64,-10,0.0113391724,0.0696887939
low-pass,window,64,129,55,64,-9,0.013676663,0.0840546486
low-pass,window,64,129,56,64,-8,0.0163225085,0.100315604
low-pass,window,64,129,57,64,-7,0.0199098957,0.122363129
low-pass,window,64,129,58,64,-6,0.0240489526,0.147801131
low-pass,window,64,129,59,64,-5,0.0299193193,0.183879493
low-pass,window,64,129,60,64,-4,0.0369099259,0.226842677
low-pass,window,64,129,61,64,-3,0.047897853,0.294372771
low-pass,window,64,129,62,64,-2,0.0619895508,0.380978159
low-pass,window,64,129,63,64,-1,0.0939703988,0.577527488
low-pass,window,64,129,64,64,0,0.162711561,1
low-pass,window,64,129,65,64,1,0.0939703988,0.577527488
low-pass,window,64,129,66,64,2,0.0619895508,0.380978159
low-pass,window,64,129,67,64,3,0.047897853,0.294372771
low-pass,window,64,129,68,64,4,0.0369099259,0.226842677
low-pass,window,64,129,69,64,5,0.0299193193,0.183879493
low-pass,window,64,129,70,64,6,0.0240489526,0.147801131
low-pass,window,64,129,71,64,7,0.0199098957,0.122363129
low-pass,window,64,129,72,64,8,0.0163225085,0.100315604
low-pass,window,64,129,73,64,9,0.013676663,0.0840546486
low-pass,window,64,129,74,64,10,0.0113391724,0.0696887939
low-pass,window,64,129,75,64,11,0.00957578667,0.0588512988
low-pass,window,64,129,76,64,12,0.00799529514,0.0491378431
low-pass,window,64,129,77,64,13,0.00678960364,0.0417278503
low-pass,window,64,129,78,64,14,0.00569518375,0.0350017155
low-pass,window,64,129,79,64,15,0.00485685057,0.0298494499
low-pass,window,64,129,80,64,16,0.00408638014,0.0251142582
low-pass,window,64,129,81,64,17,0.00349675866,0.021490536
low-pass,window,64,129,82,64,18,0.0029477275,0.0181162757
low-pass,window,64,129,83,64,19,0.00252972764,0.0155473135
low-pass,window,64,129,84,64,20,0.00213482584,0.0131203083
low-pass,window,64,129,85,64,21,0.00183688021,0.0112891807
low-pass,window,64,129,86,64,22,0.00155070593,0.00953039802
low-pass,window,64,129,87,64,23,0.00133758529,0.00822059164
low-pass,window,64,129,88,64,24,0.00112890176,0.00693805504
low-pass,window,64,129,89,64,25,0.000976159156,0.00599932268
low-pass,window,64,129,90,64,26,0.000823151409,0.00505896081
low-pass,window,64,129,91,64,27,0.000713620366,0.00438580002
low-pass,window,64,129,92,64,28,0.000600876431,0.00369289329
low-pass,window,64,129,93,64,29,0.000522393185,0.00321054744
low-pass,window,64,129,94,64,30,0.000438925313,0.00269756686
low-pass,window,64,129,95,64,31,0.000382810547,0.00235269421
low-pass,window,64,129,96,64,32,0.000320727986,0.00197114443
low-pass,window,64,129,97,64,33,0.000280755252,0.00172547821
low-pass,window,64,129,98,64,34,0.000234357692,0.001440326
low-pass,window,64,129,99,64,35,0.000206041767,0.00126630073
low-pass,window,64,129,100,64,36,0.000171191089,0.00105211386
low-pass,window,64,129,101,64,37,0.000151291046,0.00092981129
low-pass,window,64,129,102,64,38,0.000124970802,0.000768051153
low-pass,window,64,129,103,64,39,0.00011113961,0.000683046792
low-pass,window,64,129,104,64,40,9.11432064e-05,0.000560152002
low-pass,window,64,129,105,64,41,8.16786919e-05,0.000501984565
low-pass,window,64,129,106,64,42,6.63869475e-05,0.000408003876
low-pass,window,64,129,107,64,43,6.00536691e-05,0.000369080531
low-pass,window,64,129,108,64,44,4.82751084e-05,0.000296691324
low-pass,window,64,129,109,64,45,4.41762822e-05,0.000271500574
low-pass,window,64,129,110,64,46,3.5031869e-05,0.00021530043
low-pass,window,64,129,111,64,47,3.25168979e-05,0.000199843808
low-pass,window,64,129,112,64,48,2.53564697e-05,0.000155836928
low-pass,window,64,129,113,64,49,2.39539525e-05,0.000147217275
low-pass,window,64,129,114,64,50,1.82954132e-05,0.00011244077
low-pass,window,64,129,115,64,51,1.76644826e-05,0.000108563169
low-pass,window,64,129,116,64,52,1.31494179e-05,8.08142815e-05
low-pass,window,64,129,117,64,53,1.30443175e-05,8.01683508e-05
low-pass,window,64,129,118,64,54,9.40551069e-06,5.7804809e-05
low-pass,window,64,129,119,64,55,9.64976996e-06,5.93059886e-05
low-pass,window,64,129,120,64,56,6.68737424e-06,4.10995643e-05
low-pass,window,64,129,121,64,57,7.15495891e-06,4.3973267e-05
low-pass,window,64,129,122,64,58,4.71898406e-06,2.90021437e-05
low-pass,window,64,129,123,64,59,5.32052888e-06,3.26991448e-05
low-pass,window,64,129,124,64,60,3.29794767e-06,2.02686746e-05
low-pass,window,64,129,125,64,61,3.970698e-06,2.44032937e-05
low-pass,window,64,129,126,64,62,2.27593872e-06,1.39875662e-05
low-pass,window,64,129,127,64,63,2.97640249e-06,1.82925078e-05
low-pass,window,64,129,128,64,64,1.54432875e-06,9.49120485e-06
low-pass,window,93.0704818,129,0,96,-96,-5.69802882e-08,-3.85243046e-07
low-pass,window,93.0704818,129,1,96,-95,1.49937844e-07,1.01372797e-06
low-pass,window,93.0704818,129,2,96,-94,-5.77362532e-08,-3.90354116e-07
low-pass,window,93.0704818,129,3,96,-93,1.86098076e-07,1.25820686e-06
low-pass,window,93.0704818,129,4,96,-92,-5.42652161e-08,-3.66886476e-07
low-pass,window,93.0704818,129,5,96,-91,2.31590274e-07,1.56577907e-06
low-pass,window,93.0704818,129,6,96,-90,-4.43977856e-08,-3.00172896e-07
low-pass,window,93.0704818,129,7,96,-89,2.89354746e-07,1.95632397e-06
low-pass,window,93.0704818,129,8,96,-88,-2.51175391e-08,-1.69819381e-07
low-pass,window,93.0704818,129,9,96,-87,3.63363171e-07,2.45669405e-06
low-pass,window,93.0704818,129,10,96,-86,7.7479104e-09,5.23835294e-08
low-pass,window,93.0704818,129,11,96,-85,4.58983981e-07,3.10318519e-06
low-pass,window,93.0704818,129,12,96,-84,5.99451115e-08,4.0528818e-07
low-pass,window,93.0704818,129,13,96,-83,5.8347553e-07,3.94487107e-06
low-pass,window,93.0704818,129,14,96,-82,1.39360069e-07,9.42211754e-07
low-pass,window,93.0704818,129,15,96,-81,7.46651085e-07,5.04809904e-06
low-pass,window,93.0704818,129,16,96,-80,2.56781363e-07,1.73609572e-06
low-pass,window,93.0704818,129,17,96,-79,9.61774573e-07,6.50254636e-06
low-pass,window,93.0704818,129,18,96,-78,4.26929056e-07,2.88646223e-06
low-pass,window,93.0704818,129,19,96,-77,1.24676605e-06,8.42937033e-06
low-pass,window,93.0704818,129,20,96,-76,6.69840351e-07,4.52878259e-06
low-pass,window,93.0704818,129,21,96,-75,1.62582248e-06,1.09921663e-05
low-pass,window,93.0704818,129,22,96,-74,1.0127337e-06,6.84708039e-06
low-pass,window,93.0704818,129,23,96,-73,2.13159498e-06,1.44116882e-05
low-pass,window,93.0704818,129,24,96,-72,1.49251406e-06,1.00908697e-05
low-pass,window,93.0704818,129,25,96,-71,2.80811134e-06,1.89856072e-05
low-pass,window,93.0704818,129,26,96,-70,2.15913675e-06,1.45978977e-05
low-pass,window,93.0704818,129,27,96,-69,3.71469563e-06,2.51150126e-05
low-pass,window,93.0704818,129,28,96,-68,3.08012024e-06,2.08246561e-05
low-pass,window,93.0704818,129,29,96,-67,4.93122162e-06,3.33399303e-05
low-pass,window,93.0704818,129,30,96,-66,4.34659575e-06,2.93872818e-05
low-pass,window,93.0704818,129,31,96,-65,6.56514922e-06,4.43868952e-05
low-pass,window,93.0704818,129,32,96,-64,6.08141113e-06,4.11163478e-05
low-pass,window,93.0704818,129,33,96,-63,8.76094338e-06,5.92326332e-05
low-pass,window,93.0704818,129,34,96,-62,8.44998019e-06,5.71302148e-05
low-pass,window,93.0704818,129,35,96,-61,1.1712676e-05,7.91892618e-05
low-pass,window,93.0704818,129,36,96,-60,1.16747995e-05,7.89331793e-05
low-pass,window,93.0704818,129,37,96,-59,1.56808784e-05,0.000106018231
low-pass,window,93.0704818,129,38,96,-58,1.60548636e-05,0.000108546741
low-pass,window,93.0704818,129,39,96,-57,2.10150715e-05,0.000142082646
low-pass,window,93.0704818,129,40,96,-56,2.19916233e-05,0.000148685102
low-pass,window,93.0704818,129,41,96,-55,2.81838765e-05,0.000190550851
low-pass,window,93.0704818,129,42,96,-54,3.00236818e-05,0.000202989753
low-pass,window,93.0704818,129,43,96,-53,3.7815253e-05,0.000255668473
low-pass,window,93.0704818,129,44,96,-52,4.08731657e-05,0.000276342984
low-pass,window,93.0704818,129,45,96,-51,5.07502674e-05,0.00034312195
low-pass,window,93.0704818,129,46,96,-50,5.55076994e-05,0.00037528689
low-pass,window,93.0704818,129,47,96,-49,6.81149496e-05,0.000460524358
low-pass,window,93.0704818,129,48,96,-48,7.52232439e-05,0.000508583451
low-pass,window,93.0704818,129,49,96,-47,9.14163496e-05,0.000618064844
low-pass,window,93.0704818,129,50,96,-46,0.000101754865,0.000687963422
low-pass,window,93.0704818,129,51,96,-45,0.000122671001,0.000829377168
low-pass,window,93.0704818,129,52,96,-44,0.000137424921,0.000929128242
low-pass,window,93.0704818,129,53,96,-43,0.000164576844,0.00111270207
low-pass,window,93.0704818,129,54,96,-42,0.000185341469,0.00125309145
low-pass,window,93.0704818,129,55,96,-41,0.00022074352,0.00149244429
low-pass,window,93.0704818,129,56,96,-40,0.000249664187,0.00168797658
low-pass,window,93.0704818,129,57,96,-39,0.000296001255,0.00200126094
low-pass,window,93.0704818,129,58,96,-38,0.000335961284,0.00227143022
low-pass,window,93.0704818,129,59,96,-37,0.000396815818,0.00268286699
low-pass,window,93.0704818,129,60,96,-36,0.000451689409,0.00305386668
low-pass,window,93.0704818,129,61,96,-35,0.000531847161,0.00359581228
low-pass,window,93.0704818,129,62,96,-34,0.00060684045,0.00410284101
low-pass,window,93.0704818,129,63,96,-33,0.000712703533,0.00481858005
low-pass,window,93.0704818,129,64,96,-32,0.000814815875,0.00550896037
low-pass,window,93.0704818,129,65,96,-31,0.000954962946,0.00645649304
low-pass,window,93.0704818,129,66,96,-30,0.00109361314,0.00739390534
low-pass,window,93.0704818,129,67,96,-29,0.00127956285,0.00865110912
low-pass,window,93.0704818,129,68,96,-28,0.00146744339,0.00992136717
low-pass,window,93.0704818,129,69,96,-27,0.00171470134,0.0115930752
low-pass,window,93.0704818,129,70,96,-26,0.00196895088,0.0133120533
low-pass,window,93.0704818,129,71,96,-25,0.00229845684,0.0155398392
low-pass,window,93.0704818,129,72,96,-24,0.00264228242,0.0178644398
low-pass,window,93.0704818,129,73,96,-23,0.00308243158,0.020840283
low-pass,window,93.0704818,129,74,96,-22,0.00354737636,0.023983769
low-pass,window,93.0704818,129,75,96,-21,0.00413688065,0.0279694005
low-pass,window,93.0704818,129,76,96,-20,0.00476603784,0.0322231247
low-pass,window,93.0704818,129,77,96,-19,0.00555804933,0.037577905
low-pass,window,93.0704818,129,78,96,-18,0.00641070044,0.0433426689
low-pass,window,93.0704818,129,79,96,-17,0.00747889766,0.0505647375
low-pass,window,93.0704818,129,80,96,-16,0.00863737217,0.0583971698
low-pass,window,93.0704818,129,81,96,-15,0.0100852414,0.0681861964
low-pass,window,93.0704818,129,82,96,-14,0.0116654075,0.0788696805
low-pass,window,93.0704818,129,83,96,-13,0.013641049,0.0922269686
low-pass,window,93.0704818,129,84,96,-12,0.015809121,0.106885278
low-pass,window,93.0704818,129,85,96,-11,0.0185304118,0.125283892
low-pass,window,93.0704818,129,86,96,-10,0.0215317061,0.145575607
low-pass,window,93.0704818,129,87,96,-9,0.0253331176,0.171276904
low-pass,window,93.0704818,129,88,96,-8,0.0295461253,0.199760999
low-pass,window,93.0704818,129,89,96,-7,0.0349781827,0.236487074
low-pass,window,93.0704818,129,90,96,-6,0.0410314625,0.277413226
low-pass,window,93.0704818,129,91,96,-5,0.049119543,0.332096642
low-pass,window,93.0704818,129,92,96,-4,0.05820514,0.393524254
low-pass,window,93.0704818,129,93,96,-3,0.0713968325,0.482713129
low-pass,window,93.0704818,129,94,96,-2,0.0864843227,0.584719469
low-pass,window,93.0704818,129,95,96,-1,0.116091042,0.784890141
low-pass,window,93.0704818,129,96,96,0,0.147907376,1
low-pass,window,93.0704818,129,97,96,1,0.0518434334,0.350512832
low-pass,window,93.0704818,129,98,96,2,0.0299979215,0.202815588
low-pass,window,93.0704818,129,99,96,3,0.0218830752,0.147951209
low-pass,window,93.0704818,129,100,96,4,0.015948965,0.107830761
low-pass,window,93.0704818,129,101,96,5,0.0124846254,0.0844084025
low-pass,window,93.0704818,129,102,96,6,0.00966052527,0.0653146956
low-pass,window,93.0704818,129,103,96,7,0.00779712458,0.0527162659
low-pass,window,93.0704818,129,104,96,8,0.00620368424,0.0419430348
low-pass,window,93.0704818,129,105,96,9,0.00509550068,0.034450619
low-pass,window,93.0704818,129,106,96,10,0.00411886482,0.0278475957
low-pass,window,93.0704818,129,107,96,11,0.00342236033,0.0231385372
low-pass,window,93.0704818,129,108,96,12,0.00279389369,0.0188894818
low-pass,window,93.0704818,129,109,96,13,0.00234090618,0.0158268387
low-pass,window,93.0704818,129,110,96,14,0.00192333386,0.0130036372
low-pass,window,93.0704818,129,111,96,15,0.00162200058,0.0109663265
low-pass,window,93.0704818,129,112,96,16,0.00133819017,0.00904748773
low-pass,window,93.0704818,129,113,96,17,0.00113463564,0.00767125798
low-pass,window,93.0704818,129,114,96,18,0.000938427627,0.00634469794
low-pass,window,93.0704818,129,115,96,19,0.000799475204,0.00540524227
low-pass,window,93.0704818,129,116,96,20,0.000661996774,0.00447575226
low-pass,window,93.0704818,129,117,96,21,0.000566489688,0.00383002999
low-pass,window,93.0704818,129,118,96,22,0.000469088496,0.0031715017
low-pass,window,93.0704818,129,119,96,23,0.000403182506,0.00272591209
low-pass,window,93.0704818,129,120,96,24,0.000333512422,0.00225487349
low-pass,window,93.0704818,129,121,96,25,0.000287970267,0.00194696352
low-pass,window,93.0704818,129,122,96,26,0.000237704503,0.0016071173
low-pass,window,93.0704818,129,123,96,27,0.000206270163,0.0013945901
low-pass,window,93.0704818,129,124,96,28,0.000169708986,0.00114740042
low-pass,window,93.0704818,129,125,96,29,0.000148096314,0.0010012774
low-pass,window,93.0704818,129,126,96,30,0.000121291467,0.000820050154
low-pass,window,93.0704818,129,127,96,31,0.000106537491,0.000720298697
low-pass,window,93.0704818,129,128,96,32,8.6727162e-05,0.000586361303
low-pass,window,122.140964,129,0,127,-127,1.26492627e-09,1.11779696e-08
low-pass,window,122.140964,129,1,127,-126,7.63693871e-11,6.74865172e-10
low-pass,window,122.140964,129,2,127,-125,1.54130449e-09,1.36202838e-08
low-pass,window,122.140964,129,3,127,-124,6.4700722e-10,5.71750875e-09
low-pass,window,122.140964,129,4,127,-123,1.3464828e-09,1.18986728e-08
low-pass,window,122.140964,129,5,127,-122,2.00275198e-09,1.76980281e-08
low-pass,window,122.140964,129,6,127,-121,6.13885038e-10,5.42481285e-09
low-pass,window,122.140964,129,7,127,-120,4.27266077e-09,3.77568821e-08
low-pass,window,122.140964,129,8,127,-119,-6.68403719e-10,-5.9065865e-09
low-pass,window,122.140964,129,9,127,-118,7.60294104e-09,6.71860848e-08
low-pass,window,122.140964,129,10,127,-117,-2.4887779e-09,-2.19929686e-08
low-pass,window,122.140964,129,11,127,-116,1.21709297e-08,1.07552737e-07
low-pass,window,122.140964,129,12,127,-115,-4.80663393e-09,-4.24755254e-08
low-pass,window,122.140964,129,13,127,-114,1.81973784e-08,1.60807588e-07
low-pass,window,122.140964,129,14,127,-113,-7.54142348e-09,-6.66424631e-08
low-pass,window,122.140964,129,15,127,-112,2.59617539e-08,2.29420245e-07
low-pass,window,122.140964,129,16,127,-111,-1.05568579e-08,-9.32894184e-08
low-pass,window,122.140964,129,17,127,-110,3.5822506e-08,3.16558279e-07
low-pass,window,122.140964,129,18,127,-109,-1.36390486e-08,-1.2052629e-07
low-pass,window,122.140964,129,19,127,-108,4.82442752e-08,4.26327647e-07
low-pass,window,122.140964,129,20,127,-107,-1.64666008e-08,-1.45512958e-07
low-pass,window,122.140964,129,21,127,-106,6.38345252e-08,5.6409642e-07
low-pass,window,122.140964,129,22,127,-105,-1.85698994e-08,-1.64099502e-07
low-pass,window,122.140964,129,23,127,-104,8.33928843e-08,7.36930796e-07
low-pass,window,122.140964,129,24,127,-103,-1.92758651e-08,-1.70338018e-07
low-pass,window,122.140964,129,25,127,-102,1.07977569e-07,9.54182077e-07
low-pass,window,122.140964,129,26,127,-101,-1.76331759e-08,-1.55821813e-07
low-pass,window,122.140964,129,27,127,-100,1.38994719e-07,1.22827613e-06
low-pass,window,122.140964,129,28,127,-99,-1.23112674e-08,-1.0879288e-07
low-pass,window,122.140964,129,29,127,-98,1.78318444e-07,1.57577417e-06
low-pass,window,122.140964,129,30,127,-97,-1.46417773e-09,-1.29387257e-08
low-pass,window,122.140964,129,31,127,-96,2.28451929e-07,2.01879649e-06
low-pass,window,122.140964,129,32,127,-95,1.74526683e-08,1.54226693e-07
low-pass,window,122.140964,129,33,127,-94,2.92743437e-07,2.5869312e-06
low-pass,window,122.140964,129,34,127,-93,4.79285896e-08,4.2353798e-07
low-pass,window,122.140964,129,35,127,-92,3.75675556e-07,3.31979028e-06
low-pass,window,122.140964,129,36,127,-91,9.47277778e-08,8.37095603e-07
low-pass,window,122.140964,129,37,127,-90,4.83252093e-07,4.2704285e-06
low-pass,window,122.140964,129,38,127,-89,1.64331413e-07,1.45217281e-06
low-pass,window,122.140964,129,39,127,-88,6.23514971e-07,5.50991116e-06
low-pass,window,122.140964,129,40,127,-87,2.65528915e-07,2.34644042e-06
low-pass,window,122.140964,129,41,127,-86,8.07234035e-07,7.13340983e-06
low-pass,window,122.140964,129,42,127,-85,4.10207528e-07,3.6249443e-06
low-pass,window,122.140964,129,43,127,-84,1.04882655e-06,9.26832772e-06
low-pass,window,122.140964,129,44,127,-83,6.14405361e-07,5.42941087e-06
low-pass,window,122.140964,129,45,127,-82,1.36758144e-06,1.20851184e-05
low-pass,window,122.140964,129,46,127,-81,8.99713982e-07,7.95064168e-06
low-pass,window,122.140964,129,47,127,-80,1.78928758e-06,1.58116743e-05
low-pass,window,122.140964,129,48,127,-79,1.29514424e-06,1.14450014e-05
low-pass,window,122.140964,129,49,127,-78,2.34839688e-06,2.07524418e-05
low-pass,window,122.140964,129,50,127,-77,1.83960531e-06,1.62563248e-05
low-pass,window,122.140964,129,51,127,-76,3.09089481e-06,2.73137882e-05
low-pass,window,122.140964,129,52,127,-75,2.58519452e-06,2.28449882e-05
low-pass,window,122.140964,129,53,127,-74,4.07810566e-06,3.60376269e-05
low-pass,window,122.140964,129,54,127,-73,3.60155816e-06,3.1826446e-05
low-pass,window,122.140964,129,55,127,-72,5.39173123e-06,4.76459452e-05
low-pass,window,122.140964,129,56,127,-71,4.98166529e-06,4.4022252e-05
low-pass,window,122.140964,129,57,127,-70,7.14051611e-06,6.30997029e-05
low-pass,window,122.140964,129,58,127,-69,6.84944391e-06,6.05275402e-05
low-pass,window,122.140964,129,59,127,-68,9.46905499e-06,8.36766625e-05
low-pass,window,122.140964,129,60,127,-67,9.36986922e-06,8.28001722e-05
low-pass,window,122.140964,129,61,127,-66,1.25694187e-05,0.000111074126
low-pass,window,122.140964,129,62,127,-65,1.2762277e-05,0.000112778386
low-pass,window,122.140964,129,63,127,-64,1.66964853e-05,0.000147544413
low-pass,window,122.140964,129,64,127,-63,1.73179146e-05,0.000153035894
low-pass,window,122.140964,129,65,127,-62,2.21881361e-05,0.000196073333
low-pass,window,122.140964,129,66,127,-61,2.34230548e-05,0.00020698613
low-pass,window,122.140964,129,67,127,-60,2.94918348e-05,0.000260615057
low-pass,window,122.140964,129,68,127,-59,3.15894029e-05,0.000279150961
low-pass,window,122.140964,129,69,127,-58,3.91995712e-05,0.000346400912
low-pass,window,122.140964,129,70,127,-57,4.24940604e-05,0.000375513835
low-pass,window,122.140964,129,71,127,-56,5.20937571e-05,0.000460344959
low-pass,window,122.140964,129,72,127,-55,5.70319935e-05,0.000503983437
low-pass,window,122.140964,129,73,127,-54,6.92074493e-05,0.000611576169
low-pass,window,122.140964,129,74,127,-53,7.6384852e-05,0.000675001834
low-pass,window,122.140964,129,75,127,-52,9.1903294e-05,0.00081213605
low-pass,window,122.140964,129,76,127,-51,0.000102111145,0.000902341348
low-pass,window,122.140964,129,77,127,-50,0.000121976914,0.00107789226
low-pass,window,122.140964,129,78,127,-49,0.000136264287,0.0012041477
low-pass,window,122.140964,129,79,127,-48,0.00016179218,0.00142973398
low-pass,window,122.140964,129,80,127,-47,0.000181546973,0.00160430421
low-pass,window,122.140964,129,81,127,-46,0.000214458022,0.00189513437
low-pass,window,122.140964,129,82,127,-45,0.000241512876,0.00213421418
low-pass,window,122.140964,129,83,127,-44,0.000284059335,0.00251019105
low-pass,window,122.140964,129,84,127,-43,0.000320829913,0.0028351273
low-pass,window,122.140964,129,85,127,-42,0.000375958232,0.00332228825
low-pass,window,122.140964,129,86,127,-41,0.000425623547,0.00376117341
low-pass,window,122.140964,129,87,127,-40,0.000497186715,0.00439356672
low-pass,window,122.140964,129,88,127,-39,0.000563924028,0.00498331467
low-pass,window,122.140964,129,89,127,-38,0.000656958033,0.00580544264
low-pass,window,122.140964,129,90,127,-37,0.000746248484,0.00659448938
low-pass,window,122.140964,129,91,127,-36,0.000867331989,0.00766448671
low-pass,window,122.140964,129,92,127,-35,0.000986357786,0.00871630037
low-pass,window,122.140964,129,93,127,-34,0.00114407973,0.0101100663
low-pass,window,122.140964,129,94,127,-33,0.00130223972,0.0115077031
low-pass,window,122.140964,129,95,127,-32,0.00150780687,0.0133242701
low-pass,window,122.140964,129,96,127,-31,0.00171738492,0.0151762809
low-pass,window,122.140964,129,97,127,-30,0.00198541066,0.0175447854
low-pass,window,122.140964,129,98,127,-29,0.00226244096,0.0199928619
low-pass,window,122.140964,129,99,127,-28,0.00261196915,0.0230815917
low-pass,window,122.140964,129,100,127,-27,0.00297735482,0.0263104517
low-pass,window,122.140964,129,101,127,-26,0.00343318796,0.0303385829
low-pass,window,122.140964,129,102,127,-25,0.00391414459,0.0345887268
low-pass,window,122.140964,129,103,127,-24,0.0045085669,0.0398415503
low-pass,window,122.140964,129,104,127,-23,0.00514048181,0.0454256905
low-pass,window,122.140964,129,105,127,-22,0.00591549489,0.0522743685
low-pass,window,122.140964,129,106,127,-21,0.00674431557,0.0595985364
low-pass,window,122.140964,129,107,127,-20,0.00775454188,0.0685257594
low-pass,window,122.140964,129,108,127,-19,0.00883983386,0.0781163269
low-pass,window,122.140964,129,109,127,-18,0.0101562941,0.0897496949
low-pass,window,122.140964,129,110,127,-17,0.0115751363,0.102287797
low-pass,window,122.140964,129,111,127,-16,0.013290182,0.117443407
low-pass,window,122.140964,129,112,127,-15,0.0151420892,0.133808441
low-pass,window,122.140964,129,113,127,-14,0.0173758874,0.153548191
low-pass,window,122.140964,129,114,127,-13,0.0197889418,0.174872002
low-pass,window,122.140964,129,115,127,-12,0.022698116,0.200579951
low-pass,window,122.140964,129,116,127,-11,0.0258363859,0.228312386
low-pass,window,122.140964,129,117,127,-10,0.0296258406,0.261799247
low-pass,window,122.140964,129,118,127,-9,0.0336977369,0.297782002
low-pass,window,122.140964,129,119,127,-8,0.0386377744,0.341436396
low-pass,window,122.140964,129,120,127,-7,0.0439034223,0.387968161
low-pass,window,122.140964,129,121,127,-6,0.0503577167,0.445003823
low-pass,window,122.140964,129,122,127,-5,0.0571269343,0.504822414
low-pass,window,122.140964,129,123,127,-4,0.0656116777,0.579800859
low-pass,window,122.140964,129,124,127,-3,0.0741896529,0.655603178
low-pass,window,122.140964,129,125,127,-2,0.0855784999,0.756244763
low-pass,window,122.140964,129,126,127,-1,0.0958108778,0.8466668
low-pass,window,122.140964,129,127,127,0,0.113162436,1
low-pass,window,122.140964,129,128,127,1,0.107124467,0.946643346
parametric-eq,sub-minimum,3.10525395,129,0,0,0,1.05138369,1
parametric-eq,sub-minimum,3.10525395,129,1,0,1,0.0919536156,0.0874596181
parametric-eq,sub-minimum,3.10525395,129,2,0,2,0.0706114796,0.0671605243
parametric-eq,sub-minimum,3.10525395,129,3,0,3,0.0403655852,0.0383928206
parametric-eq,sub-minimum,3.10525395,129,4,0,4,0.00610992616,0.00581131916
parametric-eq,sub-minimum,3.10525395,129,5,0,5,-0.0272213653,-0.0258909908
parametric-eq,sub-minimum,3.10525395,129,6,0,6,-0.0551719669,-0.0524755783
parametric-eq,sub-minimum,3.10525395,129,7,0,7,-0.0741247761,-0.0705021174
parametric-eq,sub-minimum,3.10525395,129,8,0,8,-0.0816001699,-0.0776121705
parametric-eq,sub-minimum,3.10525395,129,9,0,9,-0.0765541328,-0.0728127456
parametric-eq,sub-minimum,3.10525395,129,10,0,10,-0.0596528717,-0.0567374903
parametric-eq,sub-minimum,3.10525395,129,11,0,11,-0.0334099871,-0.0317771595
parametric-eq,sub-minimum,3.10525395,129,12,0,12,-0.00203312381,-0.00193376009
parametric-eq,sub-minimum,3.10525395,129,13,0,13,0.0291279259,0.0277043731
parametric-eq,sub-minimum,3.10525395,129,14,0,14,0.054516783,0.0518524149
parametric-eq,sub-minimum,3.10525395,129,15,0,15,0.069519083,0.0661215158
parametric-eq,sub-minimum,3.10525395,129,16,0,16,0.0715307493,0.0680348671
parametric-eq,sub-minimum,3.10525395,129,17,0,17,0.0606217737,0.0576590397
parametric-eq,sub-minimum,3.10525395,129,18,0,18,0.039558279,0.0376249694
parametric-eq,sub-minimum,3.10525395,129,19,0,19,0.0131297709,0.012488087
parametric-eq,sub-minimum,3.10525395,129,20,0,20,-0.0130517668,-0.0124138951
parametric-eq,sub-minimum,3.10525395,129,21,0,21,-0.033938613,-0.0322799502
parametric-eq,sub-minimum,3.10525395,129,22,0,22,-0.0462129184,-0.0439543804
parametric-eq,sub-minimum,3.10525395,129,23,0,23,-0.0488977024,-0.0465079524
parametric-eq,sub-minimum,3.10525395,129,24,0,24,-0.0432670379,-0.0411524722
parametric-eq,sub-minimum,3.10525395,129,25,0,25,-0.0321428245,-0.0305719263
parametric-eq,sub-minimum,3.10525395,129,26,0,26,-0.0188605388,-0.0179387783
parametric-eq,sub-minimum,3.10525395,129,27,0,27,-0.00627293671,-0.00596636299
parametric-eq,sub-minimum,3.10525395,129,28,0,28,0.0038889059,0.00369884559
parametric-eq,sub-minimum,3.10525395,129,29,0,29,0.0111391582,0.0105947604
parametric-eq,sub-minimum,3.10525395,129,30,0,30,0.0158940471,0.0151172663
parametric-eq,sub-minimum,3.10525395,129,31,0,31,0.0188811625,0.017958394
parametric-eq,sub-minimum,3.10525395,129,32,0,32,0.0205907636,0.0195844427
parametric-eq,sub-minimum,3.10525395,129,33,0,33,0.0210065276,0.0199798874
parametric-eq,sub-minimum,3.10525395,129,34,0,34,0.01970666,0.0187435475
parametric-eq,sub-minimum,3.10525395,129,35,0,35,0.0162505413,0.0154563377
parametric-eq,sub-minimum,3.10525395,129,36,0,36,0.0106361874,0.010116371
parametric-eq,sub-minimum,3.10525395,129,37,0,37,0.00358367219,0.00340852939
parametric-eq,sub-minimum,3.10525395,129,38,0,38,-0.00351984428,-0.00334782091
parametric-eq,sub-minimum,3.10525395,129,39,0,39,-0.00902281925,-0.00858185206
parametric-eq,sub-minimum,3.10525395,129,40,0,40,-0.011607071,-0.0110398051
parametric-eq,sub-minimum,3.10525395,129,41,0,41,-0.0108292573,-0.0103000051
parametric-eq,sub-minimum,3.10525395,129,42,0,42,-0.00736335156,-0.00700348661
parametric-eq,sub-minimum,3.10525395,129,43,0,43,-0.00281578238,-0.00267816822
parametric-eq,sub-minimum,3.10525395,129,44,0,44,0.000841029207,0.000799926058
parametric-eq,sub-minimum,3.10525395,129,45,0,45,0.00200930193,0.00191110244
parametric-eq,sub-minimum,3.10525395,129,46,0,46,9.20388958e-05,8.75407304e-05
parametric-eq,sub-minimum,3.10525395,129,47,0,47,-0.0042489124,-0.00404125769
parametric-eq,sub-minimum,3.10525395,129,48,0,48,-0.00931684112,-0.00886150437
parametric-eq,sub-minimum,3.10525395,129,49,0,49,-0.013010875,-0.0123750018
parametric-eq,sub-minimum,3.10525395,129,50,0,50,-0.0136252456,-0.0129593466
parametric-eq,sub-minimum,3.10525395,129,51,0,51,-0.0105088266,-0.00999523459
parametric-eq,sub-minimum,3.10525395,129,52,0,52,-0.00432852875,-0.00411698299
parametric-eq,sub-minimum,3.10525395,129,53,0,53,0.00316582438,0.00301110282
parametric-eq,sub-minimum,3.10525395,129,54,0,54,0.0097825277,0.00930443171
parametric-eq,sub-minimum,3.10525395,129,55,0,55,0.0136842901,0.0130155054
parametric-eq,sub-minimum,3.10525395,129,56,0,56,0.0140311725,0.0133454348
parametric-eq,sub-minimum,3.10525395,129,57,0,57,0.0112263414,0.0106776827
parametric-eq,sub-minimum,3.10525395,129,58,0,58,0.00668158904,0.00635504348
parametric-eq,sub-minimum,3.10525395,129,59,0,59,0.00221099917,0.00210294225
parametric-eq,sub-minimum,3.10525395,129,60,0,60,-0.000694057988,-0.000660137681
parametric-eq,sub-minimum,3.10525395,129,61,0,61,-0.00141505153,-0.00134589451
parametric-eq,sub-minimum,3.10525395,129,62,0,62,-0.000367033497,-0.000349095675
parametric-eq,sub-minimum,3.10525395,129,63,0,63,0.00127973929,0.00121719531
parametric-eq,sub-minimum,3.10525395,129,64,0,64,0.00218491824,0.00207813595
parametric-eq,sub-minimum,3.10525395,129,65,0,65,0.00147291436,0.00140092944
parametric-eq,sub-minimum,3.10525395,129,66,0,66,-0.000855871784,-0.000814043242
parametric-eq,sub-minimum,3.10525395,129,67,0,67,-0.00391303296,-0.00372179349
parametric-eq,sub-minimum,3.10525395,129,68,0,68,-0.00631423209,-0.00600564016
parametric-eq,sub-minimum,3.10525395,129,69,0,69,-0.00680779563,-0.00647508205
parametric-eq,sub-minimum,3.10525395,129,70,0,70,-0.00486984378,-0.00463184263
parametric-eq,sub-minimum,3.10525395,129,71,0,71,-0.00100646289,-0.000957274596
parametric-eq,sub-minimum,3.10525395,129,72,0,72,0.0033770312,0.00321198745
parametric-eq,sub-minimum,3.10525395,129,73,0,73,0.00650005821,0.00618238451
parametric-eq,sub-minimum,3.10525395,129,74,0,74,0.00691860462,0.00658047553
parametric-eq,sub-minimum,3.10525395,129,75,0,75,0.00413651839,0.00393435665
parametric-eq,sub-minimum,3.10525395,129,76,0,76,-0.00113747549,-0.00108188429
parametric-eq,sub-minimum,3.10525395,129,77,0,77,-0.00720152248,-0.00684956651
parametric-eq,sub-minimum,3.10525395,129,78,0,78,-0.0119678584,-0.01138296
parametric-eq,sub-minimum,3.10525395,129,79,0,79,-0.0137321635,-0.0130610391
parametric-eq,sub-minimum,3.10525395,129,80,0,80,-0.0118046659,-0.0112277431
parametric-eq,sub-minimum,3.10525395,129,81,0,81,-0.00675619097,-0.00642599944
parametric-eq,sub-minimum,3.10525395,129,82,0,82,-0.000185146808,-0.000176098232
parametric-eq,sub-minimum,3.10525395,129,83,0,83,0.00589826899,0.0056100062
parametric-eq,sub-minimum,3.10525395,129,84,0,84,0.00982354637,0.0093434457
parametric-eq,sub-minimum,3.10525395,129,85,0,85,0.0108493875,0.0103191515
parametric-eq,sub-minimum,3.10525395,129,86,0,86,0.00936331238,0.00890570446
parametric-eq,sub-minimum,3.10525395,129,87,0,87,0.00662425446,0.00630051098
parametric-eq,sub-minimum,3.10525395,129,88,0,88,0.00416715184,0.00396349297
parametric-eq,sub-minimum,3.10525395,129,89,0,89,0.00312391092,0.00297123778
parametric-eq,sub-minimum,3.10525395,129,90,0,90,0.00374489392,0.00356187182
parametric-eq,sub-minimum,3.10525395,129,91,0,91,0.00531781987,0.00505792504
parametric-eq,sub-minimum,3.10525395,129,92,0,92,0.00651321829,0.00619490142
parametric-eq,sub-minimum,3.10525395,129,93,0,93,0.00600676205,0.00571319694
parametric-eq,sub-minimum,3.10525395,129,94,0,94,0.00311269814,0.00296057299
parametric-eq,sub-minimum,3.10525395,129,95,0,95,-0.00184297329,-0.00175290269
parametric-eq,sub-minimum,3.10525395,129,96,0,96,-0.00757366307,-0.00720351968
parametric-eq,sub-minimum,3.10525395,129,97,0,97,-0.012295864,-0.0116949352
parametric-eq,sub-minimum,3.10525395,129,98,0,98,-0.0144213629,-0.0137165557
parametric-eq,sub-minimum,3.10525395,129,99,0,99,-0.0131967134,-0.0125517579
parametric-eq,sub-minimum,3.10525395,129,100,0,100,-0.00902658641,-0.00858543511
parametric-eq,sub-minimum,3.10525395,129,101,0,101,-0.00334389411,-0.00318046985
parametric-eq,sub-minimum,3.10525395,129,102,0,102,0.00192708223,0.00183290102
parametric-eq,sub-minimum,3.10525395,129,103,0,103,0.00510278208,0.00485339667
parametric-eq,sub-minimum,3.10525395,129,104,0,104,0.00537584517,0.0051131145
parametric-eq,sub-minimum,3.10525395,129,105,0,105,0.00310048907,0.00294896061
parametric-eq,sub-minimum,3.10525395,129,106,0,106,-0.000384445325,-0.000365656544
parametric-eq,sub-minimum,3.10525395,129,107,0,107,-0.00332029936,-0.00315802823
parametric-eq,sub-minimum,3.10525395,129,108,0,108,-0.00425064365,-0.00404290433
parametric-eq,sub-minimum,3.10525395,129,109,0,109,-0.00260790902,-0.00248045414
parametric-eq,sub-minimum,3.10525395,129,110,0,110,0.0010709781,0.00101863679
parametric-eq,sub-minimum,3.10525395,129,111,0,111,0.00538294301,0.00511986546
parametric-eq,sub-minimum,3.10525395,129,112,0,112,0.00864852001,0.00822584574
parametric-eq,sub-minimum,3.10525395,129,113,0,113,0.00960778528,0.00913822938
parametric-eq,sub-minimum,3.10525395,129,114,0,114,0.00793560619,0.00754777376
parametric-eq,sub-minimum,3.10525395,129,115,0,115,0.00436542089,0.00415207213
parametric-eq,sub-minimum,3.10525395,129,116,0,116,0.000372983759,0.000354755133
parametric-eq,sub-minimum,3.10525395,129,117,0,117,-0.0024468936,-0.00232730794
parametric-eq,sub-minimum,3.10525395,129,118,0,118,-0.00305118347,-0.00290206469
parametric-eq,sub-minimum,3.10525395,129,119,0,119,-0.00138827076,-0.00132042258
parametric-eq,sub-minimum,3.10525395,129,120,0,120,0.00157693405,0.00149986544
parametric-eq,sub-minimum,3.10525395,129,121,0,121,0.00426465054,0.00405622666
parametric-eq,sub-minimum,3.10525395,129,122,0,122,0.00514459545,0.00489316652
parametric-eq,sub-minimum,3.10525395,129,123,0,123,0.00338988104,0.00322420929
parametric-eq,sub-minimum,3.10525395,129,124,0,124,-0.00074978012,-0.000713136537
parametric-eq,sub-minimum,3.10525395,129,125,0,125,-0.00601182874,-0.00571801601
parametric-eq,sub-minimum,3.10525395,129,126,0,126,-0.0105994614,-0.0100814398
parametric-eq,sub-minimum,3.10525395,129,127,0,127,-0.0128832018,-0.0122535683
parametric-eq,sub-minimum,3.10525395,129,128,0,128,-0.0120419223,-0.0114534042
parametric-eq,window,6.2105079,129,0,0,0,1.04257266,1
parametric-eq,window,6.2105079,129,1,0,1,0.0798987857,0.0766361795
parametric-eq,window,6.2105079,129,2,0,2,0.0630754972,0.0604998572
parametric-eq,window,6.2105079,129,3,0,3,0.0353841304,0.0339392464
parametric-eq,window,6.2105079,129,4,0,4,0.00124291665,0.0011921631
parametric-eq,window,6.2105079,129,5,0,5,-0.0337148925,-0.0323381705
parametric-eq,window,6.2105079,129,6,0,6,-0.0636336475,-0.0610352159
parametric-eq,window,6.2105079,129,7,0,7,-0.08347719,-0.0800684624
parametric-eq,window,6.2105079,129,8,0,8,-0.0899234388,-0.0862514835
parametric-eq,window,6.2105079,129,9,0,9,-0.0819446399,-0.0785984928
parametric-eq,window,6.2105079,129,10,0,10,-0.0609684514,-0.0584788511
parametric-eq,window,6.2105079,129,11,0,11,-0.0305966502,-0.0293472593
parametric-eq,window,6.2105079,129,12,0,12,0.0040576392,0.00389194858
parametric-eq,window,6.2105079,129,13,0,13,0.0372834964,0.0357610531
parametric-eq,window,6.2105079,129,14,0,14,0.0637635863,0.0611598488
parametric-eq,window,6.2105079,129,15,0,15,0.0794627577,0.0762179564
parametric-eq,window,6.2105079,129,16,0,16,0.0822599422,0.07890092
parametric-eq,window,6.2105079,129,17,0,17,0.0722234904,0.069274299
parametric-eq,window,6.2105079,129,18,0,18,0.0514995572,0.0493966119
parametric-eq,window,6.2105079,129,19,0,19,0.0238539716,0.0228799128
parametric-eq,window,6.2105079,129,20,0,20,-0.00603312664,-0.0057867685
parametric-eq,window,6.2105079,129,21,0,21,-0.0333837093,-0.0320205109
parametric-eq,window,6.2105079,129,22,0,22,-0.0541032677,-0.0518940019
parametric-eq,window,6.2105079,129,23,0,23,-0.0653978157,-0.0627273456
parametric-eq,window,6.2105079,129,24,0,24,-0.0661350811,-0.0634345054
parametric-eq,window,6.2105079,129,25,0,25,-0.056909138,-0.0545852966
parametric-eq,window,6.2105079,129,26,0,26,-0.039820999,-0.0381949387
parametric-eq,window,6.2105079,129,27,0,27,-0.0180340472,-0.0172976406
parametric-eq,window,6.2105079,129,28,0,28,0.00480464796,0.00460845381
parametric-eq,window,6.2105079,129,29,0,29,0.025172192,0.0241443046
parametric-eq,window,6.2105079,129,30,0,30,0.0402067994,0.0385649853
parametric-eq,window,6.2105079,129,31,0,31,0.0480945253,0.0461306219
parametric-eq,window,6.2105079,129,32,0,32,0.0482581935,0.0462876068
parametric-eq,window,6.2105079,129,33,0,33,0.0413371033,0.0396491341
parametric-eq,window,6.2105079,129,34,0,34,0.028980412,0.0277970189
parametric-eq,window,6.2105079,129,35,0,35,0.0135042147,0.0129527803
parametric-eq,window,6.2105079,129,36,0,36,-0.00252128004,-0.00241832549
parametric-eq,window,6.2105079,129,37,0,37,-0.0166838688,-0.0160025957
parametric-eq,window,6.2105079,129,38,0,38,-0.0270774521,-0.0259717649
parametric-eq,window,6.2105079,129,39,0,39,-0.0325391757,-0.0312104631
parametric-eq,window,6.2105079,129,40,0,40,-0.0327506,-0.0314132541
parametric-eq,window,6.2105079,129,41,0,41,-0.0282013323,-0.0270497523
parametric-eq,window,6.2105079,129,42,0,42,-0.0200347448,-0.0192166412
parametric-eq,window,6.2105079,129,43,0,43,-0.00981131704,-0.00941067937
parametric-eq,window,6.2105079,129,44,0,44,0.000766083505,0.000734801068
parametric-eq,window,6.2105079,129,45,0,45,0.0101195895,0.00970636373
parametric-eq,window,6.2105079,129,46,0,46,0.0170169449,0.0163220709
parametric-eq,window,6.2105079,129,47,0,47,0.020717186,0.0198712155
parametric-eq,window,6.2105079,129,48,0,48,0.0210275758,0.0201689308
parametric-eq,window,6.2105079,129,49,0,49,0.0182728473,0.0175266895
parametric-eq,window,6.2105079,129,50,0,50,0.0131908934,0.0126522533
parametric-eq,window,6.2105079,129,51,0,51,0.00677855444,0.00650175732
parametric-eq,window,6.2105079,129,52,0,52,0.000116041855,0.000111303374
parametric-eq,window,6.2105079,129,53,0,53,-0.00580142395,-0.00556452721
parametric-eq,window,6.2105079,129,54,0,54,-0.0102004607,-0.00978393267
parametric-eq,window,6.2105079,129,55,0,55,-0.0126180178,-0.0121027707
parametric-eq,window,6.2105079,129,56,0,56,-0.0129338336,-0.0124056903
parametric-eq,window,6.2105079,129,57,0,57,-0.0113484473,-0.0108850421
parametric-eq,window,6.2105079,129,58,0,58,-0.00831632637,-0.00797673551
parametric-eq,window,6.2105079,129,59,0,59,-0.00444928078,-0.00426759778
parametric-eq,window,6.2105079,129,60,0,60,-0.000408010867,-0.000391350053
parametric-eq,window,6.2105079,129,61,0,61,0.00320068876,0.00306999107
parametric-eq,window,6.2105079,129,62,0,62,0.00590646963,0.00566528343
parametric-eq,window,6.2105079,129,63,0,63,0.00742788425,0.00712457225
parametric-eq,window,6.2105079,129,64,0,64,0.00769060306,0.00737656313
parametric-eq,window,6.2105079,129,65,0,65,0.00681285703,0.00653465919
parametric-eq,window,6.2105079,129,66,0,66,0.00506428367,0.00485748749
parametric-eq,window,6.2105079,129,67,0,67,0.00280756308,0.00269291837
parametric-eq,window,6.2105079,129,68,0,68,0.000433635682,0.000415928498
parametric-eq,window,6.2105079,129,69,0,69,-0.00169909563,-0.00162971435
parametric-eq,window,6.2105079,129,70,0,70,-0.00331307612,-0.00317778918
parametric-eq,window,6.2105079,129,71,0,71,-0.00424185491,-0.00406864199
parametric-eq,window,6.2105079,129,72,0,72,-0.00444011511,-0.00425880638
parametric-eq,window,6.2105079,129,73,0,73,-0.0039745961,-0.00381229649
parametric-eq,window,6.2105079,129,74,0,74,-0.00299972404,-0.00287723259
parametric-eq,window,6.2105079,129,75,0,75,-0.00172354517,-0.00165316552
parametric-eq,window,6.2105079,129,76,0,76,-0.000370266901,-0.000355147334
parametric-eq,window,6.2105079,129,77,0,77,0.000854613532,0.000819716038
parametric-eq,window,6.2105079,129,78,0,78,0.00179178823,0.00171862192
parametric-eq,window,6.2105079,129,79,0,79,0.00234515818,0.00224939543
parametric-eq,window,6.2105079,129,80,0,80,0.00248728831,0.00238572178
parametric-eq,window,6.2105079,129,81,0,81,0.00225405738,0.00216201466
parametric-eq,window,6.2105079,129,82,0,82,0.00173076093,0.00166008662
parametric-eq,window,6.2105079,129,83,0,83,0.00103288413,0.000990707093
parametric-eq,window,6.2105079,129,84,0,84,0.00028510987,0.000273467625
parametric-eq,window,6.2105079,129,85,0,85,-0.000398103234,-0.000381846991
parametric-eq,window,6.2105079,129,86,0,86,-0.000927733197,-0.000889849917
parametric-eq,window,6.2105079,129,87,0,87,-0.00124954897,-0.00119852459
parametric-eq,window,6.2105079,129,88,0,88,-0.00134705605,-0.00129205004
parametric-eq,window,6.2105079,129,89,0,89,-0.00123850815,-0.00118793461
parametric-eq,window,6.2105079,129,90,0,90,-0.000969269342,-0.000929689966
parametric-eq,window,6.2105079,129,91,0,91,-0.000601314912,-0.000576760675
parametric-eq,window,6.2105079,129,92,0,92,-0.00020182521,-0.000193583831
parametric-eq,window,6.2105079,129,93,0,93,0.000167321392,0.00016048895
parametric-eq,window,6.2105079,129,94,0,94,0.000457745035,0.000439053364
parametric-eq,window,6.2105079,129,95,0,95,0.000639586052,0.000613469042
parametric-eq,window,6.2105079,129,96,0,96,0.000703082727,0.000674372878
parametric-eq,window,6.2105079,129,97,0,97,0.000656983827,0.000630156391
parametric-eq,window,6.2105079,129,98,0,98,0.000524500163,0.000503082597
parametric-eq,window,6.2105079,129,99,0,99,0.000337757291,0.000323965229
parametric-eq,window,6.2105079,129,100,0,100,0.000131788205,0.000126406734
parametric-eq,window,6.2105079,129,101,0,101,-6.09839125e-05,-5.84936808e-05
parametric-eq,window,6.2105079,129,102,0,102,-0.000215039069,-0.000206258112
parametric-eq,window,6.2105079,129,103,0,103,-0.000314388298,-0.00030155049
parametric-eq,window,6.2105079,129,104,0,104,-0.000353407373,-0.000338976252
parametric-eq,window,6.2105079,129,105,0,105,-0.000336031924,-0.000322310316
parametric-eq,window,6.2105079,129,106,0,106,-0.000273686744,-0.000262510954
parametric-eq,window,6.2105079,129,107,0,107,-0.000182450494,-0.000175000267
parametric-eq,window,6.2105079,129,108,0,108,-7.9991135e-05,-7.67247578e-05
parametric-eq,window,6.2105079,129,109,0,109,1.72430574e-05,1.65389502e-05
parametric-eq,window,6.2105079,129,110,0,110,9.62063818e-05,9.22778673e-05
parametric-eq,window,6.2105079,129,111,0,111,0.000148593103,0.000142525417
parametric-eq,window,6.2105079,129,112,0,112,0.000171269498,0.000164275839
parametric-eq,window,6.2105079,129,113,0,113,0.000165883595,0.000159109864
parametric-eq,window,6.2105079,129,114,0,114,0.000137843262,0.000132214537
parametric-eq,window,6.2105079,129,115,0,115,9.49152841e-05,9.10394906e-05
parametric-eq,window,6.2105079,129,116,0,116,4.57125598e-05,4.38459222e-05
parametric-eq,window,6.2105079,129,117,0,117,-1.6908562e-06,-1.62181137e-06
parametric-eq,window,6.2105079,129,118,0,118,-4.0835558e-05,-3.9168069e-05
parametric-eq,window,6.2105079,129,119,0,119,-6.75377257e-05,-6.4779874e-05
parametric-eq,window,6.2105079,129,120,0,120,-8.01081732e-05,-7.68370169e-05
parametric-eq,window,6.2105079,129,121,0,121,-7.91720297e-05,-7.59391e-05
parametric-eq,window,6.2105079,129,122,0,122,-6.71831422e-05,-6.44397697e-05
parametric-eq,window,6.2105079,129,123,0,123,-4.7756215e-05,-4.58061263e-05
parametric-eq,window,6.2105079,129,124,0,124,-2.49454937e-05,-2.39268634e-05
parametric-eq,window,6.2105079,129,125,0,125,-2.58454263e-06,-2.4790048e-06
parametric-eq,window,6.2105079,129,126,0,126,1.62271076e-05,1.5564486e-05
parametric-eq,window,6.2105079,129,127,0,127,2.94411591e-05,2.82389517e-05
parametric-eq,window,6.2105079,129,128,0,128,3.61697479e-05,3.46927838e-05
parametric-eq,window,35.1052539,129,0,32,-32,0.0085399548,0.00808422497
parametric-eq,window,35.1052539,129,1,32,-31,0.00872920196,0.00826337306
parametric-eq,window,35.1052539,129,2,32,-30,0.00750664472,0.0071060569
parametric-eq,window,35.1052539,129,3,32,-29,0.00484639162,0.00458776669
parametric-eq,window,35.1052539,129,4,32,-28,0.000968667976,0.000916975561
parametric-eq,window,35.1052539,129,5,32,-27,-0.00365849349,-0.00346326007
parametric-eq,window,35.1052539,129,6,32,-26,-0.00836273969,-0.00791646684
parametric-eq,window,35.1052539,129,7,32,-25,-0.0123555435,-0.011696197
parametric-eq,window,35.1052539,129,8,32,-24,-0.0148557625,-0.0140629932
parametric-eq,window,35.1052539,129,9,32,-23,-0.0152309493,-0.0144181583
parametric-eq,window,35.1052539,129,10,32,-22,-0.0131324311,-0.0124316264
parametric-eq,window,35.1052539,129,11,32,-21,-0.00859760739,-0.00813880096
parametric-eq,window,35.1052539,129,12,32,-20,-0.0020952452,-0.00198343364
parametric-eq,window,35.1052539,129,13,32,-19,0.00550288879,0.00520923026
parametric-eq,window,35.1052539,129,14,32,-18,0.0130286926,0.0123334238
parametric-eq,window,35.1052539,129,15,32,-17,0.0191926292,0.0181684254
parametric-eq,window,35.1052539,129,16,32,-16,0.0228021086,0.021585287
parametric-eq,window,35.1052539,129,17,32,-15,0.0229869516,0.021760266
parametric-eq,window,35.1052539,129,18,32,-14,0.0193897611,0.0183550375
parametric-eq,window,35.1052539,129,19,32,-13,0.0122810758,0.0116257031
parametric-eq,window,35.1052539,129,20,32,-12,0.00256956921,0.00243244561
parametric-eq,window,35.1052539,129,21,32,-11,-0.00830492035,-0.007861733
parametric-eq,window,35.1052539,129,22,32,-10,-0.0185859564,-0.0175941274
parametric-eq,window,35.1052539,129,23,32,-9,-0.0264911411,-0.0250774564
parametric-eq,window,35.1052539,129,24,32,-8,-0.0305297214,-0.0289005202
parametric-eq,window,35.1052539,129,25,32,-7,-0.0297889061,-0.028199238
parametric-eq,window,35.1052539,129,26,32,-6,-0.0241324795,-0.0228446635
parametric-eq,window,35.1052539,129,27,32,-5,-0.0142686094,-0.0135071732
parametric-eq,window,35.1052539,129,28,32,-4,-0.00166654899,-0.00157761455
parametric-eq,window,35.1052539,129,29,32,-3,0.0116698596,0.0110471042
parametric-eq,window,35.1052539,129,30,32,-2,0.0235358771,0.0222798984
parametric-eq,window,35.1052539,129,31,32,-1,0.0319085182,0.0302057383
parametric-eq,window,35.1052539,129,32,32,0,1.05637273,1
parametric-eq,window,35.1052539,129,33,32,1,0.0721977934,0.0683449992
parametric-eq,window,35.1052539,129,34,32,2,0.0556238712,0.052655535
parametric-eq,window,35.1052539,129,35,32,3,0.0299186131,0.0283220233
parametric-eq,window,35.1052539,129,36,32,4,-0.000695471948,-0.000658358483
parametric-eq,window,35.1052539,129,37,32,5,-0.0311501823,-0.0294878705
parametric-eq,window,35.1052539,129,38,32,6,-0.0564231364,-0.0534121479
parametric-eq,window,35.1052539,129,39,32,7,-0.072414793,-0.0685504188
parametric-eq,window,35.1052539,129,40,32,8,-0.0766490132,-0.0725586822
parametric-eq,window,35.1052539,129,41,32,9,-0.0686714539,-0.0650068408
parametric-eq,window,35.1052539,129,42,32,10,-0.0500799436,-0.0474074559
parametric-eq,window,35.1052539,129,43,32,11,-0.0241918497,-0.0229008654
parametric-eq,window,35.1052539,129,44,32,12,0.00457912068,0.00433475851
parametric-eq,window,35.1052539,129,45,32,13,0.0315133466,0.0298316548
parametric-eq,window,35.1052539,129,46,32,14,0.0523944189,0.0495984206
parametric-eq,window,35.1052539,129,47,32,15,0.0641924724,0.0607668776
parametric-eq,window,35.1052539,129,48,32,16,0.0655080238,0.0620122254
parametric-eq,window,35.1052539,129,49,32,17,0.0567125781,0.0536861437
parametric-eq,window,35.1052539,129,50,32,18,0.0397806196,0.0376577495
parametric-eq,window,35.1052539,129,51,32,19,0.01786277,0.0169095335
parametric-eq,window,35.1052539,129,52,32,20,-0.0053081482,-0.00502488189
parametric-eq,window,35.1052539,129,53,32,21,-0.0260643065,-0.0246733996
parametric-eq,window,35.1052539,129,54,32,22,-0.0413895412,-0.0391808119
parametric-eq,window,35.1052539,129,55,32,23,-0.0493518725,-0.0467182379
parametric-eq,window,35.1052539,129,56,32,24,-0.0493229391,-0.0466908485
parametric-eq,window,35.1052539,129,57,32,25,-0.0419670165,-0.0397274705
parametric-eq,window,35.1052539,129,58,32,26,-0.0290227336,-0.027473952
parametric-eq,window,35.1052539,129,59,32,27,-0.0129329544,-0.0122427947
parametric-eq,window,35.1052539,129,60,32,28,0.0036021699,0.00340994215
parametric-eq,window,35.1052539,129,61,32,29,0.0180691356,0.0171048865
parametric-eq,window,35.1052539,129,62,32,30,0.0285111642,0.0269896822
parametric-eq,window,35.1052539,129,63,32,31,0.0337732513,0.0319709609
parametric-eq,window,35.1052539,129,64,32,32,0.0335968087,0.0318039341
parametric-eq,window,35.1052539,129,65,32,33,0.0285654216,0.0270410441
parametric-eq,window,35.1052539,129,66,32,34,0.0199267086,0.0188633312
parametric-eq,window,35.1052539,129,67,32,35,0.00933193017,0.00883393703
parametric-eq,window,35.1052539,129,68,32,36,-0.00145698906,-0.00137923767
parametric-eq,window,35.1052539,129,69,32,37,-0.0108441525,-0.0102654605
parametric-eq,window,35.1052539,129,70,32,38,-0.0176195869,-0.0166793277
parametric-eq,window,35.1052539,129,71,32,39,-0.0210954642,-0.0199697168
parametric-eq,window,35.1052539,129,72,32,40,-0.0211478801,-0.0200193356
parametric-eq,window,35.1052539,129,73,32,41,-0.0181691676,-0.0171995803
parametric-eq,window,35.1052539,129,74,32,42,-0.0129487372,-0.0122577352
parametric-eq,window,35.1052539,129,75,32,43,-0.00650905932,-0.00616170708
parametric-eq,window,35.1052539,129,76,32,44,7.31121998e-05,6.92106089e-05
parametric-eq,window,35.1052539,129,77,32,45,0.00583169867,0.00552049339
parametric-eq,window,35.1052539,129,78,32,46,0.010039515,0.00950376198
parametric-eq,window,35.1052539,129,79,32,47,0.0122852206,0.0116296268
parametric-eq,window,35.1052539,129,80,32,48,0.0124939891,0.0118272545
parametric-eq,window,35.1052539,129,81,32,49,0.0108959364,0.010314481
parametric-eq,window,35.1052539,129,82,32,50,0.00795363357,0.00752919244
parametric-eq,window,35.1052539,129,83,32,51,0.00426468427,0.00403710183
parametric-eq,window,35.1052539,129,84,32,52,0.0004570068,0.000432618892
parametric-eq,window,35.1052539,129,85,32,53,-0.00290673618,-0.00275161986
parametric-eq,window,35.1052539,129,86,32,54,-0.0054026164,-0.00511430885
parametric-eq,window,35.1052539,129,87,32,55,-0.00678886335,-0.00642657952
parametric-eq,window,35.1052539,129,88,32,56,-0.00701678527,-0.00664233852
parametric-eq,window,35.1052539,129,89,32,57,-0.00621189606,-0.00588040176
parametric-eq,window,35.1052539,129,90,32,58,-0.00463202393,-0.00438483861
parametric-eq,window,35.1052539,129,91,32,59,-0.00261168961,-0.00247231828
parametric-eq,window,35.1052539,129,92,32,60,-0.000502829289,-0.00047599609
parametric-eq,window,35.1052539,129,93,32,61,0.00137888757,0.00130530402
parametric-eq,window,35.1052539,129,94,32,62,0.0027949908,0.00264583771
parametric-eq,window,35.1052539,129,95,32,63,0.00360811609,0.00341557103
parametric-eq,window,35.1052539,129,96,32,64,0.00378773067,0.00358560058
parametric-eq,window,35.1052539,129,97,32,65,0.00339938482,0.00321797859
parametric-eq,window,35.1052539,129,98,32,66,0.00258140354,0.00244364841
parametric-eq,window,35.1052539,129,99,32,67,0.0015142447,0.00143343789
parametric-eq,window,35.1052539,129,100,32,68,0.00038809592,0.000367385402
parametric-eq,window,35.1052539,129,101,32,69,-0.00062625431,-0.000592834605
parametric-eq,window,35.1052539,129,102,32,70,-0.00139944816,-0.0013247674
parametric-eq,window,35.1052539,129,103,32,71,-0.00185627826,-0.00175721903
parametric-eq,window,35.1052539,129,104,32,72,-0.00197858789,-0.00187300167
parametric-eq,window,35.1052539,129,105,32,73,-0.00179937625,-0.00170335356
parametric-eq,window,35.1052539,129,106,32,74,-0.00139028791,-0.00131609599
parametric-eq,window,35.1052539,129,107,32,75,-0.000845323012,-0.000800212831
parametric-eq,window,35.1052539,129,108,32,76,-0.000263740864,-0.000249666483
parametric-eq,window,35.1052539,129,109,32,77,0.000265199172,0.000251046969
parametric-eq,window,35.1052539,129,110,32,78,0.000673689524,0.000637738465
parametric-eq,window,35.1052539,129,111,32,79,0.000921914901,0.000872717437
parametric-eq,window,35.1052539,129,112,32,80,0.000999475861,0.0009461394
parametric-eq,window,35.1052539,129,113,32,81,0.000922281005,0.000873064004
parametric-eq,window,35.1052539,129,114,32,82,0.000726074657,0.000687328096
parametric-eq,window,35.1052539,129,115,32,83,0.000458083539,0.000433638171
parametric-eq,window,35.1052539,129,116,32,84,0.000168311521,0.000159329672
parametric-eq,window,35.1052539,129,117,32,85,-9.81783868e-05,-9.29391531e-05
parametric-eq,window,35.1052539,129,118,32,86,-0.000307015423,-0.00029063172
parametric-eq,window,35.1052539,129,119,32,87,-0.000437775169,-0.000414413546
parametric-eq,window,35.1052539,129,120,32,88,-0.000484661692,-0.000458797996
parametric-eq,window,35.1052539,129,121,32,89,-0.000454936776,-0.000430659334
parametric-eq,window,35.1052539,129,122,32,90,-0.00036569745,-0.000346182214
parametric-eq,window,35.1052539,129,123,32,91,-0.000239749438,-0.000226955346
parametric-eq,window,35.1052539,129,124,32,92,-0.000101334864,-9.59271868e-05
parametric-eq,window,35.1052539,129,125,32,93,2.7631779e-05,2.61572249e-05
parametric-eq,window,35.1052539,129,126,32,94,0.000130350083,0.000123394025
parametric-eq,window,35.1052539,129,127,32,95,0.000196697293,0.000186200654
parametric-eq,window,35.1052539,129,128,32,96,0.000223546704,0.000211617261
parametric-eq,window,64,129,0,64,-64,0.00138330605,0.00130369929
parametric-eq,window,64,129,1,64,-63,0.00127562084,0.00120221116
parametric-eq,window,64,129,2,64,-62,0.000926045596,0.000872753346
parametric-eq,window,64,129,3,64,-61,0.000343988026,0.000324192137
parametric-eq,window,64,129,4,64,-60,-0.000418859371,-0.000394754772
parametric-eq,window,64,129,5,64,-59,-0.00126889376,-0.00119587122
parametric-eq,window,64,129,6,64,-58,-0.00207840883,-0.00195880016
parametric-eq,window,64,129,7,64,-57,-0.00270093703,-0.00254550298
parametric-eq,window,64,129,8,64,-56,-0.00299291321,-0.00282067647
parametric-eq,window,64,129,9,64,-55,-0.00283908893,-0.0026757045
parametric-eq,window,64,129,10,64,-54,-0.00217796538,-0.00205262741
parametric-eq,window,64,129,11,64,-53,-0.00102279182,-0.000963931996
parametric-eq,window,64,129,12,64,-52,0.000526392399,0.000496099468
parametric-eq,window,64,129,13,64,-51,0.00228347471,0.00215206487
parametric-eq,window,64,129,14,64,-50,0.00399202103,0.00376228744
parametric-eq,window,64,129,15,64,-49,0.00535612334,0.00504788812
parametric-eq,window,64,129,16,64,-48,0.00608376718,0.00573365738
parametric-eq,window,64,129,17,64,-47,0.00593747283,0.005595782
parametric-eq,window,64,129,18,64,-46,0.00478472658,0.00450937421
parametric-eq,window,64,129,19,64,-45,0.00263939213,0.00248749988
parametric-eq,window,64,129,20,64,-44,-0.000314723504,-0.000296611735
parametric-eq,window,64,129,21,64,-43,-0.00372543428,-0.00351104227
parametric-eq,window,64,129,22,64,-42,-0.0071030481,-0.00669428053
parametric-eq,window,64,129,23,64,-41,-0.00988032028,-0.00931172571
parametric-eq,window,64,129,24,64,-40,-0.011496101,-0.0108345212
parametric-eq,window,64,129,25,64,-39,-0.0114921653,-0.010830812
parametric-eq,window,64,129,26,64,-38,-0.00960854707,-0.00905559256
parametric-eq,window,64,129,27,64,-37,-0.00586041297,-0.00552315679
parametric-eq,window,64,129,28,64,-36,-0.000579865959,-0.000546495721
parametric-eq,window,64,129,29,64,-35,0.00559053098,0.00526880603
parametric-eq,window,64,129,30,64,-34,0.0117593339,0.0110826055
parametric-eq,window,64,129,31,64,-33,0.01690099,0.0159283686
parametric-eq,window,64,129,32,64,-32,0.0200120024,0.0188603478
parametric-eq,window,64,129,33,64,-31,0.0202872616,0.0191197664
parametric-eq,window,64,129,34,64,-30,0.0172882097,0.0162933045
parametric-eq,window,64,129,35,64,-29,0.0110714366,0.0104342954
parametric-eq,window,64,129,36,64,-28,0.00224858171,0.00211917989
parametric-eq,window,64,129,37,64,-27,-0.00804350252,-0.00758061349
parametric-eq,window,64,129,38,64,-26,-0.0182700319,-0.0172186246
parametric-eq,window,64,129,39,64,-25,-0.0267138267,-0.0251764943
parametric-eq,window,64,129,40,64,-24,-0.0317521477,-0.029924869
parametric-eq,window,64,129,41,64,-23,-0.0321525657,-0.0303022437
parametric-eq,window,64,129,42,64,-22,-0.027336117,-0.0257629729
parametric-eq,window,64,129,43,64,-21,-0.0175551197,-0.0165448543
parametric-eq,window,64,129,44,64,-20,-0.0039421928,-0.00371532673
parametric-eq,window,64,129,45,64,-19,0.0115941279,0.0109269068
parametric-eq,window,64,129,46,64,-18,0.0266256564,0.025093398
parametric-eq,window,64,129,47,64,-17,0.0385820509,0.0363617237
parametric-eq,window,64,129,48,64,-16,0.0451921996,0.0425914702
parametric-eq,window,64,129,49,64,-15,0.0449136526,0.0423289531
parametric-eq,window,64,129,50,64,-14,0.0372686373,0.0351238946
parametric-eq,window,64,129,51,64,-13,0.0230150905,0.0216906136
parametric-eq,window,64,129,52,64,-12,0.00410622559,0.00386991973
parametric-eq,window,64,129,53,64,-11,-0.0165711517,-0.0156175119
parametric-eq,window,64,129,54,64,-10,-0.0356474315,-0.0335959863
parametric-eq,window,64,129,55,64,-9,-0.0498388962,-0.0469707578
parametric-eq,window,64,129,56,64,-8,-0.0565352265,-0.0532817265
parametric-eq,window,64,129,57,64,-7,-0.0542965567,-0.051171888
parametric-eq,window,64,129,58,64,-6,-0.0431617629,-0.0406778815
parametric-eq,window,64,129,59,64,-5,-0.0247008607,-0.0232793708
parametric-eq,window,64,129,60,64,-4,-0.00179060554,-0.00168755943
parametric-eq,window,64,129,61,64,-3,0.0218550453,0.020597327
parametric-eq,window,64,129,62,64,-2,0.0423195411,0.039884128
parametric-eq,window,64,129,63,64,-1,0.0561691528,0.0529367196
parametric-eq,window,64,129,64,64,0,1.06106221,1
parametric-eq,window,64,129,65,64,1,0.0561691528,0.0529367196
parametric-eq,window,64,129,66,64,2,0.0423195411,0.039884128
parametric-eq,window,64,129,67,64,3,0.0218550453,0.020597327
parametric-eq,window,64,129,68,64,4,-0.00179060554,-0.00168755943
parametric-eq,window,64,129,69,64,5,-0.0247008607,-0.0232793708
parametric-eq,window,64,129,70,64,6,-0.0431617629,-0.0406778815
parametric-eq,window,64,129,71,64,7,-0.0542965567,-0.051171888
parametric-eq,window,64,129,72,64,8,-0.0565352265,-0.0532817265
parametric-eq,window,64,129,73,64,9,-0.0498388962,-0.0469707578
parametric-eq,window,64,129,74,64,10,-0.0356474315,-0.0335959863
parametric-eq,window,64,129,75,64,11,-0.0165711517,-0.0156175119
parametric-eq,window,64,129,76,64,12,0.00410622559,0.00386991973
parametric-eq,window,64,129,77,64,13,0.0230150905,0.0216906136
parametric-eq,window,64,129,78,64,14,0.0372686373,0.0351238946
parametric-eq,window,64,129,79,64,15,0.0449136526,0.0423289531
parametric-eq,window,64,129,80,64,16,0.0451921996,0.0425914702
parametric-eq,window,64,129,81,64,17,0.0385820509,0.0363617237
parametric-eq,window,64,129,82,64,18,0.0266256564,0.025093398
parametric-eq,window,64,129,83,64,19,0.0115941279,0.0109269068
parametric-eq,window,64,129,84,64,20,-0.0039421928,-0.00371532673
parametric-eq,window,64,129,85,64,21,-0.0175551197,-0.0165448543
parametric-eq,window,64,129,86,64,22,-0.027336117,-0.0257629729
parametric-eq,window,64,129,87,64,23,-0.0321525657,-0.0303022437
parametric-eq,window,64,129,88,64,24,-0.0317521477,-0.029924869
parametric-eq,window,64,129,89,64,25,-0.0267138267,-0.0251764943
parametric-eq,window,64,129,90,64,26,-0.0182700319,-0.0172186246
parametric-eq,window,64,129,91,64,27,-0.00804350252,-0.00758061349
parametric-eq,window,64,129,92,64,28,0.00224858171,0.00211917989
parametric-eq,window,64,129,93,64,29,0.0110714366,0.0104342954
parametric-eq,window,64,129,94,64,30,0.0172882097,0.0162933045
parametric-eq,window,64,129,95,64,31,0.0202872616,0.0191197664
parametric-eq,window,64,129,96,64,32,0.0200120024,0.0188603478
parametric-eq,window,64,129,97,64,33,0.01690099,0.0159283686
parametric-eq,window,64,129,98,64,34,0.0117593339,0.0110826055
parametric-eq,window,64,129,99,64,35,0.00559053098,0.00526880603
parametric-eq,window,64,129,100,64,36,-0.000579865959,-0.000546495721
parametric-eq,window,64,129,101,64,37,-0.00586041297,-0.00552315679
parametric-eq,window,64,129,102,64,38,-0.00960854707,-0.00905559256
parametric-eq,window,64,129,103,64,39,-0.0114921653,-0.010830812
parametric-eq,window,64,129,104,64,40,-0.011496101,-0.0108345212
parametric-eq,window,64,129,105,64,41,-0.00988032028,-0.00931172571
parametric-eq,window,64,129,106,64,42,-0.0071030481,-0.00669428053
parametric-eq,window,64,129,107,64,43,-0.00372543428,-0.00351104227
parametric-eq,window,64,129,108,64,44,-0.000314723504,-0.000296611735
parametric-eq,window,64,129,109,64,45,0.00263939213,0.00248749988
parametric-eq,window,64,129,110,64,46,0.00478472658,0.00450937421
parametric-eq,window,64,129,111,64,47,0.00593747283,0.005595782
parametric-eq,window,64,129,112,64,48,0.00608376718,0.00573365738
parametric-eq,window,64,129,113,64,49,0.00535612334,0.00504788812
parametric-eq,window,64,129,114,64,50,0.00399202103,0.00376228744
parametric-eq,window,64,129,115,64,51,0.00228347471,0.00215206487
parametric-eq,window,64,129,116,64,52,0.000526392399,0.000496099468
parametric-eq,window,64,129,117,64,53,-0.00102279182,-0.000963931996
parametric-eq,window,64,129,118,64,54,-0.00217796538,-0.00205262741
parametric-eq,window,64,129,119,64,55,-0.00283908893,-0.0026757045
parametric-eq,window,64,129,120,64,56,-0.00299291321,-0.00282067647
parametric-eq,window,64,129,121,64,57,-0.00270093703,-0.00254550298
parametric-eq,window,64,129,122,64,58,-0.00207840883,-0.00195880016
parametric-eq,window,64,129,123,64,59,-0.00126889376,-0.00119587122
parametric-eq,window,64,129,124,64,60,-0.000418859371,-0.000394754772
parametric-eq,window,64,129,125,64,61,0.000343988026,0.000324192137
parametric-eq,window,64,129,126,64,62,0.000926045596,0.000872753346
parametric-eq,window,64,129,127,64,63,0.00127562084,0.00120221116
parametric-eq,window,64,129,128,64,64,0.00138330605,0.00130369929
parametric-eq,window,92.8947461,129,0,96,-96,0.000223546704,0.000211617261
parametric-eq,window,92.8947461,129,1,96,-95,0.000196697293,0.000186200654
parametric-eq,window,92.8947461,129,2,96,-94,0.000130350083,0.000123394025
parametric-eq,window,92.8947461,129,3,96,-93,2.7631779e-05,2.61572249e-05
parametric-eq,window,92.8947461,129,4,96,-92,-0.000101334864,-9.59271868e-05
parametric-eq,window,92.8947461,129,5,96,-91,-0.000239749438,-0.000226955346
parametric-eq,window,92.8947461,129,6,96,-90,-0.00036569745,-0.000346182214
parametric-eq,window,92.8947461,129,7,96,-89,-0.000454936776,-0.000430659334
parametric-eq,window,92.8947461,129,8,96,-88,-0.000484661692,-0.000458797996
parametric-eq,window,92.8947461,129,9,96,-87,-0.000437775169,-0.000414413546
parametric-eq,window,92.8947461,129,10,96,-86,-0.000307015423,-0.00029063172
parametric-eq,window,92.8947461,129,11,96,-85,-9.81783868e-05,-9.29391531e-05
parametric-eq,window,92.8947461,129,12,96,-84,0.000168311521,0.000159329672
parametric-eq,window,92.8947461,129,13,96,-83,0.000458083539,0.000433638171
parametric-eq,window,92.8947461,129,14,96,-82,0.000726074657,0.000687328096
parametric-eq,window,92.8947461,129,15,96,-81,0.000922281005,0.000873064004
parametric-eq,window,92.8947461,129,16,96,-80,0.000999475861,0.0009461394
parametric-eq,window,92.8947461,129,17,96,-79,0.000921914901,0.000872717437
parametric-eq,window,92.8947461,129,18,96,-78,0.000673689524,0.000637738465
parametric-eq,window,92.8947461,129,19,96,-77,0.000265199172,0.000251046969
parametric-eq,window,92.8947461,129,20,96,-76,-0.000263740864,-0.000249666483
parametric-eq,window,92.8947461,129,21,96,-75,-0.000845323012,-0.000800212831
parametric-eq,window,92.8947461,129,22,96,-74,-0.00139028791,-0.00131609599
parametric-eq,window,92.8947461,129,23,96,-73,-0.00179937625,-0.00170335356
parametric-eq,window,92.8947461,129,24,96,-72,-0.00197858789,-0.00187300167
parametric-eq,window,92.8947461,129,25,96,-71,-0.00185627826,-0.00175721903
parametric-eq,window,92.8947461,129,26,96,-70,-0.00139944816,-0.0013247674
parametric-eq,window,92.8947461,129,27,96,-69,-0.00062625431,-0.000592834605
parametric-eq,window,92.8947461,129,28,96,-68,0.00038809592,0.000367385402
parametric-eq,window,92.8947461,129,29,96,-67,0.0015142447,0.00143343789
parametric-eq,window,92.8947461,129,30,96,-66,0.00258140354,0.00244364841
parametric-eq,window,92.8947461,129,31,96,-65,0.00339938482,0.00321797859
parametric-eq,window,92.8947461,129,32,96,-64,0.00378773067,0.00358560058
parametric-eq,window,92.8947461,129,33,96,-63,0.00360811609,0.00341557103
parametric-eq,window,92.8947461,129,34,96,-62,0.0027949908,0.00264583771
parametric-eq,window,92.8947461,129,35,96,-61,0.00137888757,0.00130530402
parametric-eq,window,92.8947461,129,36,96,-60,-0.000502829289,-0.00047599609
parametric-eq,window,92.8947461,129,37,96,-59,-0.00261168961,-0.00247231828
parametric-eq,window,92.8947461,129,38,96,-58,-0.00463202393,-0.00438483861
parametric-eq,window,92.8947461,129,39,96,-57,-0.00621189606,-0.00588040176
parametric-eq,window,92.8947461,129,40,96,-56,-0.00701678527,-0.00664233852
parametric-eq,window,92.8947461,129,41,96,-55,-0.00678886335,-0.00642657952
parametric-eq,window,92.8947461,129,42,96,-54,-0.0054026164,-0.00511430885
parametric-eq,window,92.8947461,129,43,96,-53,-0.00290673618,-0.00275161986
parametric-eq,window,92.8947461,129,44,96,-52,0.0004570068,0.000432618892
parametric-eq,window,92.8947461,129,45,96,-51,0.00426468427,0.00403710183
parametric-eq,window,92.8947461,129,46,96,-50,0.00795363357,0.00752919244
parametric-eq,window,92.8947461,129,47,96,-49,0.0108959364,0.010314481
parametric-eq,window,92.8947461,129,48,96,-48,0.0124939891,0.0118272545
parametric-eq,window,92.8947461,129,49,96,-47,0.0122852206,0.0116296268
parametric-eq,window,92.8947461,129,50,96,-46,0.010039515,0.00950376198
parametric-eq,window,92.8947461,129,51,96,-45,0.00583169867,0.00552049339
parametric-eq,window,92.8947461,129,52,96,-44,7.31121998e-05,6.92106089e-05
parametric-eq,window,92.8947461,129,53,96,-43,-0.00650905932,-0.00616170708
parametric-eq,window,92.8947461,129,54,96,-42,-0.0129487372,-0.0122577352
parametric-eq,window,92.8947461,129,55,96,-41,-0.0181691676,-0.0171995803
parametric-eq,window,92.8947461,129,56,96,-40,-0.0211478801,-0.0200193356
parametric-eq,window,92.8947461,129,57,96,-39,-0.0210954642,-0.0199697168
parametric-eq,window,92.8947461,129,58,96,-38,-0.0176195869,-0.0166793277
parametric-eq,window,92.8947461,129,59,96,-37,-0.0108441525,-0.0102654605
parametric-eq,window,92.8947461,129,60,96,-36,-0.00145698906,-0.00137923767
parametric-eq,window,92.8947461,129,61,96,-35,0.00933193017,0.00883393703
parametric-eq,window,92.8947461,129,62,96,-34,0.0199267086,0.0188633312
parametric-eq,window,92.8947461,129,63,96,-33,0.0285654216,0.0270410441
parametric-eq,window,92.8947461,129,64,96,-32,0.0335968087,0.0318039341
parametric-eq,window,92.8947461,129,65,96,-31,0.0337732513,0.0319709609
parametric-eq,window,92.8947461,129,66,96,-30,0.0285111642,0.0269896822
parametric-eq,window,92.8947461,129,67,96,-29,0.0180691356,0.0171048865
parametric-eq,window,92.8947461,129,68,96,-28,0.0036021699,0.00340994215
parametric-eq,window,92.8947461,129,69,96,-27,-0.0129329544,-0.0122427947
parametric-eq,window,92.8947461,129,70,96,-26,-0.0290227336,-0.027473952
parametric-eq,window,92.8947461,129,71,96,-25,-0.0419670165,-0.0397274705
parametric-eq,window,92.8947461,129,72,96,-24,-0.0493229391,-0.0466908485
parametric-eq,window,92.8947461,129,73,96,-23,-0.0493518725,-0.0467182379
parametric-eq,window,92.8947461,129,74,96,-22,-0.0413895412,-0.0391808119
parametric-eq,window,92.8947461,129,75,96,-21,-0.0260643065,-0.0246733996
parametric-eq,window,92.8947461,129,76,96,-20,-0.0053081482,-0.00502488189
parametric-eq,window,92.8947461,129,77,96,-19,0.01786277,0.0169095335
parametric-eq,window,92.8947461,129,78,96,-18,0.0397806196,0.0376577495
parametric-eq,window,92.8947461,129,79,96,-17,0.0567125781,0.0536861437
parametric-eq,window,92.8947461,129,80,96,-16,0.0655080238,0.0620122254
parametric-eq,window,92.8947461,129,81,96,-15,0.0641924724,0.0607668776
parametric-eq,window,92.8947461,129,82,96,-14,0.0523944189,0.0495984206
parametric-eq,window,92.8947461,129,83,96,-13,0.0315133466,0.0298316548
parametric-eq,window,92.8947461,129,84,96,-12,0.00457912068,0.00433475851
parametric-eq,window,92.8947461,129,85,96,-11,-0.0241918497,-0.0229008654
parametric-eq,window,92.8947461,129,86,96,-10,-0.0500799436,-0.0474074559
parametric-eq,window,92.8947461,129,87,96,-9,-0.0686714539,-0.0650068408
parametric-eq,window,92.8947461,129,88,96,-8,-0.0766490132,-0.0725586822
parametric-eq,window,92.8947461,129,89,96,-7,-0.072414793,-0.0685504188
parametric-eq,window,92.8947461,129,90,96,-6,-0.0564231364,-0.0534121479
parametric-eq,window,92.8947461,129,91,96,-5,-0.0311501823,-0.0294878705
parametric-eq,window,92.8947461,129,92,96,-4,-0.000695471948,-0.000658358483
parametric-eq,window,92.8947461,129,93,96,-3,0.0299186131,0.0283220233
parametric-eq,window,92.8947461,129,94,96,-2,0.0556238712,0.052655535
parametric-eq,window,92.8947461,129,95,96,-1,0.0721977934,0.0683449992
parametric-eq,window,92.8947461,129,96,96,0,1.05637273,1
parametric-eq,window,92.8947461,129,97,96,1,0.0319085182,0.0302057383
parametric-eq,window,92.8947461,129,98,96,2,0.0235358771,0.0222798984
parametric-eq,window,92.8947461,129,99,96,3,0.0116698596,0.0110471042
parametric-eq,window,92.8947461,129,100,96,4,-0.00166654899,-0.00157761455
parametric-eq,window,92.8947461,129,101,96,5,-0.0142686094,-0.0135071732
parametric-eq,window,92.8947461,129,102,96,6,-0.0241324795,-0.0228446635
parametric-eq,window,92.8947461,129,103,96,7,-0.0297889061,-0.028199238
parametric-eq,window,92.8947461,129,104,96,8,-0.0305297214,-0.0289005202
parametric-eq,window,92.8947461,129,105,96,9,-0.0264911411,-0.0250774564
parametric-eq,window,92.8947461,129,106,96,10,-0.0185859564,-0.0175941274
parametric-eq,window,92.8947461,129,107,96,11,-0.00830492035,-0.007861733
parametric-eq,window,92.8947461,129,108,96,12,0.00256956921,0.00243244561
parametric-eq,window,92.8947461,129,109,96,13,0.0122810758,0.0116257031
parametric-eq,window,92.8947461,129,110,96,14,0.0193897611,0.0183550375
parametric-eq,window,92.8947461,129,111,96,15,0.0229869516,0.021760266
parametric-eq,window,92.8947461,129,112,96,16,0.0228021086,0.021585287
parametric-eq,window,92.8947461,129,113,96,17,0.0191926292,0.0181684254
parametric-eq,window,92.8947461,129,114,96,18,0.0130286926,0.0123334238
parametric-eq,window,92.8947461,129,115,96,19,0.00550288879,0.00520923026
parametric-eq,window,92.8947461,129,116,96,20,-0.0020952452,-0.00198343364
parametric-eq,window,92.8947461,129,117,96,21,-0.00859760739,-0.00813880096
parametric-eq,window,92.8947461,129,118,96,22,-0.0131324311,-0.0124316264
parametric-eq,window,92.8947461,129,119,96,23,-0.0152309493,-0.0144181583
parametric-eq,window,92.8947461,129,120,96,24,-0.0148557625,-0.0140629932
parametric-eq,window,92.8947461,129,121,96,25,-0.0123555435,-0.011696197
parametric-eq,window,92.8947461,129,122,96,26,-0.00836273969,-0.00791646684
parametric-eq,window,92.8947461,129,123,96,27,-0.00365849349,-0.00346326007
parametric-eq,window,92.8947461,129,124,96,28,0.000968667976,0.000916975561
parametric-eq,window,92.8947461,129,125,96,29,0.00484639162,0.00458776669
parametric-eq,window,92.8947461,129,126,96,30,0.00750664472,0.0071060569
parametric-eq,window,92.8947461,129,127,96,31,0.00872920196,0.00826337306
parametric-eq,window,92.8947461,129,128,96,32,0.0085399548,0.00808422497
parametric-eq,window,121.789492,129,0,128,-128,3.61697479e-05,3.46927838e-05
parametric-eq,window,121.789492,129,1,128,-127,2.94411591e-05,2.82389517e-05
parametric-eq,window,121.789492,129,2,128,-126,1.62271076e-05,1.5564486e-05
parametric-eq,window,121.789492,129,3,128,-125,-2.58454263e-06,-2.4790048e-06
parametric-eq,window,121.789492,129,4,128,-124,-2.49454937e-05,-2.39268634e-05
parametric-eq,window,121.789492,129,5,128,-123,-4.7756215e-05,-4.58061263e-05
parametric-eq,window,121.789492,129,6,128,-122,-6.71831422e-05,-6.44397697e-05
parametric-eq,window,121.789492,129,7,128,-121,-7.91720297e-05,-7.59391e-05
parametric-eq,window,121.789492,129,8,128,-120,-8.01081732e-05,-7.68370169e-05
parametric-eq,window,121.789492,129,9,128,-119,-6.75377257e-05,-6.4779874e-05
parametric-eq,window,121.789492,129,10,128,-118,-4.0835558e-05,-3.9168069e-05
parametric-eq,window,121.789492,129,11,128,-117,-1.6908562e-06,-1.62181137e-06
parametric-eq,window,121.789492,129,12,128,-116,4.57125598e-05,4.38459222e-05
parametric-eq,window,121.789492,129,13,128,-115,9.49152841e-05,9.10394906e-05
parametric-eq,window,121.789492,129,14,128,-114,0.000137843262,0.000132214537
parametric-eq,window,121.789492,129,15,128,-113,0.000165883595,0.000159109864
parametric-eq,window,121.789492,129,16,128,-112,0.000171269498,0.000164275839
parametric-eq,window,121.789492,129,17,128,-111,0.000148593103,0.000142525417
parametric-eq,window,121.789492,129,18,128,-110,9.62063818e-05,9.22778673e-05
parametric-eq,window,121.789492,129,19,128,-109,1.72430574e-05,1.65389502e-05
parametric-eq,window,121.789492,129,20,128,-108,-7.9991135e-05,-7.67247578e-05
parametric-eq,window,121.789492,129,21,128,-107,-0.000182450494,-0.000175000267
parametric-eq,window,121.789492,129,22,128,-106,-0.000273686744,-0.000262510954
parametric-eq,window,121.789492,129,23,128,-105,-0.000336031924,-0.000322310316
parametric-eq,window,121.789492,129,24,128,-104,-0.000353407373,-0.000338976252
parametric-eq,window,121.789492,129,25,128,-103,-0.000314388298,-0.00030155049
parametric-eq,window,121.789492,129,26,128,-102,-0.000215039069,-0.000206258112
parametric-eq,window,121.789492,129,27,128,-101,-6.09839125e-05,-5.84936808e-05
parametric-eq,window,121.789492,129,28,128,-100,0.000131788205,0.000126406734
parametric-eq,window,121.789492,129,29,128,-99,0.000337757291,0.000323965229
parametric-eq,window,121.789492,129,30,128,-98,0.000524500163,0.000503082597
parametric-eq,window,121.789492,129,31,128,-97,0.000656983827,0.000630156391
parametric-eq,window,121.789492,129,32,128,-96,0.000703082727,0.000674372878
parametric-eq,window,121.789492,129,33,128,-95,0.000639586052,0.000613469042
parametric-eq,window,121.789492,129,34,128,-94,0.000457745035,0.000439053364
parametric-eq,window,121.789492,129,35,128,-93,0.000167321392,0.00016048895
parametric-eq,window,121.789492,129,36,128,-92,-0.00020182521,-0.000193583831
parametric-eq,window,121.789492,129,37,128,-91,-0.000601314912,-0.000576760675
parametric-eq,window,121.789492,129,38,128,-90,-0.000969269342,-0.000929689966
parametric-eq,window,121.789492,129,39,128,-89,-0.00123850815,-0.00118793461
parametric-eq,window,121.789492,129,40,128,-88,-0.00134705605,-0.00129205004
parametric-eq,window,121.789492,129,41,128,-87,-0.00124954897,-0.00119852459
parametric-eq,window,121.789492,129,42,128,-86,-0.000927733197,-0.000889849917
parametric-eq,window,121.789492,129,43,128,-85,-0.000398103234,-0.000381846991
parametric-eq,window,121.789492,129,44,128,-84,0.00028510987,0.000273467625
parametric-eq,window,121.789492,129,45,128,-83,0.00103288413,0.000990707093
parametric-eq,window,121.789492,129,46,128,-82,0.00173076093,0.00166008662
parametric-eq,window,121.789492,129,47,128,-81,0.00225405738,0.00216201466
parametric-eq,window,121.789492,129,48,128,-80,0.00248728831,0.00238572178
parametric-eq,window,121.789492,129,49,128,-79,0.00234515818,0.00224939543
parametric-eq,window,121.789492,129,50,128,-78,0.00179178823,0.00171862192
parametric-eq,window,121.789492,129,51,128,-77,0.000854613532,0.000819716038
parametric-eq,window,121.789492,129,52,128,-76,-0.000370266901,-0.000355147334
parametric-eq,window,121.789492,129,53,128,-75,-0.00172354517,-0.00165316552
parametric-eq,window,121.789492,129,54,128,-74,-0.00299972404,-0.00287723259
parametric-eq,window,121.789492,129,55,128,-73,-0.0039745961,-0.00381229649
parametric-eq,window,121.789492,129,56,128,-72,-0.00444011511,-0.00425880638
parametric-eq,window,121.789492,129,57,128,-71,-0.00424185491,-0.00406864199
parametric-eq,window,121.789492,129,58,128,-70,-0.00331307612,-0.00317778918
parametric-eq,window,121.789492,129,59,128,-69,-0.00169909563,-0.00162971435
parametric-eq,window,121.789492,129,60,128,-68,0.000433635682,0.000415928498
parametric-eq,window,121.789492,129,61,128,-67,0.00280756308,0.00269291837
parametric-eq,window,121.789492,129,62,128,-66,0.00506428367,0.00485748749
parametric-eq,window,121.789492,129,63,128,-65,0.00681285703,0.00653465919
parametric-eq,window,121.789492,129,64,128,-64,0.00769060306,0.00737656313
parametric-eq,window,121.789492,129,65,128,-63,0.00742788425,0.00712457225
parametric-eq,window,121.789492,129,66,128,-62,0.00590646963,0.00566528343
parametric-eq,window,121.789492,129,67,128,-61,0.00320068876,0.00306999107
parametric-eq,window,121.789492,129,68,128,-60,-0.000408010867,-0.000391350053
parametric-eq,window,121.789492,129,69,128,-59,-0.00444928078,-0.00426759778
parametric-eq,window,121.789492,129,70,128,-58,-0.00831632637,-0.00797673551
parametric-eq,window,121.789492,129,71,128,-57,-0.0113484473,-0.0108850421
parametric-eq,window,121.789492,129,72,128,-56,-0.0129338336,-0.0124056903
parametric-eq,window,121.789492,129,73,128,-55,-0.0126180178,-0.0121027707
parametric-eq,window,121.789492,129,74,128,-54,-0.0102004607,-0.00978393267
parametric-eq,window,121.789492,129,75,128,-53,-0.00580142395,-0.00556452721
parametric-eq,window,121.789492,129,76,128,-52,0.000116041855,0.000111303374
parametric-eq,window,121.789492,129,77,128,-51,0.00677855444,0.00650175732
parametric-eq,window,121.789492,129,78,128,-50,0.0131908934,0.0126522533
parametric-eq,window,121.789492,129,79,128,-49,0.0182728473,0.0175266895
parametric-eq,window,121.789492,129,80,128,-48,0.0210275758,0.0201689308
parametric-eq,window,121.789492,129,81,128,-47,0.020717186,0.0198712155
parametric-eq,window,121.789492,129,82,128,-46,0.0170169449,0.0163220709
parametric-eq,window,121.789492,129,83,128,-45,0.0101195895,0.00970636373
parametric-eq,window,121.789492,129,84,128,-44,0.000766083505,0.000734801068
parametric-eq,window,121.789492,129,85,128,-43,-0.00981131704,-0.00941067937
parametric-eq,window,121.789492,129,86,128,-42,-0.0200347448,-0.0192166412
parametric-eq,window,121.789492,129,87,128,-41,-0.0282013323,-0.0270497523
parametric-eq,window,121.789492,129,88,128,-40,-0.0327506,-0.0314132541
parametric-eq,window,121.789492,129,89,128,-39,-0.0325391757,-0.0312104631
parametric-eq,window,121.789492,129,90,128,-38,-0.0270774521,-0.0259717649
parametric-eq,window,121.789492,129,91,128,-37,-0.0166838688,-0.0160025957
parametric-eq,window,121.789492,129,92,128,-36,-0.00252128004,-0.00241832549
parametric-eq,window,121.789492,129,93,128,-35,0.0135042147,0.0129527803
parametric-eq,window,121.789492,129,94,128,-34,0.028980412,0.0277970189
parametric-eq,window,121.789492,129,95,128,-33,0.0413371033,0.0396491341
parametric-eq,window,121.789492,129,96,128,-32,0.0482581935,0.0462876068
parametric-eq,window,121.789492,129,97,128,-31,0.0480945253,0.0461306219
parametric-eq,window,121.789492,129,98,128,-30,0.0402067994,0.0385649853
parametric-eq,window,121.789492,129,99,128,-29,0.025172192,0.0241443046
parametric-eq,window,121.789492,129,100,128,-28,0.00480464796,0.00460845381
parametric-eq,window,121.789492,129,101,128,-27,-0.0180340472,-0.0172976406
parametric-eq,window,121.789492,129,102,128,-26,-0.039820999,-0.0381949387
parametric-eq,window,121.789492,129,103,128,-25,-0.056909138,-0.0545852966
parametric-eq,window,121.789492,129,104,128,-24,-0.0661350811,-0.0634345054
parametric-eq,window,121.789492,129,105,128,-23,-0.0653978157,-0.0627273456
parametric-eq,window,121.789492,129,106,128,-22,-0.0541032677,-0.0518940019
parametric-eq,window,121.789492,129,107,128,-21,-0.0333837093,-0.0320205109
parametric-eq,window,121.789492,129,108,128,-20,-0.00603312664,-0.0057867685
parametric-eq,window,121.789492,129,109,128,-19,0.0238539716,0.0228799128
parametric-eq,window,121.789492,129,110,128,-18,0.0514995572,0.0493966119
parametric-eq,window,121.789492,129,111,128,-17,0.0722234904,0.069274299
parametric-eq,window,121.789492,129,112,128,-16,0.0822599422,0.07890092
parametric-eq,window,121.789492,129,113,128,-15,0.0794627577,0.0762179564
parametric-eq,window,121.789492,129,114,128,-14,0.0637635863,0.0611598488
parametric-eq,window,121.789492,129,115,128,-13,0.0372834964,0.0357610531
parametric-eq,window,121.789492,129,116,128,-12,0.0040576392,0.00389194858
parametric-eq,window,121.789492,129,117,128,-11,-0.0305966502,-0.0293472593
parametric-eq,window,121.789492,129,118,128,-10,-0.0609684514,-0.0584788511
parametric-eq,window,121.789492,129,119,128,-9,-0.0819446399,-0.0785984928
parametric-eq,window,121.789492,129,120,128,-8,-0.0899234388,-0.0862514835
parametric-eq,window,121.789492,129,121,128,-7,-0.08347719,-0.0800684624
parametric-eq,window,121.789492,129,122,128,-6,-0.0636336475,-0.0610352159
parametric-eq,window,121.789492,129,123,128,-5,-0.0337148925,-0.0323381705
parametric-eq,window,121.789492,129,124,128,-4,0.00124291665,0.0011921631
parametric-eq,window,121.789492,129,125,128,-3,0.0353841304,0.0339392464
parametric-eq,window,121.789492,129,126,128,-2,0.0630754972,0.0604998572
parametric-eq,window,121.789492,129,127,128,-1,0.0798987857,0.0766361795
parametric-eq,window,121.789492,129,128,128,0,1.04257266,1
crossover,sub-minimum,5.20575313,129,0,7,-7,0.0248624297,0.293820045
crossover,sub-minimum,5.20575313,129,1,7,-6,0.0382209526,0.451688839
crossover,sub-minimum,5.20575313,129,2,7,-5,0.0515254452,0.608919112
crossover,sub-minimum,5.20575313,129,3,7,-4,0.0635342354,0.75083699
crossover,sub-minimum,5.20575313,129,4,7,-3,0.0732993201,0.866239131
crossover,sub-minimum,5.20575313,129,5,7,-2,0.0802203299,0.94803047
crossover,sub-minimum,5.20575313,129,6,7,-1,0.0839961446,0.992652418
crossover,sub-minimum,5.20575313,129,7,7,0,0.0846178814,1
crossover,sub-minimum,5.20575313,129,8,7,1,0.0823039531,0.972654381
crossover,sub-minimum,5.20575313,129,9,7,2,0.0774534425,0.915331857
crossover,sub-minimum,5.20575313,129,10,7,3,0.0705750082,0.834043667
crossover,sub-minimum,5.20575313,129,11,7,4,0.0622356804,0.735490884
crossover,sub-minimum,5.20575313,129,12,7,5,0.0530039757,0.626392139
crossover,sub-minimum,5.20575313,129,13,7,6,0.043414186,0.513061604
crossover,sub-minimum,5.20575313,129,14,7,7,0.0339329688,0.401014162
crossover,sub-minimum,5.20575313,129,15,7,8,0.0249446779,0.29479204
crossover,sub-minimum,5.20575313,129,16,7,9,0.016740113,0.197831861
crossover,sub-minimum,5.20575313,129,17,7,10,0.00951911511,0.112495314
crossover,sub-minimum,5.20575313,129,18,7,11,0.00339450612,0.0401157068
crossover,sub-minimum,5.20575313,129,19,7,12,-0.00159536435,-0.0188537496
crossover,sub-minimum,5.20575313,129,20,7,13,-0.00547537392,-0.0647070551
crossover,sub-minimum,5.20575313,129,21,7,14,-0.00831797666,-0.0983004599
crossover,sub-minimum,5.20575313,129,22,7,15,-0.0102307756,-0.120905599
crossover,sub-minimum,5.20575313,129,23,7,16,-0.0113424066,-0.134042669
crossover,sub-minimum,5.20575313,129,24,7,17,-0.0117925107,-0.139361924
crossover,sub-minimum,5.20575313,129,25,7,18,-0.0117213859,-0.138521383
crossover,sub-minimum,5.20575313,129,26,7,19,-0.0112637023,-0.133112553
crossover,sub-minimum,5.20575313,129,27,7,20,-0.0105423096,-0.124587256
crossover,sub-minimum,5.20575313,129,28,7,21,-0.0096655422,-0.114225765
crossover,sub-minimum,5.20575313,129,29,7,22,-0.00872450096,-0.103104696
crossover,sub-minimum,5.20575313,129,30,7,23,-0.00779306231,-0.0920971097
crossover,sub-minimum,5.20575313,129,31,7,24,-0.00692755678,-0.0818687098
crossover,sub-minimum,5.20575313,129,32,7,25,-0.00616842822,-0.0728974552
crossover,sub-minimum,5.20575313,129,33,7,26,-0.00554126175,-0.0654857065
crossover,sub-minimum,5.20575313,129,34,7,27,-0.00505918774,-0.0597886363
crossover,sub-minimum,5.20575313,129,35,7,28,-0.00472444838,-0.0558327425
crossover,sub-minimum,5.20575313,129,36,7,29,-0.00453090682,-0.0535455006
crossover,sub-minimum,5.20575313,129,37,7,30,-0.00446562637,-0.0527740272
crossover,sub-minimum,5.20575313,129,38,7,31,-0.00451111239,-0.0533115733
crossover,sub-minimum,5.20575313,129,39,7,32,-0.00464662511,-0.05491304
crossover,sub-minimum,5.20575313,129,40,7,33,-0.00484999051,-0.0573163784
crossover,sub-minimum,5.20575313,129,41,7,34,-0.00509854343,-0.0602537353
crossover,sub-minimum,5.20575313,129,42,7,35,-0.00537047668,-0.0634673971
crossover,sub-minimum,5.20575313,129,43,7,36,-0.0056454124,-0.0667165416
crossover,sub-minimum,5.20575313,129,44,7,37,-0.00590532733,-0.0697881728
crossover,sub-minimum,5.20575313,129,45,7,38,-0.00613479519,-0.0724999856
crossover,sub-minimum,5.20575313,129,46,7,39,-0.00632154953,-0.0747070173
crossover,sub-minimum,5.20575313,129,47,7,40,-0.00645645248,-0.0763012779
crossover,sub-minimum,5.20575313,129,48,7,41,-0.006533758,-0.0772148616
crossover,sub-minimum,5.20575313,129,49,7,42,-0.00655086061,-0.0774169774
crossover,sub-minimum,5.20575313,129,50,7,43,-0.00650831728,-0.0769142073
crossover,sub-minimum,5.20575313,129,51,7,44,-0.00640942603,-0.0757455271
crossover,sub-minimum,5.20575313,129,52,7,45,-0.00626006192,-0.0739803669
crossover,sub-minimum,5.20575313,129,53,7,46,-0.00606813562,-0.0717122139
crossover,sub-minimum,5.20575313,129,54,7,47,-0.00584329934,-0.0690551364
crossover,sub-minimum,5.20575313,129,55,7,48,-0.00559633907,-0.0661366011
crossover,sub-minimum,5.20575313,129,56,7,49,-0.00533881034,-0.0630931695
crossover,sub-minimum,5.20575313,129,57,7,50,-0.0050824221,-0.0600632161
crossover,sub-minimum,5.20575313,129,58,7,51,-0.00483866518,-0.0571825375
crossover,sub-minimum,5.20575313,129,59,7,52,-0.0046182476,-0.0545776794
crossover,sub-minimum,5.20575313,129,60,7,53,-0.00443077793,-0.0523621941
crossover,sub-minimum,5.20575313,129,61,7,54,-0.00428430798,-0.0506312366
crossover,sub-minimum,5.20575313,129,62,7,55,-0.00418512462,-0.0494591043
crossover,sub-minimum,5.20575313,129,63,7,56,-0.00413744489,-0.0488956332
crossover,sub-minimum,5.20575313,129,64,7,57,-0.00414335448,-0.0489654717
crossover,sub-minimum,5.20575313,129,65,7,58,-0.00420268097,-0.0496665823
crossover,sub-minimum,5.20575313,129,66,7,59,-0.00431309587,-0.0509714471
crossover,sub-minimum,5.20575313,129,67,7,60,-0.00447016868,-0.0528277074
crossover,sub-minimum,5.20575313,129,68,7,61,-0.00466762437,-0.0551612058
crossover,sub-minimum,5.20575313,129,69,7,62,-0.00489755658,-0.0578785063
crossover,sub-minimum,5.20575313,129,70,7,63,-0.00515080879,-0.0608713986
crossover,sub-minimum,5.20575313,129,71,7,64,-0.00541730324,-0.0640207856
crossover,sub-minimum,5.20575313,129,72,7,65,-0.00568649458,-0.0672020439
crossover,sub-minimum,5.20575313,129,73,7,66,-0.00594775504,-0.0702895764
crossover,sub-minimum,5.20575313,129,74,7,67,-0.00619083767,-0.0731622863
crossover,sub-minimum,5.20575313,129,75,7,68,-0.00640625111,-0.0757080064
crossover,sub-minimum,5.20575313,129,76,7,69,-0.00658566689,-0.0778283121
crossover,sub-minimum,5.20575313,129,77,7,70,-0.00672222035,-0.0794420781
crossover,sub-minimum,5.20575313,129,78,7,71,-0.00681080402,-0.0804889452
crossover,sub-minimum,5.20575313,129,79,7,72,-0.00684824414,-0.0809314063
crossover,sub-minimum,5.20575313,129,80,7,73,-0.00683343957,-0.0807564483
crossover,sub-minimum,5.20575313,129,81,7,74,-0.00676738359,-0.0799758098
crossover,sub-minimum,5.20575313,129,82,7,75,-0.00665313134,-0.0786255957
crossover,sub-minimum,5.20575313,129,83,7,76,-0.00649566195,-0.0767646487
crossover,sub-minimum,5.20575313,129,84,7,77,-0.00630168297,-0.0744722376
crossover,sub-minimum,5.20575313,129,85,7,78,-0.00607935402,-0.0718447911
crossover,sub-minimum,5.20575313,129,86,7,79,-0.00583796054,-0.0689920433
crossover,sub-minimum,5.20575313,129,87,7,80,-0.00558754225,-0.0660326418
crossover,sub-minimum,5.20575313,129,88,7,81,-0.00533848806,-0.0630893609
crossover,sub-minimum,5.20575313,129,89,7,82,-0.00510112758,-0.0602842743
crossover,sub-minimum,5.20575313,129,90,7,83,-0.00488531041,-0.057733783
crossover,sub-minimum,5.20575313,129,91,7,84,-0.00470002597,-0.0555441225
crossover,sub-minimum,5.20575313,129,92,7,85,-0.00455303131,-0.0538069641
crossover,sub-minimum,5.20575313,129,93,7,86,-0.00445056127,-0.0525959903
crossover,sub-minimum,5.20575313,129,94,7,87,-0.00439706096,-0.0519637326
crossover,sub-minimum,5.20575313,129,95,7,88,-0.00439503496,-0.0519397896
crossover,sub-minimum,5.20575313,129,96,7,89,-0.00444492275,-0.0525293553
crossover,sub-minimum,5.20575313,129,97,7,90,-0.00454511546,-0.053713416
crossover,sub-minimum,5.20575313,129,98,7,91,-0.00469198824,-0.055449134
crossover,sub-minimum,5.20575313,129,99,7,92,-0.00488008729,-0.0576720571
crossover,sub-minimum,5.20575313,129,100,7,93,-0.00510230679,-0.0602982101
crossover,sub-minimum,5.20575313,129,101,7,94,-0.00535022269,-0.0632280387
crossover,sub-minimum,5.20575313,129,102,7,95,-0.00561437538,-0.0663497512
crossover,sub-minimum,5.20575313,129,103,7,96,-0.00588470374,-0.0695444466
crossover,sub-minimum,5.20575313,129,104,7,97,-0.00615087452,-0.0726900085
crossover,sub-minimum,5.20575313,129,105,7,98,-0.00640275473,-0.0756666868
crossover,sub-minimum,5.20575313,129,106,7,99,-0.00663071956,-0.0783607371
crossover,sub-minimum,5.20575313,129,107,7,100,-0.006826103,-0.080669746
crossover,sub-minimum,5.20575313,129,108,7,101,-0.00698142545,-0.0825053208
crossover,sub-minimum,5.20575313,129,109,7,102,-0.007090785,-0.0837977136
crossover,sub-minimum,5.20575313,129,110,7,103,-0.00714997429,-0.0844972028
crossover,sub-minimum,5.20575313,129,111,7,104,-0.00715680986,-0.0845779844
crossover,sub-minimum,5.20575313,129,112,7,105,-0.00711113628,-0.0840382217
crossover,sub-minimum,5.20575313,129,113,7,106,-0.00701511102,-0.0829034112
crossover,sub-minimum,5.20575313,129,114,7,107,-0.00687308151,-0.0812249302
crossover,sub-minimum,5.20575313,129,115,7,108,-0.0066918001,-0.0790825767
crossover,sub-minimum,5.20575313,129,116,7,109,-0.00648005263,-0.0765801804
crossover,sub-minimum,5.20575313,129,117,7,110,-0.00624862729,-0.0738452344
crossover,sub-minimum,5.20575313,129,118,7,111,-0.00600935877,-0.071017599
crossover,sub-minimum,5.20575313,129,119,7,112,-0.00577448884,-0.0682419453
crossover,sub-minimum,5.20575313,129,120,7,113,-0.00555466075,-0.0656440537
crossover,sub-minimum,5.20575313,129,121,7,114,-0.00535745919,-0.0633135586
crossover,sub-minimum,5.20575313,129,122,7,115,-0.00518427645,-0.0612669138
crossover,sub-minimum,5.20575313,129,123,7,116,-0.00502874666,-0.0594288887
crossover,sub-minimum,5.20575313,129,124,7,117,-0.00487365886,-0.057596087
crossover,sub-minimum,5.20575313,129,125,7,118,-0.00469228595,-0.0554526522
crossover,sub-minimum,5.20575313,129,126,7,119,-0.00444893993,-0.0525768296
crossover,sub-minimum,5.20575313,129,127,7,120,-0.00411144602,-0.0485883828
crossover,sub-minimum,5.20575313,129,128,7,121,-0.00366461923,-0.0433078585
crossover,window,10.4115063,129,0,10,-10,0.00182236313,0.0209294898
crossover,window,10.4115063,129,1,10,-9,0.00726271496,0.0834108834
crossover,window,10.4115063,129,2,10,-8,0.0164652014,0.189099669
crossover,window,10.4115063,129,3,10,-7,0.0285122508,0.327457712
crossover,window,10.4115063,129,4,10,-6,0.0419758131,0.482084134
crossover,window,10.4115063,129,5,10,-5,0.0553643272,0.63584864
crossover,window,10.4115063,129,6,10,-4,0.0673588819,0.773603793
crossover,window,10.4115063,129,7,10,-3,0.0769711524,0.883998869
crossover,window,10.4115063,129,8,10,-2,0.0835793627,0.959892892
crossover,window,10.4115063,129,9,10,-1,0.0869285496,0.998357659
crossover,window,10.4115063,129,10,10,0,0.0870715507,1
crossover,window,10.4115063,129,11,10,1,0.0843073788,0.968254017
crossover,window,10.4115063,129,12,10,2,0.079098848,0.908435044
crossover,window,10.4115063,129,13,10,3,0.0720059421,0.826974384
crossover,window,10.4115063,129,14,10,4,0.0636178795,0.7306391
crossover,window,10.4115063,129,15,10,5,0.0545069927,0.626002319
crossover,window,10.4115063,129,16,10,6,0.0451880231,0.518975747
crossover,window,10.4115063,129,17,10,7,0.0360976496,0.414574557
crossover,window,10.4115063,129,18,10,8,0.0275791764,0.316741532
crossover,window,10.4115063,129,19,10,9,0.019882457,0.228346192
crossover,window,10.4115063,129,20,10,10,0.0131659574,0.151208487
crossover,window,10.4115063,129,21,10,11,0.00750854984,0.0862342496
crossover,window,10.4115063,129,22,10,12,0.00292020063,0.0335379421
crossover,window,10.4115063,129,23,10,13,-0.000642085149,-0.00737422434
crossover,window,10.4115063,129,24,10,14,-0.00326172499,-0.0374602837
crossover,window,10.4115063,129,25,10,15,-0.00504770416,-0.0579719106
crossover,window,10.4115063,129,26,10,16,-0.00612421246,-0.0703354013
crossover,window,10.4115063,129,27,10,17,-0.00661949461,-0.0760236215
crossover,window,10.4115063,129,28,10,18,-0.00665927376,-0.0764804773
crossover,window,10.4115063,129,29,10,19,-0.00635990093,-0.073042238
crossover,window,10.4115063,129,30,10,20,-0.00582553225,-0.0669051165
crossover,window,10.4115063,129,31,10,21,-0.00514495933,-0.0590888676
crossover,window,10.4115063,129,32,10,22,-0.00439165452,-0.0504373068
crossover,window,10.4115063,129,33,10,23,-0.0036231603,-0.0416112986
crossover,window,10.4115063,129,34,10,24,-0.00288287238,-0.0331092344
crossover,window,10.4115063,129,35,10,25,-0.00220084741,-0.0252763089
crossover,window,10.4115063,129,36,10,26,-0.00159631982,-0.0183334258
crossover,window,10.4115063,129,37,10,27,-0.00107902554,-0.0123924007
crossover,window,10.4115063,129,38,10,28,-0.000651737897,-0.0074850843
crossover,window,10.4115063,129,39,10,29,-0.000311524592,-0.00357779998
crossover,window,10.4115063,129,40,10,30,-5.18976013e-05,-0.000596033961
crossover,window,10.4115063,129,41,10,31,0.000136287308,0.0015652335
crossover,window,10.4115063,129,42,10,32,0.000263219555,0.00302302592
crossover,window,10.4115063,129,43,10,33,0.000339667942,0.00390102093
crossover,window,10.4115063,129,44,10,34,0.000375893941,0.00431706955
crossover,window,10.4115063,129,45,10,35,0.000381567365,0.00438222774
crossover,window,10.4115063,129,46,10,36,0.000365102191,0.00419312839
crossover,window,10.4115063,129,47,10,37,0.000333844921,0.00383414466
crossover,window,10.4115063,129,48,10,38,0.000293704373,0.00337313819
crossover,window,10.4115063,129,49,10,39,0.000249496662,0.00286542114
crossover,window,10.4115063,129,50,10,40,0.000204750916,0.00235152485
crossover,window,10.4115063,129,51,10,41,0.000162114639,0.00186185542
crossover,window,10.4115063,129,52,10,42,0.000123245321,0.00141544879
crossover,window,10.4115063,129,53,10,43,8.9209803e-05,0.00102455742
crossover,window,10.4115063,129,54,10,44,6.04033138e-05,0.000693720433
crossover,window,10.4115063,129,55,10,45,3.69054489e-05,0.000423851977
crossover,window,10.4115063,129,56,10,46,1.83953873e-05,0.000211267482
crossover,window,10.4115063,129,57,10,47,4.44977992e-06,5.11048658e-05
crossover,window,10.4115063,129,58,10,48,-5.55748678e-06,-6.38266659e-05
crossover,window,10.4115063,129,59,10,49,-1.2215279e-05,-0.000140290128
crossover,window,10.4115063,129,60,10,50,-1.61906387e-05,-0.000185946369
crossover,window,10.4115063,129,61,10,51,-1.80385122e-05,-0.00020716884
crossover,window,10.4115063,129,62,10,52,-1.83264262e-05,-0.000210475478
crossover,window,10.4115063,129,63,10,53,-1.74830575e-05,-0.00020078955
crossover,window,10.4115063,129,64,10,54,-1.59248095e-05,-0.000182893372
crossover,window,10.4115063,129,65,10,55,-1.39327589e-05,-0.000160015055
crossover,window,10.4115063,129,66,10,56,-1.17747542e-05,-0.000135230786
crossover,window,10.4115063,129,67,10,57,-9.60227273e-06,-0.000110280254
crossover,window,10.4115063,129,68,10,58,-7.56362284e-06,-8.68667524e-05
crossover,window,10.4115063,129,69,10,59,-5.71466403e-06,-6.56318163e-05
crossover,window,10.4115063,129,70,10,60,-4.12074073e-06,-4.73259141e-05
crossover,window,10.4115063,129,71,10,61,-2.77739701e-06,-3.189787e-05
crossover,window,10.4115063,129,72,10,62,-1.70033682e-06,-1.95280411e-05
crossover,window,10.4115063,129,73,10,63,-8.539188e-07,-9.80709305e-06
crossover,window,10.4115063,129,74,10,64,-2.29569083e-07,-2.63655672e-06
crossover,window,10.4115063,129,75,10,65,2.19071472e-07,2.51599369e-06
crossover,window,10.4115063,129,76,10,66,5.08227972e-07,5.83690043e-06
crossover,window,10.4115063,129,77,10,67,6.8271059e-07,7.84079971e-06
crossover,window,10.4115063,129,78,10,68,7.5719379e-07,8.69622493e-06
crossover,window,10.4115063,129,79,10,69,7.69052726e-07,8.83242252e-06
crossover,window,10.4115063,129,80,10,70,7.27555476e-07,8.3558346e-06
crossover,window,10.4115063,129,81,10,71,6.61007701e-07,7.59154621e-06
crossover,window,10.4115063,129,82,10,72,5.72714427e-07,6.57751495e-06
crossover,window,10.4115063,129,83,10,73,4.82666264e-07,5.54332913e-06
crossover,window,10.4115063,129,84,10,74,3.89316465e-07,4.47122466e-06
crossover,window,10.4115063,129,85,10,75,3.06116084e-07,3.5156843e-06
crossover,window,10.4115063,129,86,10,76,2.28336112e-07,2.6223963e-06
crossover,window,10.4115063,129,87,10,77,1.64825022e-07,1.89298365e-06
crossover,window,10.4115063,129,88,10,78,1.0925934e-07,1.25482249e-06
crossover,window,10.4115063,129,89,10,79,6.75382324e-08,7.75663599e-07
crossover,window,10.4115063,129,90,10,80,3.29618105e-08,3.78560049e-07
crossover,window,10.4115063,129,91,10,81,9.69134065e-09,1.11303182e-07
crossover,window,10.4115063,129,92,10,82,-8.56380149e-09,-9.83536117e-08
crossover,window,10.4115063,129,93,10,83,-1.86001221e-08,-2.13618822e-07
crossover,window,10.4115063,129,94,10,84,-2.58883949e-08,-2.97323232e-07
crossover,window,10.4115063,129,95,10,85,-2.7744964e-08,-3.18645571e-07
crossover,window,10.4115063,129,96,10,86,-2.868243e-08,-3.29412188e-07
crossover,window,10.4115063,129,97,10,87,-2.63324519e-08,-3.02423142e-07
crossover,window,10.4115063,129,98,10,88,-2.42795612e-08,-2.78846087e-07
crossover,window,10.4115063,129,99,10,89,-2.04030937e-08,-2.34325604e-07
crossover,window,10.4115063,129,100,10,90,-1.74745677e-08,-2.00692046e-07
crossover,window,10.4115063,129,101,10,91,-1.36186979e-08,-1.56408124e-07
crossover,window,10.4115063,129,102,10,92,-1.09369192e-08,-1.25608412e-07
crossover,window,10.4115063,129,103,10,93,-7.81682615e-09,-8.97747437e-08
crossover,window,10.4115063,129,104,10,94,-5.82742853e-09,-6.69268949e-08
crossover,window,10.4115063,129,105,10,95,-3.63222155e-09,-4.17153654e-08
crossover,window,10.4115063,129,106,10,96,-2.38497566e-09,-2.73909863e-08
crossover,window,10.4115063,129,107,10,97,-1.02410218e-09,-1.17616164e-08
crossover,window,10.4115063,129,108,10,98,-3.81144371e-10,-4.37736973e-09
crossover,window,10.4115063,129,109,10,99,3.46355878e-10,3.97783059e-09
crossover,window,10.4115063,129,110,10,100,5.77793861e-10,6.63585128e-09
crossover,window,10.4115063,129,111,10,101,8.83726021e-10,1.01494232e-08
crossover,window,10.4115063,129,112,10,102,8.8007e-10,1.01074346e-08
crossover,window,10.4115063,129,113,10,103,9.39608335e-10,1.07912209e-08
crossover,window,10.4115063,129,114,10,104,8.32222761e-10,9.55791821e-09
crossover,window,10.4115063,129,115,10,105,7.6982746e-10,8.8413202e-09
crossover,window,10.4115063,129,116,10,106,6.41467038e-10,7.36712546e-09
crossover,window,10.4115063,129,117,10,107,5.34821274e-10,6.14231938e-09
crossover,window,10.4115063,129,118,10,108,4.28186008e-10,4.91763388e-09
crossover,window,10.4115063,129,119,10,109,3.19456361e-10,3.66889481e-09
crossover,window,10.4115063,129,120,10,110,2.49433621e-10,2.86469713e-09
crossover,window,10.4115063,129,121,10,111,1.57489488e-10,1.80873645e-09
crossover,window,10.4115063,129,122,10,112,1.22529954e-10,1.40723293e-09
crossover,window,10.4115063,129,123,10,113,5.30283835e-11,6.09020777e-10
crossover,window,10.4115063,129,124,10,114,4.3828943e-11,5.03366974e-10
crossover,window,10.4115063,129,125,10,115,-3.87238975e-12,-4.44736509e-11
crossover,window,10.4115063,129,126,10,116,1.57791173e-12,1.81220125e-11
crossover,window,10.4115063,129,127,10,117,-2.79346573e-11,-3.20824162e-10
crossover,window,10.4115063,129,128,10,118,-1.57605094e-11,-1.81006417e-10
crossover,window,37.2057531,129,0,37,-37,3.94928384e-05,0.000441387366
crossover,window,37.2057531,129,1,37,-36,4.67091634e-05,0.00052203983
crossover,window,37.2057531,129,2,37,-35,5.30635236e-05,0.000593058638
crossover,window,37.2057531,129,3,37,-34,5.75710211e-05,0.000643436188
crossover,window,37.2057531,129,4,37,-33,5.86845997e-05,0.000655881977
crossover,window,37.2057531,129,5,37,-32,5.46126557e-05,0.000610372343
crossover,window,37.2057531,129,6,37,-31,4.28634665e-05,0.000479058821
crossover,window,37.2057531,129,7,37,-30,2.06658069e-05,0.000230969119
crossover,window,37.2057531,129,8,37,-29,-1.55028502e-05,-0.000173265901
crossover,window,37.2057531,129,9,37,-28,-6.93161596e-05,-0.000774704437
crossover,window,37.2057531,129,10,37,-27,-0.000145032956,-0.00162094489
crossover,window,37.2057531,129,11,37,-26,-0.000246599125,-0.00275608801
crossover,window,37.2057531,129,12,37,-25,-0.000377960249,-0.00422423117
crossover,window,37.2057531,129,13,37,-24,-0.000541696788,-0.00605421459
crossover,window,37.2057531,129,14,37,-23,-0.000739105646,-0.00826053299
crossover,window,37.2057531,129,15,37,-22,-0.000968147983,-0.0108203995
crossover,window,37.2057531,129,16,37,-21,-0.00122318449,-0.013670787
crossover,window,37.2057531,129,17,37,-20,-0.00149197458,-0.0166748899
crossover,window,37.2057531,129,18,37,-19,-0.00175499512,-0.01961451
crossover,window,37.2057531,129,19,37,-18,-0.00198121892,-0.0221428755
crossover,window,37.2057531,129,20,37,-17,-0.00212709163,-0.0237732057
crossover,window,37.2057531,129,21,37,-16,-0.00213085373,-0.0238152524
crossover,window,37.2057531,129,22,37,-15,-0.00191157532,-0.0213645114
crossover,window,37.2057531,129,23,37,-14,-0.00136186044,-0.0152206835
crossover,window,37.2057531,129,24,37,-13,-0.000347991041,-0.00388928361
crossover,window,37.2057531,129,25,37,-12,0.00129915505,0.0145198635
crossover,window,37.2057531,129,26,37,-11,0.00378047035,0.0422520112
crossover,window,37.2057531,129,27,37,-10,0.00734032417,0.082038326
crossover,window,37.2057531,129,28,37,-9,0.0122537329,0.136952499
crossover,window,37.2057531,129,29,37,-8,0.0188460271,0.21063055
crossover,window,37.2057531,129,30,37,-7,0.0274508871,0.306801821
crossover,window,37.2057531,129,31,37,-6,0.0384859559,0.430134055
crossover,window,37.2057531,129,32,37,-5,0.0520110977,0.581296315
crossover,window,37.2057531,129,33,37,-4,0.0657930861,0.735329193
crossover,window,37.2057531,129,34,37,-3,0.0773655121,0.86466714
crossover,window,37.2057531,129,35,37,-2,0.0854020684,0.954486828
crossover,window,37.2057531,129,36,37,-1,0.0894000792,0.999170156
crossover,window,37.2057531,129,37,37,0,0.0894743289,1
crossover,window,37.2057531,129,38,37,1,0.0861063342,0.962357977
crossover,window,37.2057531,129,39,37,2,0.0799963605,0.894070528
crossover,window,37.2057531,129,40,37,3,0.0719155781,0.803756552
crossover,window,37.2057531,129,41,37,4,0.0626266362,0.699939715
crossover,window,37.2057531,129,42,37,5,0.0528119954,0.59024746
crossover,window,37.2057531,129,43,37,6,0.0430472456,0.481112808
crossover,window,37.2057531,129,44,37,7,0.0337787995,0.377525039
crossover,window,37.2057531,129,45,37,8,0.025329203,0.283089052
crossover,window,37.2057531,129,46,37,9,0.0179014917,0.200074054
crossover,window,37.2057531,129,47,37,10,0.0115990183,0.129635152
crossover,window,37.2057531,129,48,37,11,0.00644026434,0.0719789063
crossover,window,37.2057531,129,49,37,12,0.00238144171,0.0266159214
crossover,window,37.2057531,129,50,37,13,-0.000667971839,-0.00746551382
crossover,window,37.2057531,129,51,37,14,-0.00282616291,-0.0315862991
crossover,window,37.2057531,129,52,37,15,-0.00422731985,-0.0472461755
crossover,window,37.2057531,129,53,37,16,-0.00500837074,-0.0559755049
crossover,window,37.2057531,129,54,37,17,-0.00530238434,-0.0592615156
crossover,window,37.2057531,129,55,37,18,-0.0052309445,-0.0584630761
crossover,window,37.2057531,129,56,37,19,-0.00490195086,-0.0547861148
crossover,window,37.2057531,129,57,37,20,-0.00440631378,-0.0492466816
crossover,window,37.2057531,129,58,37,21,-0.00381877351,-0.0426801023
crossover,window,37.2057531,129,59,37,22,-0.00319733399,-0.0357346518
crossover,window,37.2057531,129,60,37,23,-0.00258569564,-0.0288987431
crossover,window,37.2057531,129,61,37,24,-0.00201406263,-0.0225099496
crossover,window,37.2057531,129,62,37,25,-0.00150209483,-0.0167879977
crossover,window,37.2057531,129,63,37,26,-0.00106012497,-0.0118483702
crossover,window,37.2057531,129,64,37,27,-0.000691935651,-0.00773334273
crossover,window,37.2057531,129,65,37,28,-0.000395827844,-0.00442392638
crossover,window,37.2057531,129,66,37,29,-0.000166882916,-0.00186514856
crossover,window,37.2057531,129,67,37,30,2.35707551e-06,2.63435953e-05
crossover,window,37.2057531,129,68,37,31,0.000120228616,0.00134372191
crossover,window,37.2057531,129,69,37,32,0.000195686103,0.00218706422
crossover,window,37.2057531,129,70,37,33,0.000237179869,0.00265081473
crossover,window,37.2057531,129,71,37,34,0.000252737042,0.00282468777
crossover,window,37.2057531,129,72,37,35,0.000249251507,0.00278573206
crossover,window,37.2057531,129,73,37,36,0.000232790252,0.00260175465
crossover,window,37.2057531,129,74,37,37,0.000208159866,0.00232647586
crossover,window,37.2057531,129,75,37,38,0.000179327935,0.00200423895
crossover,window,37.2057531,129,76,37,39,0.000149152097,0.00166698202
crossover,window,37.2057531,129,77,37,40,0.000119831893,0.00133928797
crossover,window,37.2057531,129,78,37,41,9.27186861e-05,0.0010362602
crossover,window,37.2057531,129,79,37,42,6.87439156e-05,0.000768308815
crossover,window,37.2057531,129,80,37,43,4.82595079e-05,0.000539367085
crossover,window,37.2057531,129,81,37,44,3.14150729e-05,0.000351107108
crossover,window,37.2057531,129,82,37,45,1.80031538e-05,0.000201210269
crossover,window,37.2057531,129,83,37,46,7.77710154e-06,8.69199203e-05
crossover,window,37.2057531,129,84,37,47,2.92127717e-07,3.26493332e-06
crossover,window,37.2057531,129,85,37,48,-4.83279382e-06,-5.40131888e-05
crossover,window,37.2057531,129,86,37,49,-8.07769258e-06,-9.0279443e-05
crossover,window,37.2057531,129,87,37,50,-9.80682205e-06,-0.000109604868
crossover,window,37.2057531,129,88,37,51,-1.04307923e-05,-0.000116578603
crossover,window,37.2057531,129,89,37,52,-1.02287127e-05,-0.000114320083
crossover,window,37.2057531,129,90,37,53,-9.50452387e-06,-0.000106226266
crossover,window,37.2057531,129,91,37,54,-8.436861e-06,-9.42936493e-05
crossover,window,37.2057531,129,92,37,55,-7.22542776e-06,-8.0754199e-05
crossover,window,37.2057531,129,93,37,56,-5.96136386e-06,-6.66265277e-05
crossover,window,37.2057531,129,94,37,57,-4.76111005e-06,-5.3212023e-05
crossover,window,37.2057531,129,95,37,58,-3.65216991e-06,-4.08180755e-05
crossover,window,37.2057531,129,96,37,59,-2.69345213e-06,-3.01030716e-05
crossover,window,37.2057531,129,97,37,60,-1.87309546e-06,-2.09344455e-05
crossover,window,37.2057531,129,98,37,61,-1.21544261e-06,-1.35842607e-05
crossover,window,37.2057531,129,99,37,62,-6.88891485e-07,-7.69931994e-06
crossover,window,37.2057531,129,100,37,63,-3.00387052e-07,-3.35724286e-06
crossover,window,37.2057531,129,101,37,64,-1.20896874e-08,-1.35119062e-07
crossover,window,37.2057531,129,102,37,65,1.75373661e-07,1.96004444e-06
crossover,window,37.2057531,129,103,37,66,2.981726e-07,3.33249329e-06
crossover,window,37.2057531,129,104,37,67,3.55937069e-07,3.97809152e-06
crossover,window,37.2057531,129,105,37,68,3.79488565e-07,4.24131222e-06
crossover,window,37.2057531,129,106,37,69,3.66170862e-07,4.09246838e-06
crossover,window,37.2057531,129,107,37,70,3.40518738e-07,3.80577024e-06
crossover,window,37.2057531,129,108,37,71,2.97161423e-07,3.32119198e-06
crossover,window,37.2057531,129,109,37,72,2.54898899e-07,2.84884952e-06
crossover,window,37.2057531,129,110,37,73,2.06255651e-07,2.30519361e-06
crossover,window,37.2057531,129,111,37,74,1.65454881e-07,1.84918828e-06
crossover,window,37.2057531,129,112,37,75,1.23857265e-07,1.3842771e-06
crossover,window,37.2057531,129,113,37,76,9.23378828e-08,1.0320042e-06
crossover,window,37.2057531,129,114,37,77,6.19734339e-08,6.9263927e-07
crossover,window,37.2057531,129,115,37,78,4.13258337e-08,4.61873637e-07
crossover,window,37.2057531,129,116,37,79,2.18398301e-08,2.4409046e-07
crossover,window,37.2057531,129,117,37,80,1.05207971e-08,1.17584532e-07
crossover,window,37.2057531,129,118,37,81,-4.22787538e-10,-4.72523843e-09
crossover,window,37.2057531,129,119,37,82,-5.04787233e-09,-5.64169901e-08
crossover,window,37.2057531,129,120,37,83,-1.02020274e-08,-1.14021838e-07
crossover,window,37.2057531,129,121,37,84,-1.07134608e-08,-1.19737816e-07
crossover,window,37.2057531,129,122,37,85,-1.24567117e-08,-1.39221069e-07
crossover,window,37.2057531,129,123,37,86,-1.08761507e-08,-1.21556103e-07
crossover,window,37.2057531,129,124,37,87,-1.09336265e-08,-1.22198475e-07
crossover,window,37.2057531,129,125,37,88,-8.61336745e-09,-9.62663543e-08
crossover,window,37.2057531,129,126,37,89,-8.06658257e-09,-9.01552733e-08
crossover,window,37.2057531,129,127,37,90,-5.77889777e-09,-6.45872156e-08
crossover,window,37.2057531,129,128,37,91,-5.20328959e-09,-5.8153994e-08
crossover,window,64,129,0,64,-64,2.88349053e-08,3.11568506e-07
crossover,window,64,129,1,64,-63,-6.56830552e-08,-7.09722165e-07
crossover,window,64,129,2,64,-62,-2.15305329e-07,-2.326429e-06
crossover,window,64,129,3,64,-61,-4.08452568e-07,-4.41343418e-06
crossover,window,64,129,4,64,-60,-6.75760662e-07,-7.30176633e-06
crossover,window,64,129,5,64,-59,-1.00108787e-06,-1.08170098e-05
crossover,window,64,129,6,64,-58,-1.41297108e-06,-1.5267513e-05
crossover,window,64,129,7,64,-57,-1.88447302e-06,-2.03622116e-05
crossover,window,64,129,8,64,-56,-2.43463956e-06,-2.63069014e-05
crossover,window,64,129,9,64,-55,-3.01582254e-06,-3.25867318e-05
crossover,window,64,129,10,64,-54,-3.62641497e-06,-3.91843388e-05
crossover,window,64,129,11,64,-53,-4.18437835e-06,-4.52132754e-05
crossover,window,64,129,12,64,-52,-4.65311767e-06,-5.02781234e-05
crossover,window,64,129,13,64,-51,-4.90026736e-06,-5.29486387e-05
crossover,window,64,129,14,64,-50,-4.8394974e-06,-5.22920038e-05
crossover,window,64,129,15,64,-49,-4.27423565e-06,-4.61842064e-05
crossover,window,64,129,16,64,-48,-3.05953044e-06,-3.30590068e-05
crossover,window,64,129,17,64,-47,-9.31311286e-07,-1.0063056e-05
crossover,window,64,129,18,64,-46,2.30586334e-06,2.49154416e-05
crossover,window,64,129,19,64,-45,6.96232275e-06,7.52296732e-05
crossover,window,64,129,20,64,-44,1.32419726e-05,0.000143082892
crossover,window,64,129,21,64,-43,2.143606e-05,0.000231622097
crossover,window,64,129,22,64,-42,3.16591506e-05,0.000342085198
crossover,window,64,129,23,64,-41,4.40507745e-05,0.000475979855
crossover,window,64,129,24,64,-40,5.84594003e-05,0.000631668732
crossover,window,64,129,25,64,-39,7.46520097e-05,0.000806634007
crossover,window,64,129,26,64,-38,9.19393843e-05,0.000993428499
crossover,window,64,129,27,64,-37,0.000109400061,0.00118209557
crossover,window,64,129,28,64,-36,0.000125447438,0.00135549157
crossover,window,64,129,29,64,-35,0.000138087005,0.00149206531
crossover,window,64,129,30,64,-34,0.000144439442,0.00156070502
crossover,window,64,129,31,64,-33,0.000141070352,0.00152430113
crossover,window,64,129,32,64,-32,0.00012350488,0.00133450173
crossover,window,64,129,33,64,-31,8.66980409e-05,0.000936794447
crossover,window,64,129,34,64,-30,2.46046613e-05,0.000265859642
crossover,window,64,129,35,64,-29,-6.91063379e-05,-0.000746711608
crossover,window,64,129,36,64,-28,-0.000201332433,-0.00217544829
crossover,window,64,129,37,64,-27,-0.000378441284,-0.0040891546
crossover,window,64,129,38,64,-26,-0.000606285922,-0.00655107404
crossover,window,64,129,39,64,-25,-0.000888569194,-0.00960121679
crossover,window,64,129,40,64,-24,-0.0012264854,-0.0132524875
crossover,window,64,129,41,64,-23,-0.00161640765,-0.017465697
crossover,window,64,129,42,64,-22,-0.00204911478,-0.0221412079
crossover,window,64,129,43,64,-21,-0.00250675644,-0.0270861427
crossover,window,64,129,44,64,-20,-0.00296179072,-0.0320029042
crossover,window,64,129,45,64,-19,-0.00337338715,-0.0364503087
crossover,window,64,129,46,64,-18,-0.00368651107,-0.0398336925
crossover,window,64,129,47,64,-17,-0.00382827797,-0.04136552
crossover,window,64,129,48,64,-16,-0.00370810976,-0.0400670718
crossover,window,64,129,49,64,-15,-0.00321506685,-0.0347396175
crossover,window,64,129,50,64,-14,-0.00222067106,-0.0239949172
crossover,window,64,129,51,64,-13,-0.000578866918,-0.0062548047
crossover,window,64,129,52,64,-12,0.00186610601,0.0201637514
crossover,window,64,129,53,64,-11,0.00527488822,0.0569965127
crossover,window,64,129,54,64,-10,0.00979695272,0.105858573
crossover,window,64,129,55,64,-9,0.0155584706,0.168113243
crossover,window,64,129,56,64,-8,0.022634544,0.244572022
crossover,window,64,129,57,64,-7,0.0310280787,0.335266305
crossover,window,64,129,58,64,-6,0.0406269827,0.438984911
crossover,window,64,129,59,64,-5,0.0511751968,0.552961055
crossover,window,64,129,60,64,-4,0.0622123193,0.672219979
crossover,window,64,129,61,64,-3,0.0730454325,0.78927453
crossover,window,64,129,62,64,-2,0.082666641,0.893234142
crossover,window,64,129,63,64,-1,0.0897582255,0.969860521
crossover,window,64,129,64,64,0,0.0925475607,1
crossover,window,64,129,65,64,1,0.0897582255,0.969860521
crossover,window,64,129,66,64,2,0.082666641,0.893234142
crossover,window,64,129,67,64,3,0.0730454325,0.78927453
crossover,window,64,129,68,64,4,0.0622123193,0.672219979
crossover,window,64,129,69,64,5,0.0511751968,0.552961055
crossover,window,64,129,70,64,6,0.0406269827,0.438984911
crossover,window,64,129,71,64,7,0.0310280787,0.335266305
crossover,window,64,129,72,64,8,0.022634544,0.244572022
crossover,window,64,129,73,64,9,0.0155584706,0.168113243
crossover,window,64,129,74,64,10,0.00979695272,0.105858573
crossover,window,64,129,75,64,11,0.00527488822,0.0569965127
crossover,window,64,129,76,64,12,0.00186610601,0.0201637514
crossover,window,64,129,77,64,13,-0.000578866918,-0.0062548047
crossover,window,64,129,78,64,14,-0.00222067106,-0.0239949172
crossover,window,64,129,79,64,15,-0.00321506685,-0.0347396175
crossover,window,64,129,80,64,16,-0.00370810976,-0.0400670718
crossover,window,64,129,81,64,17,-0.00382827797,-0.04136552
crossover,window,64,129,82,64,18,-0.00368651107,-0.0398336925
crossover,window,64,129,83,64,19,-0.00337338715,-0.0364503087
crossover,window,64,129,84,64,20,-0.00296179072,-0.0320029042
crossover,window,64,129,85,64,21,-0.00250675644,-0.0270861427
crossover,window,64,129,86,64,22,-0.00204911478,-0.0221412079
crossover,window,64,129,87,64,23,-0.00161640765,-0.017465697
crossover,window,64,129,88,64,24,-0.0012264854,-0.0132524875
crossover,window,64,129,89,64,25,-0.000888569194,-0.00960121679
crossover,window,64,129,90,64,26,-0.000606285922,-0.00655107404
crossover,window,64,129,91,64,27,-0.000378441284,-0.0040891546
crossover,window,64,129,92,64,28,-0.000201332433,-0.00217544829
crossover,window,64,129,93,64,29,-6.91063379e-05,-0.000746711608
crossover,window,64,129,94,64,30,2.46046613e-05,0.000265859642
crossover,window,64,129,95,64,31,8.66980409e-05,0.000936794447
crossover,window,64,129,96,64,32,0.00012350488,0.00133450173
crossover,window,64,129,97,64,33,0.000141070352,0.00152430113
crossover,window,64,129,98,64,34,0.000144439442,0.00156070502
crossover,window,64,129,99,64,35,0.000138087005,0.00149206531
crossover,window,64,129,100,64,36,0.000125447438,0.00135549157
crossover,window,64,129,101,64,37,0.000109400061,0.00118209557
crossover,window,64,129,102,64,38,9.19393843e-05,0.000993428499
crossover,window,64,129,103,64,39,7.46520097e-05,0.000806634007
crossover,window,64,129,104,64,40,5.84594003e-05,0.000631668732
crossover,window,64,129,105,64,41,4.40507745e-05,0.000475979855
crossover,window,64,129,106,64,42,3.16591506e-05,0.000342085198
crossover,window,64,129,107,64,43,2.143606e-05,0.000231622097
crossover,window,64,129,108,64,44,1.32419726e-05,0.000143082892
crossover,window,64,129,109,64,45,6.96232275e-06,7.52296732e-05
crossover,window,64,129,110,64,46,2.30586334e-06,2.49154416e-05
crossover,window,64,129,111,64,47,-9.31311286e-07,-1.0063056e-05
crossover,window,64,129,112,64,48,-3.05953044e-06,-3.30590068e-05
crossover,window,64,129,113,64,49,-4.27423565e-06,-4.61842064e-05
crossover,window,64,129,114,64,50,-4.8394974e-06,-5.22920038e-05
crossover,window,64,129,115,64,51,-4.90026736e-06,-5.29486387e-05
crossover,window,64,129,116,64,52,-4.65311767e-06,-5.02781234e-05
crossover,window,64,129,117,64,53,-4.18437835e-06,-4.52132754e-05
crossover,window,64,129,118,64,54,-3.62641497e-06,-3.91843388e-05
crossover,window,64,129,119,64,55,-3.01582254e-06,-3.25867318e-05
crossover,window,64,129,120,64,56,-2.43463956e-06,-2.63069014e-05
crossover,window,64,129,121,64,57,-1.88447302e-06,-2.03622116e-05
crossover,window,64,129,122,64,58,-1.41297108e-06,-1.5267513e-05
crossover,window,64,129,123,64,59,-1.00108787e-06,-1.08170098e-05
crossover,window,64,129,124,64,60,-6.75760662e-07,-7.30176633e-06
crossover,window,64,129,125,64,61,-4.08452568e-07,-4.41343418e-06
crossover,window,64,129,126,64,62,-2.15305329e-07,-2.326429e-06
crossover,window,64,129,127,64,63,-6.56830552e-08,-7.09722165e-07
crossover,window,64,129,128,64,64,2.88349053e-08,3.11568506e-07
crossover,window,90.7942469,129,0,91,-91,-5.20328959e-09,-5.8153994e-08
crossover,window,90.7942469,129,1,91,-90,-5.77889777e-09,-6.45872156e-08
crossover,window,90.7942469,129,2,91,-89,-8.06658257e-09,-9.01552732e-08
crossover,window,90.7942469,129,3,91,-88,-8.61336744e-09,-9.62663542e-08
crossover,window,90.7942469,129,4,91,-87,-1.09336265e-08,-1.22198475e-07
crossover,window,90.7942469,129,5,91,-86,-1.08761507e-08,-1.21556103e-07
crossover,window,90.7942469,129,6,91,-85,-1.24567117e-08,-1.39221069e-07
crossover,window,90.7942469,129,7,91,-84,-1.07134608e-08,-1.19737816e-07
crossover,window,90.7942469,129,8,91,-83,-1.02020274e-08,-1.14021838e-07
crossover,window,90.7942469,129,9,91,-82,-5.04787234e-09,-5.64169902e-08
crossover,window,90.7942469,129,10,91,-81,-4.22787539e-10,-4.72523845e-09
crossover,window,90.7942469,129,11,91,-80,1.05207971e-08,1.17584532e-07
crossover,window,90.7942469,129,12,91,-79,2.18398301e-08,2.4409046e-07
crossover,window,90.7942469,129,13,91,-78,4.13258338e-08,4.61873637e-07
crossover,window,90.7942469,129,14,91,-77,6.19734339e-08,6.9263927e-07
crossover,window,90.7942469,129,15,91,-76,9.23378828e-08,1.0320042e-06
crossover,window,90.7942469,129,16,91,-75,1.23857265e-07,1.3842771e-06
crossover,window,90.7942469,129,17,91,-74,1.65454881e-07,1.84918828e-06
crossover,window,90.7942469,129,18,91,-73,2.06255651e-07,2.30519361e-06
crossover,window,90.7942469,129,19,91,-72,2.54898899e-07,2.84884952e-06
crossover,window,90.7942469,129,20,91,-71,2.97161423e-07,3.32119198e-06
crossover,window,90.7942469,129,21,91,-70,3.40518738e-07,3.80577024e-06
crossover,window,90.7942469,129,22,91,-69,3.66170862e-07,4.09246838e-06
crossover,window,90.7942469,129,23,91,-68,3.79488565e-07,4.24131222e-06
crossover,window,90.7942469,129,24,91,-67,3.55937069e-07,3.97809152e-06
crossover,window,90.7942469,129,25,91,-66,2.981726e-07,3.33249329e-06
crossover,window,90.7942469,129,26,91,-65,1.75373661e-07,1.96004444e-06
crossover,window,90.7942469,129,27,91,-64,-1.20896874e-08,-1.35119062e-07
crossover,window,90.7942469,129,28,91,-63,-3.00387052e-07,-3.35724286e-06
crossover,window,90.7942469,129,29,91,-62,-6.88891485e-07,-7.69931994e-06
crossover,window,90.7942469,129,30,91,-61,-1.21544261e-06,-1.35842607e-05
crossover,window,90.7942469,129,31,91,-60,-1.87309546e-06,-2.09344455e-05
crossover,window,90.7942469,129,32,91,-59,-2.69345213e-06,-3.01030716e-05
crossover,window,90.7942469,129,33,91,-58,-3.65216991e-06,-4.08180755e-05
crossover,window,90.7942469,129,34,91,-57,-4.76111005e-06,-5.3212023e-05
crossover,window,90.7942469,129,35,91,-56,-5.96136386e-06,-6.66265277e-05
crossover,window,90.7942469,129,36,91,-55,-7.22542776e-06,-8.0754199e-05
crossover,window,90.7942469,129,37,91,-54,-8.436861e-06,-9.42936493e-05
crossover,window,90.7942469,129,38,91,-53,-9.50452387e-06,-0.000106226266
crossover,window,90.7942469,129,39,91,-52,-1.02287127e-05,-0.000114320083
crossover,window,90.7942469,129,40,91,-51,-1.04307923e-05,-0.000116578603
crossover,window,90.7942469,129,41,91,-50,-9.80682205e-06,-0.000109604868
crossover,window,90.7942469,129,42,91,-49,-8.07769258e-06,-9.0279443e-05
crossover,window,90.7942469,129,43,91,-48,-4.83279382e-06,-5.40131888e-05
crossover,window,90.7942469,129,44,91,-47,2.92127717e-07,3.26493332e-06
crossover,window,90.7942469,129,45,91,-46,7.77710154e-06,8.69199203e-05
crossover,window,90.7942469,129,46,91,-45,1.80031538e-05,0.000201210269
crossover,window,90.7942469,129,47,91,-44,3.14150729e-05,0.000351107108
crossover,window,90.7942469,129,48,91,-43,4.82595079e-05,0.000539367085
crossover,window,90.7942469,129,49,91,-42,6.87439156e-05,0.000768308815
crossover,window,90.7942469,129,50,91,-41,9.27186861e-05,0.0010362602
crossover,window,90.7942469,129,51,91,-40,0.000119831893,0.00133928797
crossover,window,90.7942469,129,52,91,-39,0.000149152097,0.00166698202
crossover,window,90.7942469,129,53,91,-38,0.000179327935,0.00200423895
crossover,window,90.7942469,129,54,91,-37,0.000208159866,0.00232647586
crossover,window,90.7942469,129,55,91,-36,0.000232790252,0.00260175465
crossover,window,90.7942469,129,56,91,-35,0.000249251507,0.00278573206
crossover,window,90.7942469,129,57,91,-34,0.000252737042,0.00282468777
crossover,window,90.7942469,129,58,91,-33,0.000237179869,0.00265081473
crossover,window,90.7942469,129,59,91,-32,0.000195686103,0.00218706422
crossover,window,90.7942469,129,60,91,-31,0.000120228616,0.00134372191
crossover,window,90.7942469,129,61,91,-30,2.35707551e-06,2.63435953e-05
crossover,window,90.7942469,129,62,91,-29,-0.000166882916,-0.00186514856
crossover,window,90.7942469,129,63,91,-28,-0.000395827844,-0.00442392638
crossover,window,90.7942469,129,64,91,-27,-0.000691935651,-0.00773334273
crossover,window,90.7942469,129,65,91,-26,-0.00106012497,-0.0118483702
crossover,window,90.7942469,129,66,91,-25,-0.00150209483,-0.0167879977
crossover,window,90.7942469,129,67,91,-24,-0.00201406263,-0.0225099496
crossover,window,90.7942469,129,68,91,-23,-0.00258569564,-0.0288987431
crossover,window,90.7942469,129,69,91,-22,-0.00319733399,-0.0357346518
crossover,window,90.7942469,129,70,91,-21,-0.00381877351,-0.0426801023
crossover,window,90.7942469,129,71,91,-20,-0.00440631378,-0.0492466816
crossover,window,90.7942469,129,72,91,-19,-0.00490195086,-0.0547861148
crossover,window,90.7942469,129,73,91,-18,-0.0052309445,-0.0584630761
crossover,window,90.7942469,129,74,91,-17,-0.00530238434,-0.0592615156
crossover,window,90.7942469,129,75,91,-16,-0.00500837074,-0.0559755049
crossover,window,90.7942469,129,76,91,-15,-0.00422731985,-0.0472461755
crossover,window,90.7942469,129,77,91,-14,-0.00282616291,-0.0315862991
crossover,window,90.7942469,129,78,91,-13,-0.000667971839,-0.00746551382
crossover,window,90.7942469,129,79,91,-12,0.00238144171,0.0266159214
crossover,window,90.7942469,129,80,91,-11,0.00644026434,0.0719789063
crossover,window,90.7942469,129,81,91,-10,0.0115990183,0.129635152
crossover,window,90.7942469,129,82,91,-9,0.0179014917,0.200074054
crossover,window,90.7942469,129,83,91,-8,0.025329203,0.283089052
crossover,window,90.7942469,129,84,91,-7,0.0337787995,0.377525039
crossover,window,90.7942469,129,85,91,-6,0.0430472456,0.481112808
crossover,window,90.7942469,129,86,91,-5,0.0528119954,0.59024746
crossover,window,90.7942469,129,87,91,-4,0.0626266362,0.699939715
crossover,window,90.7942469,129,88,91,-3,0.0719155781,0.803756552
crossover,window,90.7942469,129,89,91,-2,0.0799963605,0.894070528
crossover,window,90.7942469,129,90,91,-1,0.0861063342,0.962357977
crossover,window,90.7942469,129,91,91,0,0.0894743289,1
crossover,window,90.7942469,129,92,91,1,0.0894000792,0.999170156
crossover,window,90.7942469,129,93,91,2,0.0854020684,0.954486828
crossover,window,90.7942469,129,94,91,3,0.0773655121,0.86466714
crossover,window,90.7942469,129,95,91,4,0.0657930861,0.735329193
crossover,window,90.7942469,129,96,91,5,0.0520110977,0.581296315
crossover,window,90.7942469,129,97,91,6,0.0384859559,0.430134055
crossover,window,90.7942469,129,98,91,7,0.0274508871,0.306801821
crossover,window,90.7942469,129,99,91,8,0.0188460271,0.21063055
crossover,window,90.7942469,129,100,91,9,0.0122537329,0.136952499
crossover,window,90.7942469,129,101,91,10,0.00734032417,0.082038326
crossover,window,90.7942469,129,102,91,11,0.00378047035,0.0422520112
crossover,window,90.7942469,129,103,91,12,0.00129915505,0.0145198635
crossover,window,90.7942469,129,104,91,13,-0.000347991041,-0.00388928361
crossover,window,90.7942469,129,105,91,14,-0.00136186044,-0.0152206835
crossover,window,90.7942469,129,106,91,15,-0.00191157532,-0.0213645114
crossover,window,90.7942469,129,107,91,16,-0.00213085373,-0.0238152524
crossover,window,90.7942469,129,108,91,17,-0.00212709163,-0.0237732057
crossover,window,90.7942469,129,109,91,18,-0.00198121892,-0.0221428755
crossover,window,90.7942469,129,110,91,19,-0.00175499512,-0.01961451
crossover,window,90.7942469,129,111,91,20,-0.00149197458,-0.0166748899
crossover,window,90.7942469,129,112,91,21,-0.00122318449,-0.013670787
crossover,window,90.7942469,129,113,91,22,-0.000968147983,-0.0108203995
crossover,window,90.7942469,129,114,91,23,-0.000739105646,-0.00826053299
crossover,window,90.7942469,129,115,91,24,-0.000541696788,-0.00605421459
crossover,window,90.7942469,129,116,91,25,-0.000377960249,-0.00422423117
crossover,window,90.7942469,129,117,91,26,-0.000246599125,-0.00275608801
crossover,window,90.7942469,129,118,91,27,-0.000145032956,-0.00162094489
crossover,window,90.7942469,129,119,91,28,-6.93161596e-05,-0.000774704437
crossover,window,90.7942469,129,120,91,29,-1.55028502e-05,-0.000173265901
crossover,window,90.7942469,129,121,91,30,2.06658069e-05,0.000230969119
crossover,window,90.7942469,129,122,91,31,4.28634665e-05,0.000479058821
crossover,window,90.7942469,129,123,91,32,5.46126557e-05,0.000610372343
crossover,window,90.7942469,129,124,91,33,5.86845997e-05,0.000655881977
crossover,window,90.7942469,129,125,91,34,5.75710211e-05,0.000643436188
crossover,window,90.7942469,129,126,91,35,5.30635236e-05,0.000593058638
crossover,window,90.7942469,129,127,91,36,4.67091634e-05,0.00052203983
crossover,window,90.7942469,129,128,91,37,3.94928384e-05,0.000441387366
crossover,window,117.588494,129,0,118,-118,-1.57604959e-11,-1.81006261e-10
crossover,window,117.588494,129,1,118,-117,-2.79346417e-11,-3.20823982e-10
crossover,window,117.588494,129,2,118,-116,1.57792294e-12,1.81221412e-11
crossover,window,117.588494,129,3,118,-115,-3.87237692e-12,-4.44735035e-11
crossover,window,117.588494,129,4,118,-114,4.38289518e-11,5.03367075e-10
crossover,window,117.588494,129,5,118,-113,5.30283877e-11,6.09020825e-10
crossover,window,117.588494,129,6,118,-112,1.22529957e-10,1.40723297e-09
crossover,window,117.588494,129,7,118,-111,1.57489491e-10,1.80873649e-09
crossover,window,117.588494,129,8,118,-110,2.49433621e-10,2.86469712e-09
crossover,window,117.588494,129,9,118,-109,3.19456358e-10,3.66889478e-09
crossover,window,117.588494,129,10,118,-108,4.28186005e-10,4.91763385e-09
crossover,window,117.588494,129,11,118,-107,5.3482127e-10,6.14231934e-09
crossover,window,117.588494,129,12,118,-106,6.41467032e-10,7.36712539e-09
crossover,window,117.588494,129,13,118,-105,7.69827454e-10,8.84132012e-09
crossover,window,117.588494,129,14,118,-104,8.32222752e-10,9.55791812e-09
crossover,window,117.588494,129,15,118,-103,9.3960833e-10,1.07912208e-08
crossover,window,117.588494,129,16,118,-102,8.80069997e-10,1.01074345e-08
crossover,window,117.588494,129,17,118,-101,8.83726015e-10,1.01494232e-08
crossover,window,117.588494,129,18,118,-100,5.77793856e-10,6.63585122e-09
crossover,window,117.588494,129,19,118,-99,3.46355874e-10,3.97783055e-09
crossover,window,117.588494,129,20,118,-98,-3.81144375e-10,-4.37736978e-09
crossover,window,117.588494,129,21,118,-97,-1.02410218e-09,-1.17616165e-08
crossover,window,117.588494,129,22,118,-96,-2.38497566e-09,-2.73909864e-08
crossover,window,117.588494,129,23,118,-95,-3.63222156e-09,-4.17153654e-08
crossover,window,117.588494,129,24,118,-94,-5.82742853e-09,-6.6926895e-08
crossover,window,117.588494,129,25,118,-93,-7.81682615e-09,-8.97747437e-08
crossover,window,117.588494,129,26,118,-92,-1.09369192e-08,-1.25608412e-07
crossover,window,117.588494,129,27,118,-91,-1.36186979e-08,-1.56408124e-07
crossover,window,117.588494,129,28,118,-90,-1.74745677e-08,-2.00692046e-07
crossover,window,117.588494,129,29,118,-89,-2.04030937e-08,-2.34325604e-07
crossover,window,117.588494,129,30,118,-88,-2.42795612e-08,-2.78846087e-07
crossover,window,117.588494,129,31,118,-87,-2.63324519e-08,-3.02423142e-07
crossover,window,117.588494,129,32,118,-86,-2.868243e-08,-3.29412188e-07
crossover,window,117.588494,129,33,118,-85,-2.7744964e-08,-3.18645572e-07
crossover,window,117.588494,129,34,118,-84,-2.58883949e-08,-2.97323232e-07
crossover,window,117.588494,129,35,118,-83,-1.86001221e-08,-2.13618822e-07
crossover,window,117.588494,129,36,118,-82,-8.56380149e-09,-9.83536117e-08
crossover,window,117.588494,129,37,118,-81,9.69134065e-09,1.11303182e-07
crossover,window,117.588494,129,38,118,-80,3.29618105e-08,3.78560049e-07
crossover,window,117.588494,129,39,118,-79,6.75382324e-08,7.75663599e-07
crossover,window,117.588494,129,40,118,-78,1.0925934e-07,1.25482249e-06
crossover,window,117.588494,129,41,118,-77,1.64825022e-07,1.89298365e-06
crossover,window,117.588494,129,42,118,-76,2.28336112e-07,2.6223963e-06
crossover,window,117.588494,129,43,118,-75,3.06116084e-07,3.5156843e-06
crossover,window,117.588494,129,44,118,-74,3.89316465e-07,4.47122466e-06
crossover,window,117.588494,129,45,118,-73,4.82666264e-07,5.54332913e-06
crossover,window,117.588494,129,46,118,-72,5.72714427e-07,6.57751495e-06
crossover,window,117.588494,129,47,118,-71,6.61007701e-07,7.59154621e-06
crossover,window,117.588494,129,48,118,-70,7.27555476e-07,8.3558346e-06
crossover,window,117.588494,129,49,118,-69,7.69052726e-07,8.83242252e-06
crossover,window,117.588494,129,50,118,-68,7.5719379e-07,8.69622493e-06
crossover,window,117.588494,129,51,118,-67,6.8271059e-07,7.84079971e-06
crossover,window,117.588494,129,52,118,-66,5.08227972e-07,5.83690043e-06
crossover,window,117.588494,129,53,118,-65,2.19071472e-07,2.51599369e-06
crossover,window,117.588494,129,54,118,-64,-2.29569083e-07,-2.63655672e-06
crossover,window,117.588494,129,55,118,-63,-8.539188e-07,-9.80709305e-06
crossover,window,117.588494,129,56,118,-62,-1.70033682e-06,-1.95280411e-05
crossover,window,117.588494,129,57,118,-61,-2.77739701e-06,-3.189787e-05
crossover,window,117.588494,129,58,118,-60,-4.12074073e-06,-4.73259141e-05
crossover,window,117.588494,129,59,118,-59,-5.71466403e-06,-6.56318163e-05
crossover,window,117.588494,129,60,118,-58,-7.56362284e-06,-8.68667524e-05
crossover,window,117.588494,129,61,118,-57,-9.60227273e-06,-0.000110280254
crossover,window,117.588494,129,62,118,-56,-1.17747542e-05,-0.000135230786
crossover,window,117.588494,129,63,118,-55,-1.39327589e-05,-0.000160015055
crossover,window,117.588494,129,64,118,-54,-1.59248095e-05,-0.000182893372
crossover,window,117.588494,129,65,118,-53,-1.74830575e-05,-0.00020078955
crossover,window,117.588494,129,66,118,-52,-1.83264262e-05,-0.000210475478
crossover,window,117.588494,129,67,118,-51,-1.80385122e-05,-0.00020716884
crossover,window,117.588494,129,68,118,-50,-1.61906387e-05,-0.000185946369
crossover,window,117.588494,129,69,118,-49,-1.2215279e-05,-0.000140290128
crossover,window,117.588494,129,70,118,-48,-5.55748678e-06,-6.38266659e-05
crossover,window,117.588494,129,71,118,-47,4.44977992e-06,5.11048658e-05
crossover,window,117.588494,129,72,118,-46,1.83953873e-05,0.000211267482
crossover,window,117.588494,129,73,118,-45,3.69054489e-05,0.000423851977
crossover,window,117.588494,129,74,118,-44,6.04033138e-05,0.000693720433
crossover,window,117.588494,129,75,118,-43,8.9209803e-05,0.00102455742
crossover,window,117.588494,129,76,118,-42,0.000123245321,0.00141544879
crossover,window,117.588494,129,77,118,-41,0.000162114639,0.00186185542
crossover,window,117.588494,129,78,118,-40,0.000204750916,0.00235152485
crossover,window,117.588494,129,79,118,-39,0.000249496662,0.00286542114
crossover,window,117.588494,129,80,118,-38,0.000293704373,0.00337313819
crossover,window,117.588494,129,81,118,-37,0.000333844921,0.00383414466
crossover,window,117.588494,129,82,118,-36,0.000365102191,0.00419312839
crossover,window,117.588494,129,83,118,-35,0.000381567365,0.00438222774
crossover,window,117.588494,129,84,118,-34,0.000375893941,0.00431706955
crossover,window,117.588494,129,85,118,-33,0.000339667942,0.00390102093
crossover,window,117.588494,129,86,118,-32,0.000263219555,0.00302302592
crossover,window,117.588494,129,87,118,-31,0.000136287308,0.0015652335
crossover,window,117.588494,129,88,118,-30,-5.18976013e-05,-0.000596033961
crossover,window,117.588494,129,89,118,-29,-0.000311524592,-0.00357779998
crossover,window,117.588494,129,90,118,-28,-0.000651737897,-0.0074850843
crossover,window,117.588494,129,91,118,-27,-0.00107902554,-0.0123924007
crossover,window,117.588494,129,92,118,-26,-0.00159631982,-0.0183334258
crossover,window,117.588494,129,93,118,-25,-0.00220084741,-0.0252763089
crossover,window,117.588494,129,94,118,-24,-0.00288287238,-0.0331092344
crossover,window,117.588494,129,95,118,-23,-0.0036231603,-0.0416112986
crossover,window,117.588494,129,96,118,-22,-0.00439165452,-0.0504373068
crossover,window,117.588494,129,97,118,-21,-0.00514495933,-0.0590888676
crossover,window,117.588494,129,98,118,-20,-0.00582553225,-0.0669051165
crossover,window,117.588494,129,99,118,-19,-0.00635990093,-0.073042238
crossover,window,117.588494,129,100,118,-18,-0.00665927376,-0.0764804773
crossover,window,117.588494,129,101,118,-17,-0.00661949461,-0.0760236215
crossover,window,117.588494,129,102,118,-16,-0.00612421246,-0.0703354013
crossover,window,117.588494,129,103,118,-15,-0.00504770416,-0.0579719106
crossover,window,117.588494,129,104,118,-14,-0.00326172499,-0.0374602837
crossover,window,117.588494,129,105,118,-13,-0.000642085149,-0.00737422434
crossover,window,117.588494,129,106,118,-12,0.00292020063,0.0335379421
crossover,window,117.588494,129,107,118,-11,0.00750854984,0.0862342496
crossover,window,117.588494,129,108,118,-10,0.0131659574,0.151208487
crossover,window,117.588494,129,109,118,-9,0.019882457,0.228346192
crossover,window,117.588494,129,110,118,-8,0.0275791764,0.316741532
crossover,window,117.588494,129,111,118,-7,0.0360976496,0.414574557
crossover,window,117.588494,129,112,118,-6,0.0451880231,0.518975747
crossover,window,117.588494,129,113,118,-5,0.0545069927,0.626002319
crossover,window,117.588494,129,114,118,-4,0.0636178795,0.7306391
crossover,window,117.588494,129,115,118,-3,0.0720059421,0.826974384
crossover,window,117.588494,129,116,118,-2,0.079098848,0.908435044
crossover,window,117.588494,129,117,118,-1,0.0843073788,0.968254017
crossover,window,117.588494,129,118,118,0,0.0870715507,1
crossover,window,117.588494,129,119,118,1,0.0869285496,0.998357659
crossover,window,117.588494,129,120,118,2,0.0835793627,0.959892892
crossover,window,117.588494,129,121,118,3,0.0769711524,0.883998869
crossover,window,117.588494,129,122,118,4,0.0673588819,0.773603793
crossover,window,117.588494,129,123,118,5,0.0553643272,0.63584864
crossover,window,117.588494,129,124,118,6,0.0419758131,0.482084134
crossover,window,117.588494,129,125,118,7,0.0285122508,0.327457712
crossover,window,117.588494,129,126,118,8,0.0164652014,0.189099669
crossover,window,117.588494,129,127,118,9,0.00726271496,0.0834108834
crossover,window,117.588494,129,128,118,10,0.00182236313,0.0209294898
deep-notch,sub-minimum,4.31708328,129,0,0,0,0.861571268,1
deep-notch,sub-minimum,4.31708328,129,1,0,1,-0.179773769,-0.208658037
deep-notch,sub-minimum,4.31708328,129,2,0,2,0.023616543,0.027411015
deep-notch,sub-minimum,4.31708328,129,3,0,3,0.181295276,0.210424004
deep-notch,sub-minimum,4.31708328,129,4,0,4,0.210050562,0.243799404
deep-notch,sub-minimum,4.31708328,129,5,0,5,0.11657726,0.135307739
deep-notch,sub-minimum,4.31708328,129,6,0,6,-0.021544663,-0.0250062459
deep-notch,sub-minimum,4.31708328,129,7,0,7,-0.116049501,-0.134695184
deep-notch,sub-minimum,4.31708328,129,8,0,8,-0.123869049,-0.1437711
deep-notch,sub-minimum,4.31708328,129,9,0,9,-0.0632651409,-0.0734299567
deep-notch,sub-minimum,4.31708328,129,10,0,10,0.0122798765,0.0142528854
deep-notch,sub-minimum,4.31708328,129,11,0,11,0.0560335246,0.0650364359
deep-notch,sub-minimum,4.31708328,129,12,0,12,0.0546284844,0.0634056478
deep-notch,sub-minimum,4.31708328,129,13,0,13,0.0259718949,0.0301448015
deep-notch,sub-minimum,4.31708328,129,14,0,14,-0.00218234625,-0.00253298402
deep-notch,sub-minimum,4.31708328,129,15,0,15,-0.0133322178,-0.0154743064
deep-notch,sub-minimum,4.31708328,129,16,0,16,-0.00923224336,-0.0107155887
deep-notch,sub-minimum,4.31708328,129,17,0,17,-0.00233266083,-0.00270744966
deep-notch,sub-minimum,4.31708328,129,18,0,18,-0.00280852244,-0.00325976799
deep-notch,sub-minimum,4.31708328,129,19,0,19,-0.0104426897,-0.0121205176
deep-notch,sub-minimum,4.31708328,129,20,0,20,-0.0162026463,-0.0188059269
deep-notch,sub-minimum,4.31708328,129,21,0,21,-0.0110926242,-0.0128748771
deep-notch,sub-minimum,4.31708328,129,22,0,22,0.00504978276,0.0058611318
deep-notch,sub-minimum,4.31708328,129,23,0,23,0.0220178177,0.0255554224
deep-notch,sub-minimum,4.31708328,129,24,0,24,0.0267103125,0.0310018607
deep-notch,sub-minimum,4.31708328,129,25,0,25,0.0139591525,0.0162019708
deep-notch,sub-minimum,4.31708328,129,26,0,26,-0.00838179331,-0.00972849678
deep-notch,sub-minimum,4.31708328,129,27,0,27,-0.0249233849,-0.0289278274
deep-notch,sub-minimum,4.31708328,129,28,0,28,-0.0246173062,-0.0285725709
deep-notch,sub-minimum,4.31708328,129,29,0,29,-0.0090485854,-0.0105024224
deep-notch,sub-minimum,4.31708328,129,30,0,30,0.00971155146,0.0112719073
deep-notch,sub-minimum,4.31708328,129,31,0,31,0.0192370581,0.022327878
deep-notch,sub-minimum,4.31708328,129,32,0,32,0.0157217975,0.0182478201
deep-notch,sub-minimum,4.31708328,129,33,0,33,0.00472392627,0.00548291992
deep-notch,sub-minimum,4.31708328,129,34,0,34,-0.00525963841,-0.00610470498
deep-notch,sub-minimum,4.31708328,129,35,0,35,-0.00946555105,-0.010986382
deep-notch,sub-minimum,4.31708328,129,36,0,36,-0.00839958305,-0.0097491448
deep-notch,sub-minimum,4.31708328,129,37,0,37,-0.00489528443,-0.00568181022
deep-notch,sub-minimum,4.31708328,129,38,0,38,-0.00105899224,-0.00122914062
deep-notch,sub-minimum,4.31708328,129,39,0,39,0.00222158456,0.00257852675
deep-notch,sub-minimum,4.31708328,129,40,0,40,0.00431922516,0.00501319545
deep-notch,sub-minimum,4.31708328,129,41,0,41,0.00468673569,0.00543975393
deep-notch,sub-minimum,4.31708328,129,42,0,42,0.00358306234,0.00415875328
deep-notch,sub-minimum,4.31708328,129,43,0,43,0.00208283028,0.00241747881
deep-notch,sub-minimum,4.31708328,129,44,0,44,0.000842182395,0.000977495915
deep-notch,sub-minimum,4.31708328,129,45,0,45,-0.000736557708,-0.000854900501
deep-notch,sub-minimum,4.31708328,129,46,0,46,-0.00342720966,-0.00397785974
deep-notch,sub-minimum,4.31708328,129,47,0,47,-0.00628305529,-0.00729255434
deep-notch,sub-minimum,4.31708328,129,48,0,48,-0.00662867124,-0.00769370044
deep-notch,sub-minimum,4.31708328,129,49,0,49,-0.00270600912,-0.00314078385
deep-notch,sub-minimum,4.31708328,129,50,0,50,0.00373354736,0.00433341674
deep-notch,sub-minimum,4.31708328,129,51,0,51,0.00819692141,0.0095139215
deep-notch,sub-minimum,4.31708328,129,52,0,52,0.00737505155,0.00856000174
deep-notch,sub-minimum,4.31708328,129,53,0,53,0.0022808339,0.00264729569
deep-notch,sub-minimum,4.31708328,129,54,0,54,-0.002797012,-0.00324640817
deep-notch,sub-minimum,4.31708328,129,55,0,55,-0.00444498905,-0.00515916583
deep-notch,sub-minimum,4.31708328,129,56,0,56,-0.00296589319,-0.00344242351
deep-notch,sub-minimum,4.31708328,129,57,0,57,-0.00113362299,-0.00131576229
deep-notch,sub-minimum,4.31708328,129,58,0,58,-0.000729393798,-0.000846585564
deep-notch,sub-minimum,4.31708328,129,59,0,59,-0.000951290733,-0.0011041347
deep-notch,sub-minimum,4.31708328,129,60,0,60,-0.000175263412,-0.000203423
deep-notch,sub-minimum,4.31708328,129,61,0,61,0.0015427819,0.0017906608
deep-notch,sub-minimum,4.31708328,129,62,0,62,0.00245819989,0.00285315908
deep-notch,sub-minimum,4.31708328,129,63,0,63,0.00148514207,0.00172375998
deep-notch,sub-minimum,4.31708328,129,64,0,64,-0.000253091083,-0.00029375525
deep-notch,sub-minimum,4.31708328,129,65,0,65,-0.000741985717,-0.000861200628
deep-notch,sub-minimum,4.31708328,129,66,0,66,0.000384338275,0.00044608994
deep-notch,sub-minimum,4.31708328,129,67,0,67,0.00133918998,0.00155435775
deep-notch,sub-minimum,4.31708328,129,68,0,68,0.000431515567,0.000500847211
deep-notch,sub-minimum,4.31708328,129,69,0,69,-0.0017153348,-0.0019909378
deep-notch,sub-minimum,4.31708328,129,70,0,70,-0.00279078069,-0.00323917567
deep-notch,sub-minimum,4.31708328,129,71,0,71,-0.00156580813,-0.00181738667
deep-notch,sub-minimum,4.31708328,129,72,0,72,0.000600459869,0.00069693581
deep-notch,sub-minimum,4.31708328,129,73,0,73,0.00140283432,0.00162822784
deep-notch,sub-minimum,4.31708328,129,74,0,74,0.000376130586,0.000436563521
deep-notch,sub-minimum,4.31708328,129,75,0,75,-0.00061780698,-0.000717070082
deep-notch,sub-minimum,4.31708328,129,76,0,76,0.00018522429,0.000214984293
deep-notch,sub-minimum,4.31708328,129,77,0,77,0.00212161695,0.00246249734
deep-notch,sub-minimum,4.31708328,129,78,0,78,0.0027882974,0.00323629339
deep-notch,sub-minimum,4.31708328,129,79,0,79,0.000960446511,0.00111476154
deep-notch,sub-minimum,4.31708328,129,80,0,80,-0.00182337844,-0.00211634081
deep-notch,sub-minimum,4.31708328,129,81,0,81,-0.00296974316,-0.00344689205
deep-notch,sub-minimum,4.31708328,129,82,0,82,-0.00177529683,-0.00206053393
deep-notch,sub-minimum,4.31708328,129,83,0,83,-5.78756341e-05,-6.71745174e-05
deep-notch,sub-minimum,4.31708328,129,84,0,84,0.000216124624,0.000250849387
deep-notch,sub-minimum,4.31708328,129,85,0,85,-0.000676569059,-0.00078527347
deep-notch,sub-minimum,4.31708328,129,86,0,86,-0.000750339338,-0.000870896426
deep-notch,sub-minimum,4.31708328,129,87,0,87,0.000960553883,0.00111488616
deep-notch,sub-minimum,4.31708328,129,88,0,88,0.00294964934,0.00342356976
deep-notch,sub-minimum,4.31708328,129,89,0,89,0.00293911218,0.00341133959
deep-notch,sub-minimum,4.31708328,129,90,0,90,0.000667759389,0.000775048349
deep-notch,sub-minimum,4.31708328,129,91,0,91,-0.00168980949,-0.00196131133
deep-notch,sub-minimum,4.31708328,129,92,0,92,-0.00202982541,-0.00235595764
deep-notch,sub-minimum,4.31708328,129,93,0,93,-0.000703535922,-0.000816573101
deep-notch,sub-minimum,4.31708328,129,94,0,94,0.000115304773,0.000133830802
deep-notch,sub-minimum,4.31708328,129,95,0,95,-0.000751083311,-0.000871759934
deep-notch,sub-minimum,4.31708328,129,96,0,96,-0.0019969692,-0.00231782242
deep-notch,sub-minimum,4.31708328,129,97,0,97,-0.00151913319,-0.00176321245
deep-notch,sub-minimum,4.31708328,129,98,0,98,0.000834679573,0.000968787614
deep-notch,sub-minimum,4.31708328,129,99,0,99,0.00289566059,0.00336090664
deep-notch,sub-minimum,4.31708328,129,100,0,100,0.00268011804,0.00311073284
deep-notch,sub-minimum,4.31708328,129,101,0,101,0.000703600192,0.000816647698
deep-notch,sub-minimum,4.31708328,129,102,0,102,-0.000732836216,-0.000850581076
deep-notch,sub-minimum,4.31708328,129,103,0,103,-0.000376700251,-0.000437224714
deep-notch,sub-minimum,4.31708328,129,104,0,104,0.000541190012,0.000628143059
deep-notch,sub-minimum,4.31708328,129,105,0,105,3.24502264e-05,3.76640072e-05
deep-notch,sub-minimum,4.31708328,129,106,0,106,-0.00194751169,-0.00226041856
deep-notch,sub-minimum,4.31708328,129,107,0,107,-0.00323875338,-0.00375912417
deep-notch,sub-minimum,4.31708328,129,108,0,108,-0.00204923668,-0.00237848772
deep-notch,sub-minimum,4.31708328,129,109,0,109,0.000785138305,0.000911286546
deep-notch,sub-minimum,4.31708328,129,110,0,110,0.00265860503,0.00308576334
deep-notch,sub-minimum,4.31708328,129,111,0,111,0.00216146188,0.00250874415
deep-notch,sub-minimum,4.31708328,129,112,0,112,0.000560562996,0.000650628703
deep-notch,sub-minimum,4.31708328,129,113,0,113,4.16173869e-05,4.83040562e-05
deep-notch,sub-minimum,4.31708328,129,114,0,114,0.000946379236,0.00109843407
deep-notch,sub-minimum,4.31708328,129,115,0,115,0.00144107543,0.00167261315
deep-notch,sub-minimum,4.31708328,129,116,0,116,-3.80548461e-06,-4.41691215e-06
deep-notch,sub-minimum,4.31708328,129,117,0,117,-0.00245818477,-0.00285314153
deep-notch,sub-minimum,4.31708328,129,118,0,118,-0.00344768657,-0.00400162667
deep-notch,sub-minimum,4.31708328,129,119,0,119,-0.00187077054,-0.00217134741
deep-notch,sub-minimum,4.31708328,129,120,0,120,0.000659644627,0.000765629788
deep-notch,sub-minimum,4.31708328,129,121,0,121,0.00171145907,0.00198643936
deep-notch,sub-minimum,4.31708328,129,122,0,122,0.000849712299,0.000986235649
deep-notch,sub-minimum,4.31708328,129,123,0,123,-6.03303911e-05,-7.00236803e-05
deep-notch,sub-minimum,4.31708328,129,124,0,124,0.000624468857,0.000724802324
deep-notch,sub-minimum,4.31708328,129,125,0,125,0.00215803228,0.00250476352
deep-notch,sub-minimum,4.31708328,129,126,0,126,0.00231129702,0.00268265332
deep-notch,sub-minimum,4.31708328,129,127,0,127,0.00023028048,0.000267279665
deep-notch,sub-minimum,4.31708328,129,128,0,128,-0.00232511975,-0.00269869694
deep-notch,window,8.63416656,129,0,0,0,0.764438747,1
deep-notch,window,8.63416656,129,1,0,1,-0.288030236,-0.376786547
deep-notch,window,8.63416656,129,2,0,2,0.0595847259,0.0779457165
deep-notch,window,8.63416656,129,3,0,3,0.282978473,0.370178087
deep-notch,window,8.63416656,129,4,0,4,0.29135666,0.381138006
deep-notch,window,8.63416656,129,5,0,5,0.141884218,0.185605738
deep-notch,window,8.63416656,129,6,0,6,-0.0329503152,-0.0431039312
deep-notch,window,8.63416656,129,7,0,7,-0.126076349,-0.164926685
deep-notch,window,8.63416656,129,8,0,8,-0.11428281,-0.149498976
deep-notch,window,8.63416656,129,9,0,9,-0.0471174202,-0.0616366195
deep-notch,window,8.63416656,129,10,0,10,0.00891125671,0.0116572541
deep-notch,window,8.63416656,129,11,0,11,0.0216306591,0.0282961312
deep-notch,window,8.63416656,129,12,0,12,0.00529895561,0.00693182499
deep-notch,window,8.63416656,129,13,0,13,-0.00550757907,-0.00720473562
deep-notch,window,8.63416656,129,14,0,14,0.00843325915,0.0110319619
deep-notch,window,8.63416656,129,15,0,15,0.035696455,0.046696292
deep-notch,window,8.63416656,129,16,0,16,0.0479725031,0.0627551956
deep-notch,window,8.63416656,129,17,0,17,0.0273434602,0.0357693279
deep-notch,window,8.63416656,129,18,0,18,-0.0170113504,-0.0222533858
deep-notch,window,8.63416656,129,19,0,19,-0.0554860087,-0.0725839825
deep-notch,window,8.63416656,129,20,0,20,-0.061104702,-0.0799340721
deep-notch,window,8.63416656,129,21,0,21,-0.0298276229,-0.0390189836
deep-notch,window,8.63416656,129,22,0,22,0.0172192817,0.022525391
deep-notch,window,8.63416656,129,23,0,23,0.0498874241,0.0652601981
deep-notch,window,8.63416656,129,24,0,24,0.0501556641,0.065611096
deep-notch,window,8.63416656,129,25,0,25,0.022664212,0.0296481726
deep-notch,window,8.63416656,129,26,0,26,-0.0115203474,-0.0150703342
deep-notch,window,8.63416656,129,27,0,27,-0.0312833406,-0.0409232795
deep-notch,window,8.63416656,129,28,0,28,-0.0290716402,-0.0380300453
deep-notch,window,8.63416656,129,29,0,29,-0.0127566985,-0.016687666
deep-notch,window,8.63416656,129,30,0,30,0.00338631237,0.00442980211
deep-notch,window,8.63416656,129,31,0,31,0.0100534203,0.0131513745
deep-notch,window,8.63416656,129,32,0,32,0.00794346813,0.0103912421
deep-notch,window,8.63416656,129,33,0,33,0.00405846226,0.0053090745
deep-notch,window,8.63416656,129,34,0,34,0.00394381737,0.00515910186
deep-notch,window,8.63416656,129,35,0,35,0.00687854966,0.00899816981
deep-notch,window,8.63416656,129,36,0,36,0.00753894052,0.00986205964
deep-notch,window,8.63416656,129,37,0,37,0.00186552946,0.00244039103
deep-notch,window,8.63416656,129,38,0,38,-0.00839000208,-0.0109753752
deep-notch,window,8.63416656,129,39,0,39,-0.0163943379,-0.0214462414
deep-notch,window,8.63416656,129,40,0,40,-0.0155508898,-0.0203428853
deep-notch,window,8.63416656,129,41,0,41,-0.00496528445,-0.00649533329
deep-notch,window,8.63416656,129,42,0,42,0.00936205409,0.0122469643
deep-notch,window,8.63416656,129,43,0,43,0.0185455359,0.0242603295
deep-notch,window,8.63416656,129,44,0,44,0.0169445905,0.0221660539
deep-notch,window,8.63416656,129,45,0,45,0.00588969152,0.00770459575
deep-notch,window,8.63416656,129,46,0,46,-0.00751539249,-0.0098312553
deep-notch,window,8.63416656,129,47,0,47,-0.0153511425,-0.0200815861
deep-notch,window,8.63416656,129,48,0,48,-0.0139093781,-0.018195543
deep-notch,window,8.63416656,129,49,0,49,-0.00543070871,-0.00710417771
deep-notch,window,8.63416656,129,50,0,50,0.00417084835,0.00545609228
deep-notch,window,8.63416656,129,51,0,51,0.00951850271,0.0124516225
deep-notch,window,8.63416656,129,52,0,52,0.00886172512,0.0115924594
deep-notch,window,8.63416656,129,53,0,53,0.00425288242,0.00556340509
deep-notch,window,8.63416656,129,54,0,54,-0.000696953481,-0.000911719197
deep-notch,window,8.63416656,129,55,0,55,-0.00345661487,-0.00452176826
deep-notch,window,8.63416656,129,56,0,56,-0.00374643573,-0.00490089721
deep-notch,window,8.63416656,129,57,0,57,-0.00282527336,-0.00369587932
deep-notch,window,8.63416656,129,58,0,58,-0.00192469706,-0.00251779108
deep-notch,window,8.63416656,129,59,0,59,-0.00125561797,-0.00164253574
deep-notch,window,8.63416656,129,60,0,60,-0.000248652893,-0.000325275104
deep-notch,window,8.63416656,129,61,0,61,0.0014492069,0.00189577897
deep-notch,window,8.63416656,129,62,0,62,0.00326757504,0.00427447595
deep-notch,window,8.63416656,129,63,0,63,0.00397193974,0.00519589013
deep-notch,window,8.63416656,129,64,0,64,0.00266968285,0.0034923437
deep-notch,window,8.63416656,129,65,0,65,-0.000305275354,-0.000399345735
deep-notch,window,8.63416656,129,66,0,66,-0.00339907889,-0.00444650261
deep-notch,window,8.63416656,129,67,0,67,-0.00479013609,-0.00626621309
deep-notch,window,8.63416656,129,68,0,68,-0.00360394579,-0.00471449911
deep-notch,window,8.63416656,129,69,0,69,-0.000513348044,-0.000671535876
deep-notch,window,8.63416656,129,70,0,70,0.00269111599,0.00352038145
deep-notch,window,8.63416656,129,71,0,71,0.00423872393,0.00554488367
deep-notch,window,8.63416656,129,72,0,72,0.00343782522,0.0044971886
deep-notch,window,8.63416656,129,73,0,73,0.000982965922,0.00128586617
deep-notch,window,8.63416656,129,74,0,74,-0.00160824435,-0.0021038237
deep-notch,window,8.63416656,129,75,0,75,-0.00297396884,-0.0038903952
deep-notch,window,8.63416656,129,76,0,76,-0.00264536297,-0.00346052967
deep-notch,window,8.63416656,129,77,0,77,-0.00113653566,-0.00148675831
deep-notch,window,8.63416656,129,78,0,78,0.000546436777,0.000714820879
deep-notch,window,8.63416656,129,79,0,79,0.00156471457,0.00204688025
deep-notch,window,8.63416656,129,80,0,80,0.00164487127,0.00215173717
deep-notch,window,8.63416656,129,81,0,81,0.00104764424,0.00137047506
deep-notch,window,8.63416656,129,82,0,82,0.000248470712,0.000325036784
deep-notch,window,8.63416656,129,83,0,83,-0.000386630506,-0.00050577042
deep-notch,window,8.63416656,129,84,0,84,-0.000728386621,-0.000952838437
deep-notch,window,8.63416656,129,85,0,85,-0.000809820551,-0.00105936617
deep-notch,window,8.63416656,129,86,0,86,-0.000689419801,-0.000901864019
deep-notch,window,8.63416656,129,87,0,87,-0.000391209113,-0.000511759922
deep-notch,window,8.63416656,129,88,0,88,4.94373301e-05,6.4671408e-05
deep-notch,window,8.63416656,129,89,0,89,0.000515052294,0.00067376529
deep-notch,window,8.63416656,129,90,0,90,0.000809885498,0.00105945113
deep-notch,window,8.63416656,129,91,0,91,0.000762210776,0.000997085481
deep-notch,window,8.63416656,129,92,0,92,0.000352807805,0.000461525278
deep-notch,window,8.63416656,129,93,0,93,-0.000236786042,-0.000309751492
deep-notch,window,8.63416656,129,94,0,94,-0.00070815379,-0.000926370873
deep-notch,window,8.63416656,129,95,0,95,-0.000816081666,-0.00106755665
deep-notch,window,8.63416656,129,96,0,96,-0.00051398177,-0.000672364885
deep-notch,window,8.63416656,129,97,0,97,2.09048515e-05,2.73466665e-05
deep-notch,window,8.63416656,129,98,0,98,0.000496637032,0.000649675378
deep-notch,window,8.63416656,129,99,0,99,0.000676814444,0.00088537433
deep-notch,window,8.63416656,129,100,0,100,0.000505095305,0.000660740061
deep-notch,window,8.63416656,129,101,0,101,0.000114851613,0.000150243055
deep-notch,window,8.63416656,129,102,0,102,-0.000268045916,-0.000350644072
deep-notch,window,8.63416656,129,103,0,103,-0.000458752604,-0.00060011689
deep-notch,window,8.63416656,129,104,0,104,-0.000402097886,-0.000526004061
deep-notch,window,8.63416656,129,105,0,105,-0.000175104022,-0.000229062201
deep-notch,window,8.63416656,129,106,0,106,8.0590193e-05,0.000105424003
deep-notch,window,8.63416656,129,107,0,107,0.000243968401,0.000319147089
deep-notch,window,8.63416656,129,108,0,108,0.000267421543,0.0003498273
deep-notch,window,8.63416656,129,109,0,109,0.000177966726,0.000232807045
deep-notch,window,8.63416656,129,110,0,110,4.18009705e-05,5.46819096e-05
deep-notch,window,8.63416656,129,111,0,111,-7.73115439e-05,-0.000101135041
deep-notch,window,8.63416656,129,112,0,112,-0.000142484964,-0.000186391603
deep-notch,window,8.63416656,129,113,0,113,-0.000146221187,-0.000191279141
deep-notch,window,8.63416656,129,114,0,114,-0.00010065413,-0.000131670628
deep-notch,window,8.63416656,129,115,0,115,-2.7413538e-05,-3.58610001e-05
deep-notch,window,8.63416656,129,116,0,116,4.80864239e-05,6.29042209e-05
deep-notch,window,8.63416656,129,117,0,117,0.000100634191,0.000131644544
deep-notch,window,8.63416656,129,118,0,118,0.00011151554,0.000145878974
deep-notch,window,8.63416656,129,119,0,119,7.66038795e-05,0.00010020931
deep-notch,window,8.63416656,129,120,0,120,1.08436314e-05,1.41850886e-05
deep-notch,window,8.63416656,129,121,0,121,-5.62532846e-05,-7.35876939e-05
deep-notch,window,8.63416656,129,122,0,122,-9.40034837e-05,-0.00012297059
deep-notch,window,8.63416656,129,123,0,123,-8.61009857e-05,-0.000112632943
deep-notch,window,8.63416656,129,124,0,124,-3.91107386e-05,-5.11626847e-05
deep-notch,window,8.63416656,129,125,0,125,2.14554744e-05,2.80669634e-05
deep-notch,window,8.63416656,129,126,0,126,6.52610407e-05,8.53711836e-05
deep-notch,window,8.63416656,129,127,0,127,7.31146244e-05,9.56448436e-05
deep-notch,window,8.63416656,129,128,0,128,4.57337198e-05,5.98265328e-05
deep-notch,window,36.3170833,129,0,32,-32,-0.00240579257,-0.00275492992
deep-notch,window,36.3170833,129,1,32,-31,-0.00215244681,-0.0024648177
deep-notch,window,36.3170833,129,2,32,-30,-0.000280916685,-0.000321684334
deep-notch,window,36.3170833,129,3,32,-29,0.00250136964,0.00286437748
deep-notch,window,36.3170833,129,4,32,-28,0.00452226836,0.00517855636
deep-notch,window,36.3170833,129,5,32,-27,0.00409798019,0.00469269395
deep-notch,window,36.3170833,129,6,32,-26,0.000802757798,0.000919256924
deep-notch,window,36.3170833,129,7,32,-25,-0.00385186339,-0.00441085979
deep-notch,window,36.3170833,129,8,32,-24,-0.00701287588,-0.00803060989
deep-notch,window,36.3170833,129,9,32,-23,-0.00622025268,-0.00712295833
deep-notch,window,36.3170833,129,10,32,-22,-0.00123948577,-0.00141936445
deep-notch,window,36.3170833,129,11,32,-21,0.0053431823,0.00611860432
deep-notch,window,36.3170833,129,12,32,-20,0.00943225694,0.0108011003
deep-notch,window,36.3170833,129,13,32,-19,0.00801721868,0.00918070656
deep-notch,window,36.3170833,129,14,32,-18,0.00138302373,0.00158373316
deep-notch,window,36.3170833,129,15,32,-17,-0.00669248955,-0.00766372793
deep-notch,window,36.3170833,129,16,32,-16,-0.011138794,-0.0127552962
deep-notch,window,36.3170833,129,17,32,-15,-0.00889389535,-0.0101846097
deep-notch,window,36.3170833,129,18,32,-14,-0.00109087438,-0.00124918603
deep-notch,window,36.3170833,129,19,32,-13,0.00748229562,0.00856815353
deep-notch,window,36.3170833,129,20,32,-12,0.0114389352,0.013098995
deep-notch,window,36.3170833,129,21,32,-11,0.00835640597,0.00956911794
deep-notch,window,36.3170833,129,22,32,-10,0.000385219357,0.000441123789
deep-notch,window,36.3170833,129,23,32,-9,-0.00724921589,-0.00830124842
deep-notch,window,36.3170833,129,24,32,-8,-0.00982006876,-0.0112451928
deep-notch,window,36.3170833,129,25,32,-7,-0.00622782766,-0.00713163262
deep-notch,window,36.3170833,129,26,32,-6,0.000507787371,0.000581479317
deep-notch,window,36.3170833,129,27,32,-5,0.00565147566,0.00647163832
deep-notch,window,36.3170833,129,28,32,-4,0.00619645768,0.00709571012
deep-notch,window,36.3170833,129,29,32,-3,0.00278560618,0.00318986346
deep-notch,window,36.3170833,129,30,32,-2,-0.00122327372,-0.00140079965
deep-notch,window,36.3170833,129,31,32,-1,-0.00266212341,-0.00304846042
deep-notch,window,36.3170833,129,32,32,0,0.873268155,1
deep-notch,window,36.3170833,129,33,32,1,-0.163450528,-0.187171062
deep-notch,window,36.3170833,129,34,32,2,0.0199757858,0.0228747444
deep-notch,window,36.3170833,129,35,32,3,0.164015635,0.187818179
deep-notch,window,36.3170833,129,36,32,4,0.192961845,0.220965168
deep-notch,window,36.3170833,129,37,32,5,0.109847872,0.125789394
deep-notch,window,36.3170833,129,38,32,6,-0.0179722127,-0.0205804054
deep-notch,window,36.3170833,129,39,32,7,-0.1096543,-0.12556773
deep-notch,window,36.3170833,129,40,32,8,-0.121184781,-0.138771556
deep-notch,window,36.3170833,129,41,32,9,-0.0642681163,-0.0735949386
deep-notch,window,36.3170833,129,42,32,10,0.0123491444,0.014141297
deep-notch,window,36.3170833,129,43,32,11,0.0604227076,0.0691914703
deep-notch,window,36.3170833,129,44,32,12,0.0612601589,0.0701504555
deep-notch,window,36.3170833,129,45,32,13,0.0295567875,0.0338461757
deep-notch,window,36.3170833,129,46,32,14,-0.00495718056,-0.00567658459
deep-notch,window,36.3170833,129,47,32,15,-0.0209516738,-0.0239922568
deep-notch,window,36.3170833,129,48,32,16,-0.0170598224,-0.0195356058
deep-notch,window,36.3170833,129,49,32,17,-0.00639520385,-0.00732329905
deep-notch,window,36.3170833,129,50,32,18,-0.00198602832,-0.00227424796
deep-notch,window,36.3170833,129,51,32,19,-0.00603298824,-0.00690851739
deep-notch,window,36.3170833,129,52,32,20,-0.0104999554,-0.0120237471
deep-notch,window,36.3170833,129,53,32,21,-0.00648444783,-0.00742549444
deep-notch,window,36.3170833,129,54,32,22,0.00668927259,0.00766004411
deep-notch,window,36.3170833,129,55,32,23,0.0202809677,0.0232242154
deep-notch,window,36.3170833,129,56,32,24,0.0232785218,0.0266567854
deep-notch,window,36.3170833,129,57,32,25,0.0115676303,0.0132463669
deep-notch,window,36.3170833,129,58,32,26,-0.00834441377,-0.00955538539
deep-notch,window,36.3170833,129,59,32,27,-0.0238047275,-0.0272593559
deep-notch,window,36.3170833,129,60,32,28,-0.0250076645,-0.0286368675
deep-notch,window,36.3170833,129,61,32,29,-0.0116750742,-0.0133694034
deep-notch,window,36.3170833,129,62,32,30,0.00723040874,0.00827971191
deep-notch,window,36.3170833,129,63,32,31,0.0200370316,0.0229448783
deep-notch,window,36.3170833,129,64,32,32,0.0200813723,0.022995654
deep-notch,window,36.3170833,129,65,32,33,0.00926553111,0.0106101786
deep-notch,window,36.3170833,129,66,32,34,-0.00439423383,-0.005031941
deep-notch,window,36.3170833,129,67,32,35,-0.0127410862,-0.0145901188
deep-notch,window,36.3170833,129,68,32,36,-0.0124774671,-0.0142882424
deep-notch,window,36.3170833,129,69,32,37,-0.00608697713,-0.00697034134
deep-notch,window,36.3170833,129,70,32,38,0.00112414298,0.00128728269
deep-notch,window,36.3170833,129,71,32,39,0.00507658962,0.00581332274
deep-notch,window,36.3170833,129,72,32,40,0.00509055099,0.00582931024
deep-notch,window,36.3170833,129,73,32,41,0.0031515138,0.00360887292
deep-notch,window,36.3170833,129,74,32,42,0.00152881946,0.00175068729
deep-notch,window,36.3170833,129,75,32,43,0.000925841749,0.00106020326
deep-notch,window,36.3170833,129,76,32,44,0.000463494392,0.00053075838
deep-notch,window,36.3170833,129,77,32,45,-0.000901340833,-0.00103214669
deep-notch,window,36.3170833,129,78,32,46,-0.00301324555,-0.00345053868
deep-notch,window,36.3170833,129,79,32,47,-0.00443913432,-0.00508335761
deep-notch,window,36.3170833,129,80,32,48,-0.00367901729,-0.00421292964
deep-notch,window,36.3170833,129,81,32,49,-0.000575346305,-0.000658842649
deep-notch,window,36.3170833,129,82,32,50,0.00329226295,0.0037700481
deep-notch,window,36.3170833,129,83,32,51,0.00558250953,0.00639266358
deep-notch,window,36.3170833,129,84,32,52,0.00480489942,0.00550220387
deep-notch,window,36.3170833,129,85,32,53,0.00136748391,0.00156593814
deep-notch,window,36.3170833,129,86,32,54,-0.00268527961,-0.00307497713
deep-notch,window,36.3170833,129,87,32,55,-0.00501756208,-0.00574572891
deep-notch,window,36.3170833,129,88,32,56,-0.00446292769,-0.00511060395
deep-notch,window,36.3170833,129,89,32,57,-0.00163072523,-0.001867382
deep-notch,window,36.3170833,129,90,32,58,0.0016501176,0.00188958865
deep-notch,window,36.3170833,129,91,32,59,0.00356187046,0.00407878203
deep-notch,window,36.3170833,129,92,32,60,0.00334297289,0.00382811725
deep-notch,window,36.3170833,129,93,32,61,0.00153165322,0.00175393229
deep-notch,window,36.3170833,129,94,32,62,-0.000599717061,-0.000686750178
deep-notch,window,36.3170833,129,95,32,63,-0.00191775949,-0.00219607171
deep-notch,window,36.3170833,129,96,32,64,-0.00201469572,-0.00230707568
deep-notch,window,36.3170833,129,97,32,65,-0.00122306241,-0.00140055767
deep-notch,window,36.3170833,129,98,32,66,-0.00019974944,-0.000228737804
deep-notch,window,36.3170833,129,99,32,67,0.000542697177,0.000621455361
deep-notch,window,36.3170833,129,100,32,68,0.000849458379,0.000972734863
deep-notch,window,36.3170833,129,101,32,69,0.000832231115,0.000953007516
deep-notch,window,36.3170833,129,102,32,70,0.000648186544,0.000742253728
deep-notch,window,36.3170833,129,103,32,71,0.000362621154,0.000415246052
deep-notch,window,36.3170833,129,104,32,72,-2.23107309e-05,-2.55485452e-05
deep-notch,window,36.3170833,129,105,32,73,-0.000454117073,-0.000520020191
deep-notch,window,36.3170833,129,106,32,74,-0.000774773536,-0.000887211485
deep-notch,window,36.3170833,129,107,32,75,-0.000794975957,-0.000910345754
deep-notch,window,36.3170833,129,108,32,76,-0.000441724405,-0.000505829054
deep-notch,window,36.3170833,129,109,32,77,0.000148328093,0.000169854004
deep-notch,window,36.3170833,129,110,32,78,0.000678751996,0.00077725495
deep-notch,window,36.3170833,129,111,32,79,0.000864284637,0.000989712761
deep-notch,window,36.3170833,129,112,32,80,0.000607369061,0.000695512664
deep-notch,window,36.3170833,129,113,32,81,5.91655752e-05,6.77518982e-05
deep-notch,window,36.3170833,129,114,32,82,-0.00047457423,-0.000543446165
deep-notch,window,36.3170833,129,115,32,83,-0.000717228449,-0.000821315246
deep-notch,window,36.3170833,129,116,32,84,-0.000574952591,-0.000658391798
deep-notch,window,36.3170833,129,117,32,85,-0.000169580953,-0.000194191157
deep-notch,window,36.3170833,129,118,32,86,0.000255586965,0.000292678673
deep-notch,window,36.3170833,129,119,32,87,0.00048526456,0.000555687915
deep-notch,window,36.3170833,129,120,32,88,0.000442211093,0.000506386372
deep-notch,window,36.3170833,129,121,32,89,0.000201813207,0.000231101072
deep-notch,window,36.3170833,129,122,32,90,-7.88080862e-05,-9.02450017e-05
deep-notch,window,36.3170833,129,123,32,91,-0.000259663002,-0.000297346239
deep-notch,window,36.3170833,129,124,32,92,-0.000283761871,-0.000324942424
deep-notch,window,36.3170833,129,125,32,93,-0.000182423206,-0.000208897124
deep-notch,window,36.3170833,129,126,32,94,-3.39754315e-05,-3.89060694e-05
deep-notch,window,36.3170833,129,127,32,95,8.78589065e-05,0.00010060931
deep-notch,window,36.3170833,129,128,32,96,0.000145090484,0.000166146541
deep-notch,window,64,129,0,64,-64,-0.000671604322,-0.000726442401
deep-notch,window,64,129,1,64,-63,-0.000852104925,-0.000921681304
deep-notch,window,64,129,2,64,-62,-0.000587909276,-0.000635913457
deep-notch,window,64,129,3,64,-61,-2.90903837e-05,-3.14656822e-05
deep-notch,window,64,129,4,64,-60,0.000515027417,0.000557080622
deep-notch,window,64,129,5,64,-59,0.000774504191,0.000837744288
deep-notch,window,64,129,6,64,-58,0.000676576066,0.000731820099
deep-notch,window,64,129,7,64,-57,0.000350965263,0.000379622405
deep-notch,window,64,129,8,64,-56,-9.35235112e-06,-1.01159927e-05
deep-notch,window,64,129,9,64,-55,-0.000305529055,-0.000330476224
deep-notch,window,64,129,10,64,-54,-0.00056557626,-0.000611756897
deep-notch,window,64,129,11,64,-53,-0.0008211358,-0.000888183478
deep-notch,window,64,129,12,64,-52,-0.000952644565,-0.00103043024
deep-notch,window,64,129,13,64,-51,-0.000688841521,-0.000745087058
deep-notch,window,64,129,14,64,-50,0.000164984017,0.000178455352
deep-notch,window,64,129,15,64,-49,0.00141611571,0.0015317449
deep-notch,window,64,129,16,64,-48,0.00238486583,0.00257959576
deep-notch,window,64,129,17,64,-47,0.00222321118,0.00240474162
deep-notch,window,64,129,18,64,-46,0.000545066664,0.000589572644
deep-notch,window,64,129,19,64,-45,-0.00206211888,-0.00223049575
deep-notch,window,64,129,20,64,-44,-0.00412358894,-0.00446028971
deep-notch,window,64,129,21,64,-43,-0.00409169817,-0.00442579498
deep-notch,window,64,129,22,64,-42,-0.00145963743,-0.00157882027
deep-notch,window,64,129,23,64,-41,0.00261122938,0.00282444242
deep-notch,window,64,129,24,64,-40,0.00574700795,0.00621626472
deep-notch,window,64,129,25,64,-39,0.00579000808,0.00626277592
deep-notch,window,64,129,26,64,-38,0.00232380215,0.00251354608
deep-notch,window,64,129,27,64,-37,-0.00281165811,-0.00304123664
deep-notch,window,64,129,28,64,-36,-0.00653504995,-0.00706865221
deep-notch,window,64,129,29,64,-35,-0.00651286872,-0.00704465983
deep-notch,window,64,129,30,64,-34,-0.00277031681,-0.00299651972
deep-notch,window,64,129,31,64,-33,0.00228189351,0.0024682155
deep-notch,window,64,129,32,64,-32,0.00551622771,0.00596664073
deep-notch,window,64,129,33,64,-31,0.0052766815,0.005707535
deep-notch,window,64,129,34,64,-30,0.00243701126,0.00263599899
deep-notch,window,64,129,35,64,-29,-0.00051391008,-0.000555872052
deep-notch,window,64,129,36,64,-28,-0.00164257904,-0.0017766995
deep-notch,window,64,129,37,64,-27,-0.00118518644,-0.00128195972
deep-notch,window,64,129,38,64,-26,-0.00114200977,-0.00123525757
deep-notch,window,64,129,39,64,-25,-0.00305707453,-0.00330669189
deep-notch,window,64,129,40,64,-24,-0.0058996494,-0.0063813697
deep-notch,window,64,129,41,64,-23,-0.00620739987,-0.00671424873
deep-notch,window,64,129,42,64,-22,-0.000953536474,-0.00103139498
deep-notch,window,64,129,43,64,-21,0.00888597819,0.00961153929
deep-notch,window,64,129,44,64,-20,0.0172996538,0.0187122114
deep-notch,window,64,129,45,64,-19,0.0165565365,0.0179084168
deep-notch,window,64,129,46,64,-18,0.00329412743,0.00356310071
deep-notch,window,64,129,47,64,-17,-0.0170649209,-0.018458312
deep-notch,window,64,129,48,64,-16,-0.0317838941,-0.0343791241
deep-notch,window,64,129,49,64,-15,-0.0285769969,-0.0309103762
deep-notch,window,64,129,50,64,-14,-0.00506488176,-0.00547844131
deep-notch,window,64,129,51,64,-13,0.0270636675,0.0292734799
deep-notch,window,64,129,52,64,-12,0.0475068003,0.0513858427
deep-notch,window,64,129,53,64,-11,0.0402176769,0.0435015452
deep-notch,window,64,129,54,64,-10,0.00550151683,0.00595072867
deep-notch,window,64,129,55,64,-9,-0.0376039667,-0.0406744194
deep-notch,window,64,129,56,64,-8,-0.0618112434,-0.0668582774
deep-notch,window,64,129,57,64,-7,-0.0491750796,-0.053190341
deep-notch,window,64,129,58,64,-6,-0.00425174723,-0.00459891243
deep-notch,window,64,129,59,64,-5,0.0468057123,0.0506275092
deep-notch,window,64,129,60,64,-4,0.0718645859,0.0777324991
deep-notch,window,64,129,61,64,-3,0.0535892364,0.0579649242
deep-notch,window,64,129,62,64,-2,0.00159883879,0.00172938775
deep-notch,window,64,129,63,64,-1,-0.0526437231,-0.0569422074
deep-notch,window,64,129,64,64,0,0.924511456,1
deep-notch,window,64,129,65,64,1,-0.0526437231,-0.0569422074
deep-notch,window,64,129,66,64,2,0.00159883879,0.00172938775
deep-notch,window,64,129,67,64,3,0.0535892364,0.0579649242
deep-notch,window,64,129,68,64,4,0.0718645859,0.0777324991
deep-notch,window,64,129,69,64,5,0.0468057123,0.0506275092
deep-notch,window,64,129,70,64,6,-0.00425174723,-0.00459891243
deep-notch,window,64,129,71,64,7,-0.0491750796,-0.053190341
deep-notch,window,64,129,72,64,8,-0.0618112434,-0.0668582774
deep-notch,window,64,129,73,64,9,-0.0376039667,-0.0406744194
deep-notch,window,64,129,74,64,10,0.00550151683,0.00595072867
deep-notch,window,64,129,75,64,11,0.0402176769,0.0435015452
deep-notch,window,64,129,76,64,12,0.0475068003,0.0513858427
deep-notch,window,64,129,77,64,13,0.0270636675,0.0292734799
deep-notch,window,64,129,78,64,14,-0.00506488176,-0.00547844131
deep-notch,window,64,129,79,64,15,-0.0285769969,-0.0309103762
deep-notch,window,64,129,80,64,16,-0.0317838941,-0.0343791241
deep-notch,window,64,129,81,64,17,-0.0170649209,-0.018458312
deep-notch,window,64,129,82,64,18,0.00329412743,0.00356310071
deep-notch,window,64,129,83,64,19,0.0165565365,0.0179084168
deep-notch,window,64,129,84,64,20,0.0172996538,0.0187122114
deep-notch,window,64,129,85,64,21,0.00888597819,0.00961153929
deep-notch,window,64,129,86,64,22,-0.000953536474,-0.00103139498
deep-notch,window,64,129,87,64,23,-0.00620739987,-0.00671424873
deep-notch,window,64,129,88,64,24,-0.0058996494,-0.0063813697
deep-notch,window,64,129,89,64,25,-0.00305707453,-0.00330669189
deep-notch,window,64,129,90,64,26,-0.00114200977,-0.00123525757
deep-notch,window,64,129,91,64,27,-0.00118518644,-0.00128195972
deep-notch,window,64,129,92,64,28,-0.00164257904,-0.0017766995
deep-notch,window,64,129,93,64,29,-0.00051391008,-0.000555872052
deep-notch,window,64,129,94,64,30,0.00243701126,0.00263599899
deep-notch,window,64,129,95,64,31,0.0052766815,0.005707535
deep-notch,window,64,129,96,64,32,0.00551622771,0.00596664073
deep-notch,window,64,129,97,64,33,0.00228189351,0.0024682155
deep-notch,window,64,129,98,64,34,-0.00277031681,-0.00299651972
deep-notch,window,64,129,99,64,35,-0.00651286872,-0.00704465983
deep-notch,window,64,129,100,64,36,-0.00653504995,-0.00706865221
deep-notch,window,64,129,101,64,37,-0.00281165811,-0.00304123664
deep-notch,window,64,129,102,64,38,0.00232380215,0.00251354608
deep-notch,window,64,129,103,64,39,0.00579000808,0.00626277592
deep-notch,window,64,129,104,64,40,0.00574700795,0.00621626472
deep-notch,window,64,129,105,64,41,0.00261122938,0.00282444242
deep-notch,window,64,129,106,64,42,-0.00145963743,-0.00157882027
deep-notch,window,64,129,107,64,43,-0.00409169817,-0.00442579498
deep-notch,window,64,129,108,64,44,-0.00412358894,-0.00446028971
deep-notch,window,64,129,109,64,45,-0.00206211888,-0.00223049575
deep-notch,window,64,129,110,64,46,0.000545066664,0.000589572644
deep-notch,window,64,129,111,64,47,0.00222321118,0.00240474162
deep-notch,window,64,129,112,64,48,0.00238486583,0.00257959576
deep-notch,window,64,129,113,64,49,0.00141611571,0.0015317449
deep-notch,window,64,129,114,64,50,0.000164984017,0.000178455352
deep-notch,window,64,129,115,64,51,-0.000688841521,-0.000745087058
deep-notch,window,64,129,116,64,52,-0.000952644565,-0.00103043024
deep-notch,window,64,129,117,64,53,-0.0008211358,-0.000888183478
deep-notch,window,64,129,118,64,54,-0.00056557626,-0.000611756897
deep-notch,window,64,129,119,64,55,-0.000305529055,-0.000330476224
deep-notch,window,64,129,120,64,56,-9.35235112e-06,-1.01159927e-05
deep-notch,window,64,129,121,64,57,0.000350965263,0.000379622405
deep-notch,window,64,129,122,64,58,0.000676576066,0.000731820099
deep-notch,window,64,129,123,64,59,0.000774504191,0.000837744288
deep-notch,window,64,129,124,64,60,0.000515027417,0.000557080622
deep-notch,window,64,129,125,64,61,-2.90903837e-05,-3.14656822e-05
deep-notch,window,64,129,126,64,62,-0.000587909276,-0.000635913457
deep-notch,window,64,129,127,64,63,-0.000852104925,-0.000921681304
deep-notch,window,64,129,128,64,64,-0.000671604322,-0.000726442401
deep-notch,window,91.6829167,129,0,96,-96,0.000145090484,0.000166146541
deep-notch,window,91.6829167,129,1,96,-95,8.78589065e-05,0.00010060931
deep-notch,window,91.6829167,129,2,96,-94,-3.39754315e-05,-3.89060694e-05
deep-notch,window,91.6829167,129,3,96,-93,-0.000182423206,-0.000208897124
deep-notch,window,91.6829167,129,4,96,-92,-0.000283761871,-0.000324942424
deep-notch,window,91.6829167,129,5,96,-91,-0.000259663002,-0.000297346239
deep-notch,window,91.6829167,129,6,96,-90,-7.88080862e-05,-9.02450017e-05
deep-notch,window,91.6829167,129,7,96,-89,0.000201813207,0.000231101072
deep-notch,window,91.6829167,129,8,96,-88,0.000442211093,0.000506386372
deep-notch,window,91.6829167,129,9,96,-87,0.00048526456,0.000555687915
deep-notch,window,91.6829167,129,10,96,-86,0.000255586965,0.000292678673
deep-notch,window,91.6829167,129,11,96,-85,-0.000169580953,-0.000194191157
deep-notch,window,91.6829167,129,12,96,-84,-0.000574952591,-0.000658391798
deep-notch,window,91.6829167,129,13,96,-83,-0.000717228449,-0.000821315246
deep-notch,window,91.6829167,129,14,96,-82,-0.00047457423,-0.000543446165
deep-notch,window,91.6829167,129,15,96,-81,5.91655752e-05,6.77518982e-05
deep-notch,window,91.6829167,129,16,96,-80,0.000607369061,0.000695512664
deep-notch,window,91.6829167,129,17,96,-79,0.000864284637,0.000989712761
deep-notch,window,91.6829167,129,18,96,-78,0.000678751996,0.00077725495
deep-notch,window,91.6829167,129,19,96,-77,0.000148328093,0.000169854004
deep-notch,window,91.6829167,129,20,96,-76,-0.000441724405,-0.000505829054
deep-notch,window,91.6829167,129,21,96,-75,-0.000794975957,-0.000910345754
deep-notch,window,91.6829167,129,22,96,-74,-0.000774773536,-0.000887211485
deep-notch,window,91.6829167,129,23,96,-73,-0.000454117073,-0.000520020191
deep-notch,window,91.6829167,129,24,96,-72,-2.23107309e-05,-2.55485452e-05
deep-notch,window,91.6829167,129,25,96,-71,0.000362621154,0.000415246052
deep-notch,window,91.6829167,129,26,96,-70,0.000648186544,0.000742253728
deep-notch,window,91.6829167,129,27,96,-69,0.000832231115,0.000953007516
deep-notch,window,91.6829167,129,28,96,-68,0.000849458379,0.000972734863
deep-notch,window,91.6829167,129,29,96,-67,0.000542697177,0.000621455361
deep-notch,window,91.6829167,129,30,96,-66,-0.00019974944,-0.000228737804
deep-notch,window,91.6829167,129,31,96,-65,-0.00122306241,-0.00140055767
deep-notch,window,91.6829167,129,32,96,-64,-0.00201469572,-0.00230707568
deep-notch,window,91.6829167,129,33,96,-63,-0.00191775949,-0.00219607171
deep-notch,window,91.6829167,129,34,96,-62,-0.000599717061,-0.000686750178
deep-notch,window,91.6829167,129,35,96,-61,0.00153165322,0.00175393229
deep-notch,window,91.6829167,129,36,96,-60,0.00334297289,0.00382811725
deep-notch,window,91.6829167,129,37,96,-59,0.00356187046,0.00407878203
deep-notch,window,91.6829167,129,38,96,-58,0.0016501176,0.00188958865
deep-notch,window,91.6829167,129,39,96,-57,-0.00163072523,-0.001867382
deep-notch,window,91.6829167,129,40,96,-56,-0.00446292769,-0.00511060395
deep-notch,window,91.6829167,129,41,96,-55,-0.00501756208,-0.00574572891
deep-notch,window,91.6829167,129,42,96,-54,-0.00268527961,-0.00307497713
deep-notch,window,91.6829167,129,43,96,-53,0.00136748391,0.00156593814
deep-notch,window,91.6829167,129,44,96,-52,0.00480489942,0.00550220387
deep-notch,window,91.6829167,129,45,96,-51,0.00558250953,0.00639266358
deep-notch,window,91.6829167,129,46,96,-50,0.00329226295,0.0037700481
deep-notch,window,91.6829167,129,47,96,-49,-0.000575346305,-0.000658842649
deep-notch,window,91.6829167,129,48,96,-48,-0.00367901729,-0.00421292964
deep-notch,window,91.6829167,129,49,96,-47,-0.00443913432,-0.00508335761
deep-notch,window,91.6829167,129,50,96,-46,-0.00301324555,-0.00345053868
deep-notch,window,91.6829167,129,51,96,-45,-0.000901340833,-0.00103214669
deep-notch,window,91.6829167,129,52,96,-44,0.000463494392,0.00053075838
deep-notch,window,91.6829167,129,53,96,-43,0.000925841749,0.00106020326
deep-notch,window,91.6829167,129,54,96,-42,0.00152881946,0.00175068729
deep-notch,window,91.6829167,129,55,96,-41,0.0031515138,0.00360887292
deep-notch,window,91.6829167,129,56,96,-40,0.00509055099,0.00582931024
deep-notch,window,91.6829167,129,57,96,-39,0.00507658962,0.00581332274
deep-notch,window,91.6829167,129,58,96,-38,0.00112414298,0.00128728269
deep-notch,window,91.6829167,129,59,96,-37,-0.00608697713,-0.00697034134
deep-notch,window,91.6829167,129,60,96,-36,-0.0124774671,-0.0142882424
deep-notch,window,91.6829167,129,61,96,-35,-0.0127410862,-0.0145901188
deep-notch,window,91.6829167,129,62,96,-34,-0.00439423383,-0.005031941
deep-notch,window,91.6829167,129,63,96,-33,0.00926553111,0.0106101786
deep-notch,window,91.6829167,129,64,96,-32,0.0200813723,0.022995654
deep-notch,window,91.6829167,129,65,96,-31,0.0200370316,0.0229448783
deep-notch,window,91.6829167,129,66,96,-30,0.00723040874,0.00827971191
deep-notch,window,91.6829167,129,67,96,-29,-0.0116750742,-0.0133694034
deep-notch,window,91.6829167,129,68,96,-28,-0.0250076645,-0.0286368675
deep-notch,window,91.6829167,129,69,96,-27,-0.0238047275,-0.0272593559
deep-notch,window,91.6829167,129,70,96,-26,-0.00834441377,-0.00955538539
deep-notch,window,91.6829167,129,71,96,-25,0.0115676303,0.0132463669
deep-notch,window,91.6829167,129,72,96,-24,0.0232785218,0.0266567854
deep-notch,window,91.6829167,129,73,96,-23,0.0202809677,0.0232242154
deep-notch,window,91.6829167,129,74,96,-22,0.00668927259,0.00766004411
deep-notch,window,91.6829167,129,75,96,-21,-0.00648444783,-0.00742549444
deep-notch,window,91.6829167,129,76,96,-20,-0.0104999554,-0.0120237471
deep-notch,window,91.6829167,129,77,96,-19,-0.00603298824,-0.00690851739
deep-notch,window,91.6829167,129,78,96,-18,-0.00198602832,-0.00227424796
deep-notch,window,91.6829167,129,79,96,-17,-0.00639520385,-0.00732329905
deep-notch,window,91.6829167,129,80,96,-16,-0.0170598224,-0.0195356058
deep-notch,window,91.6829167,129,81,96,-15,-0.0209516738,-0.0239922568
deep-notch,window,91.6829167,129,82,96,-14,-0.00495718056,-0.00567658459
deep-notch,window,91.6829167,129,83,96,-13,0.0295567875,0.0338461757
deep-notch,window,91.6829167,129,84,96,-12,0.0612601589,0.0701504555
deep-notch,window,91.6829167,129,85,96,-11,0.0604227076,0.0691914703
deep-notch,window,91.6829167,129,86,96,-10,0.0123491444,0.014141297
deep-notch,window,91.6829167,129,87,96,-9,-0.0642681163,-0.0735949386
deep-notch,window,91.6829167,129,88,96,-8,-0.121184781,-0.138771556
deep-notch,window,91.6829167,129,89,96,-7,-0.1096543,-0.12556773
deep-notch,window,91.6829167,129,90,96,-6,-0.0179722127,-0.0205804054
deep-notch,window,91.6829167,129,91,96,-5,0.109847872,0.125789394
deep-notch,window,91.6829167,129,92,96,-4,0.192961845,0.220965168
deep-notch,window,91.6829167,129,93,96,-3,0.164015635,0.187818179
deep-notch,window,91.6829167,129,94,96,-2,0.0199757858,0.0228747444
deep-notch,window,91.6829167,129,95,96,-1,-0.163450528,-0.187171062
deep-notch,window,91.6829167,129,96,96,0,0.873268155,1
deep-notch,window,91.6829167,129,97,96,1,-0.00266212341,-0.00304846042
deep-notch,window,91.6829167,129,98,96,2,-0.00122327372,-0.00140079965
deep-notch,window,91.6829167,129,99,96,3,0.00278560618,0.00318986346
deep-notch,window,91.6829167,129,100,96,4,0.00619645768,0.00709571012
deep-notch,window,91.6829167,129,101,96,5,0.00565147566,0.00647163832
deep-notch,window,91.6829167,129,102,96,6,0.000507787371,0.000581479317
deep-notch,window,91.6829167,129,103,96,7,-0.00622782766,-0.00713163262
deep-notch,window,91.6829167,129,104,96,8,-0.00982006876,-0.0112451928
deep-notch,window,91.6829167,129,105,96,9,-0.00724921589,-0.00830124842
deep-notch,window,91.6829167,129,106,96,10,0.000385219357,0.000441123789
deep-notch,window,91.6829167,129,107,96,11,0.00835640597,0.00956911794
deep-notch,window,91.6829167,129,108,96,12,0.0114389352,0.013098995
deep-notch,window,91.6829167,129,109,96,13,0.00748229562,0.00856815353
deep-notch,window,91.6829167,129,110,96,14,-0.00109087438,-0.00124918603
deep-notch,window,91.6829167,129,111,96,15,-0.00889389535,-0.0101846097
deep-notch,window,91.6829167,129,112,96,16,-0.011138794,-0.0127552962
deep-notch,window,91.6829167,129,113,96,17,-0.00669248955,-0.00766372793
deep-notch,window,91.6829167,129,114,96,18,0.00138302373,0.00158373316
deep-notch,window,91.6829167,129,115,96,19,0.00801721868,0.00918070656
deep-notch,window,91.6829167,129,116,96,20,0.00943225694,0.0108011003
deep-notch,window,91.6829167,129,117,96,21,0.0053431823,0.00611860432
deep-notch,window,91.6829167,129,118,96,22,-0.00123948577,-0.00141936445
deep-notch,window,91.6829167,129,119,96,23,-0.00622025268,-0.00712295833
deep-notch,window,91.6829167,129,120,96,24,-0.00701287588,-0.00803060989
deep-notch,window,91.6829167,129,121,96,25,-0.00385186339,-0.00441085979
deep-notch,window,91.6829167,129,122,96,26,0.000802757798,0.000919256924
deep-notch,window,91.6829167,129,123,96,27,0.00409798019,0.00469269395
deep-notch,window,91.6829167,129,124,96,28,0.00452226836,0.00517855636
deep-notch,window,91.6829167,129,125,96,29,0.00250136964,0.00286437748
deep-notch,window,91.6829167,129,126,96,30,-0.000280916685,-0.000321684334
deep-notch,window,91.6829167,129,127,96,31,-0.00215244681,-0.0024648177
deep-notch,window,91.6829167,129,128,96,32,-0.00240579257,-0.00275492992
deep-notch,window,119.365833,129,0,128,-128,4.57337198e-05,5.98265328e-05
deep-notch,window,119.365833,129,1,128,-127,7.31146244e-05,9.56448436e-05
deep-notch,window,119.365833,129,2,128,-126,6.52610407e-05,8.53711836e-05
deep-notch,window,119.365833,129,3,128,-125,2.14554744e-05,2.80669634e-05
deep-notch,window,119.365833,129,4,128,-124,-3.91107386e-05,-5.11626847e-05
deep-notch,window,119.365833,129,5,128,-123,-8.61009857e-05,-0.000112632943
deep-notch,window,119.365833,129,6,128,-122,-9.40034837e-05,-0.00012297059
deep-notch,window,119.365833,129,7,128,-121,-5.62532846e-05,-7.35876939e-05
deep-notch,window,119.365833,129,8,128,-120,1.08436314e-05,1.41850886e-05
deep-notch,window,119.365833,129,9,128,-119,7.66038795e-05,0.00010020931
deep-notch,window,119.365833,129,10,128,-118,0.00011151554,0.000145878974
deep-notch,window,119.365833,129,11,128,-117,0.000100634191,0.000131644544
deep-notch,window,119.365833,129,12,128,-116,4.80864239e-05,6.29042209e-05
deep-notch,window,119.365833,129,13,128,-115,-2.7413538e-05,-3.58610001e-05
deep-notch,window,119.365833,129,14,128,-114,-0.00010065413,-0.000131670628
deep-notch,window,119.365833,129,15,128,-113,-0.000146221187,-0.000191279141
deep-notch,window,119.365833,129,16,128,-112,-0.000142484964,-0.000186391603
deep-notch,window,119.365833,129,17,128,-111,-7.73115439e-05,-0.000101135041
deep-notch,window,119.365833,129,18,128,-110,4.18009705e-05,5.46819096e-05
deep-notch,window,119.365833,129,19,128,-109,0.000177966726,0.000232807045
deep-notch,window,119.365833,129,20,128,-108,0.000267421543,0.0003498273
deep-notch,window,119.365833,129,21,128,-107,0.000243968401,0.000319147089
deep-notch,window,119.365833,129,22,128,-106,8.0590193e-05,0.000105424003
deep-notch,window,119.365833,129,23,128,-105,-0.000175104022,-0.000229062201
deep-notch,window,119.365833,129,24,128,-104,-0.000402097886,-0.000526004061
deep-notch,window,119.365833,129,25,128,-103,-0.000458752604,-0.00060011689
deep-notch,window,119.365833,129,26,128,-102,-0.000268045916,-0.000350644072
deep-notch,window,119.365833,129,27,128,-101,0.000114851613,0.000150243055
deep-notch,window,119.365833,129,28,128,-100,0.000505095305,0.000660740061
deep-notch,window,119.365833,129,29,128,-99,0.000676814444,0.00088537433
deep-notch,window,119.365833,129,30,128,-98,0.000496637032,0.000649675378
deep-notch,window,119.365833,129,31,128,-97,2.09048515e-05,2.73466665e-05
deep-notch,window,119.365833,129,32,128,-96,-0.00051398177,-0.000672364885
deep-notch,window,119.365833,129,33,128,-95,-0.000816081666,-0.00106755665
deep-notch,window,119.365833,129,34,128,-94,-0.00070815379,-0.000926370873
deep-notch,window,119.365833,129,35,128,-93,-0.000236786042,-0.000309751492
deep-notch,window,119.365833,129,36,128,-92,0.000352807805,0.000461525278
deep-notch,window,119.365833,129,37,128,-91,0.000762210776,0.000997085481
deep-notch,window,119.365833,129,38,128,-90,0.000809885498,0.00105945113
deep-notch,window,119.365833,129,39,128,-89,0.000515052294,0.00067376529
deep-notch,window,119.365833,129,40,128,-88,4.94373301e-05,6.4671408e-05
deep-notch,window,119.365833,129,41,128,-87,-0.000391209113,-0.000511759922
deep-notch,window,119.365833,129,42,128,-86,-0.000689419801,-0.000901864019
deep-notch,window,119.365833,129,43,128,-85,-0.000809820551,-0.00105936617
deep-notch,window,119.365833,129,44,128,-84,-0.000728386621,-0.000952838437
deep-notch,window,119.365833,129,45,128,-83,-0.000386630506,-0.00050577042
deep-notch,window,119.365833,129,46,128,-82,0.000248470712,0.000325036784
deep-notch,window,119.365833,129,47,128,-81,0.00104764424,0.00137047506
deep-notch,window,119.365833,129,48,128,-80,0.00164487127,0.00215173717
deep-notch,window,119.365833,129,49,128,-79,0.00156471457,0.00204688025
deep-notch,window,119.365833,129,50,128,-78,0.000546436777,0.000714820879
deep-notch,window,119.365833,129,51,128,-77,-0.00113653566,-0.00148675831
deep-notch,window,119.365833,129,52,128,-76,-0.00264536297,-0.00346052967
deep-notch,window,119.365833,129,53,128,-75,-0.00297396884,-0.0038903952
deep-notch,window,119.365833,129,54,128,-74,-0.00160824435,-0.0021038237
deep-notch,window,119.365833,129,55,128,-73,0.000982965922,0.00128586617
deep-notch,window,119.365833,129,56,128,-72,0.00343782522,0.0044971886
deep-notch,window,119.365833,129,57,128,-71,0.00423872393,0.00554488367
deep-notch,window,119.365833,129,58,128,-70,0.00269111599,0.00352038145
deep-notch,window,119.365833,129,59,128,-69,-0.000513348044,-0.000671535876
deep-notch,window,119.365833,129,60,128,-68,-0.00360394579,-0.00471449911
deep-notch,window,119.365833,129,61,128,-67,-0.00479013609,-0.00626621309
deep-notch,window,119.365833,129,62,128,-66,-0.00339907889,-0.00444650261
deep-notch,window,119.365833,129,63,128,-65,-0.000305275354,-0.000399345735
deep-notch,window,119.365833,129,64,128,-64,0.00266968285,0.0034923437
deep-notch,window,119.365833,129,65,128,-63,0.00397193974,0.00519589013
deep-notch,window,119.365833,129,66,128,-62,0.00326757504,0.00427447595
deep-notch,window,119.365833,129,67,128,-61,0.0014492069,0.00189577897
deep-notch,window,119.365833,129,68,128,-60,-0.000248652893,-0.000325275104
deep-notch,window,119.365833,129,69,128,-59,-0.00125561797,-0.00164253574
deep-notch,window,119.365833,129,70,128,-58,-0.00192469706,-0.00251779108
deep-notch,window,119.365833,129,71,128,-57,-0.00282527336,-0.00369587932
deep-notch,window,119.365833,129,72,128,-56,-0.00374643573,-0.00490089721
deep-notch,window,119.365833,129,73,128,-55,-0.00345661487,-0.00452176826
deep-notch,window,119.365833,129,74,128,-54,-0.000696953481,-0.000911719197
deep-notch,window,119.365833,129,75,128,-53,0.00425288242,0.00556340509
deep-notch,window,119.365833,129,76,128,-52,0.00886172512,0.0115924594
deep-notch,window,119.365833,129,77,128,-51,0.00951850271,0.0124516225
deep-notch,window,119.365833,129,78,128,-50,0.00417084835,0.00545609228
deep-notch,window,119.365833,129,79,128,-49,-0.00543070871,-0.00710417771
deep-notch,window,119.365833,129,80,128,-48,-0.0139093781,-0.018195543
deep-notch,window,119.365833,129,81,128,-47,-0.0153511425,-0.0200815861
deep-notch,window,119.365833,129,82,128,-46,-0.00751539249,-0.0098312553
deep-notch,window,119.365833,129,83,128,-45,0.00588969152,0.00770459575
deep-notch,window,119.365833,129,84,128,-44,0.0169445905,0.0221660539
deep-notch,window,119.365833,129,85,128,-43,0.0185455359,0.0242603295
deep-notch,window,119.365833,129,86,128,-42,0.00936205409,0.0122469643
deep-notch,window,119.365833,129,87,128,-41,-0.00496528445,-0.00649533329
deep-notch,window,119.365833,129,88,128,-40,-0.0155508898,-0.0203428853
deep-notch,window,119.365833,129,89,128,-39,-0.0163943379,-0.0214462414
deep-notch,window,119.365833,129,90,128,-38,-0.00839000208,-0.0109753752
deep-notch,window,119.365833,129,91,128,-37,0.00186552946,0.00244039103
deep-notch,window,119.365833,129,92,128,-36,0.00753894052,0.00986205964
deep-notch,window,119.365833,129,93,128,-35,0.00687854966,0.00899816981
deep-notch,window,119.365833,129,94,128,-34,0.00394381737,0.00515910186
deep-notch,window,119.365833,129,95,128,-33,0.00405846226,0.0053090745
deep-notch,window,119.365833,129,96,128,-32,0.00794346813,0.0103912421
deep-notch,window,119.365833,129,97,128,-31,0.0100534203,0.0131513745
deep-notch,window,119.365833,129,98,128,-30,0.00338631237,0.00442980211
deep-notch,window,119.365833,129,99,128,-29,-0.0127566985,-0.016687666
deep-notch,window,119.365833,129,100,128,-28,-0.0290716402,-0.0380300453
deep-notch,window,119.365833,129,101,128,-27,-0.0312833406,-0.0409232795
deep-notch,window,119.365833,129,102,128,-26,-0.0115203474,-0.0150703342
deep-notch,window,119.365833,129,103,128,-25,0.022664212,0.0296481726
deep-notch,window,119.365833,129,104,128,-24,0.0501556641,0.065611096
deep-notch,window,119.365833,129,105,128,-23,0.0498874241,0.0652601981
deep-notch,window,119.365833,129,106,128,-22,0.0172192817,0.022525391
deep-notch,window,119.365833,129,107,128,-21,-0.0298276229,-0.0390189836
deep-notch,window,119.365833,129,108,128,-20,-0.061104702,-0.0799340721
deep-notch,window,119.365833,129,109,128,-19,-0.0554860087,-0.0725839825
deep-notch,window,119.365833,129,110,128,-18,-0.0170113504,-0.0222533858
deep-notch,window,119.365833,129,111,128,-17,0.0273434602,0.0357693279
deep-notch,window,119.365833,129,112,128,-16,0.0479725031,0.0627551956
deep-notch,window,119.365833,129,113,128,-15,0.035696455,0.046696292
deep-notch,window,119.365833,129,114,128,-14,0.00843325915,0.0110319619
deep-notch,window,119.365833,129,115,128,-13,-0.00550757907,-0.00720473562
deep-notch,window,119.365833,129,116,128,-12,0.00529895561,0.00693182499
deep-notch,window,119.365833,129,117,128,-11,0.0216306591,0.0282961312
deep-notch,window,119.365833,129,118,128,-10,0.00891125671,0.0116572541
deep-notch,window,119.365833,129,119,128,-9,-0.0471174202,-0.0616366195
deep-notch,window,119.365833,129,120,128,-8,-0.11428281,-0.149498976
deep-notch,window,119.365833,129,121,128,-7,-0.126076349,-0.164926685
deep-notch,window,119.365833,129,122,128,-6,-0.0329503152,-0.0431039312
deep-notch,window,119.365833,129,123,128,-5,0.141884218,0.185605738
deep-notch,window,119.365833,129,124,128,-4,0.29135666,0.381138006
deep-notch,window,119.365833,129,125,128,-3,0.282978473,0.370178087
deep-notch,window,119.365833,129,126,128,-2,0.0595847259,0.0779457165
deep-notch,window,119.365833,129,127,128,-1,-0.288030236,-0.376786547
deep-notch,window,119.365833,129,128,128,0,0.764438747,1
room-correction,sub-minimum,0.250960397,129,0,0,0,16.9342939,1
room-correction,sub-minimum,0.250960397,129,1,0,1,-3.2428328,-0.191495011
room-correction,sub-minimum,0.250960397,129,2,0,2,-2.77275855,-0.163736295
room-correction,sub-minimum,0.250960397,129,3,0,3,-2.4581841,-0.145160118
room-correction,sub-minimum,0.250960397,129,4,0,4,-1.86996737,-0.11042488
room-correction,sub-minimum,0.250960397,129,5,0,5,-1.59974099,-0.094467534
room-correction,sub-minimum,0.250960397,129,6,0,6,-1.10608635,-0.0653163551
room-correction,sub-minimum,0.250960397,129,7,0,7,-0.780758817,-0.0461051888
room-correction,sub-minimum,0.250960397,129,8,0,8,-0.527329297,-0.0311397275
room-correction,sub-minimum,0.250960397,129,9,0,9,-0.150875028,-0.00890943718
room-correction,sub-minimum,0.250960397,129,10,0,10,-0.104942744,-0.00619705461
room-correction,sub-minimum,0.250960397,129,11,0,11,0.190736849,0.0112633482
room-correction,sub-minimum,0.250960397,129,12,0,12,0.187359614,0.0110639165
room-correction,sub-minimum,0.250960397,129,13,0,13,0.26426998,0.0156056096
room-correction,sub-minimum,0.250960397,129,14,0,14,0.333003677,0.019664456
room-correction,sub-minimum,0.250960397,129,15,0,15,0.191919888,0.0113332087
room-correction,sub-minimum,0.250960397,129,16,0,16,0.307313798,0.0181474232
room-correction,sub-minimum,0.250960397,129,17,0,17,0.105378184,0.00622276808
room-correction,sub-minimum,0.250960397,129,18,0,18,0.143050735,0.00844739883
room-correction,sub-minimum,0.250960397,129,19,0,19,0.059989959,0.00354251316
room-correction,sub-minimum,0.250960397,129,20,0,20,-0.0523299284,-0.0030901748
room-correction,sub-minimum,0.250960397,129,21,0,21,0.0289776875,0.00171118369
room-correction,sub-minimum,0.250960397,129,22,0,22,-0.157989017,-0.00932953085
room-correction,sub-minimum,0.250960397,129,23,0,23,-0.0278988502,-0.00164747644
room-correction,sub-minimum,0.250960397,129,24,0,24,-0.127321062,-0.00751853384
room-correction,sub-minimum,0.250960397,129,25,0,25,-0.0977103025,-0.00576996614
room-correction,sub-minimum,0.250960397,129,26,0,26,-0.0179140369,-0.00105785556
room-correction,sub-minimum,0.250960397,129,27,0,27,-0.118824492,-0.00701679636
room-correction,sub-minimum,0.250960397,129,28,0,28,0.0672563552,0.0039716067
room-correction,sub-minimum,0.250960397,129,29,0,29,-0.0489543011,-0.00289083804
room-correction,sub-minimum,0.250960397,129,30,0,30,0.0729321706,0.00430677364
room-correction,sub-minimum,0.250960397,129,31,0,31,0.0779858212,0.00460520064
room-correction,sub-minimum,0.250960397,129,32,0,32,0.0317199377,0.00187311841
room-correction,sub-minimum,0.250960397,129,33,0,33,0.170445112,0.0100650853
room-correction,sub-minimum,0.250960397,129,34,0,34,0.0170283135,0.00100555203
room-correction,sub-minimum,0.250960397,129,35,0,35,0.159944378,0.00944499832
room-correction,sub-minimum,0.250960397,129,36,0,36,0.0604470662,0.00356950615
room-correction,sub-minimum,0.250960397,129,37,0,37,0.0652250634,0.00385165533
room-correction,sub-minimum,0.250960397,129,38,0,38,0.11826802,0.00698393574
room-correction,sub-minimum,0.250960397,129,39,0,39,-0.0250554805,-0.00147957043
room-correction,sub-minimum,0.250960397,129,40,0,40,0.119680188,0.0070673267
room-correction,sub-minimum,0.250960397,129,41,0,41,-0.0358955786,-0.00211969739
room-correction,sub-minimum,0.250960397,129,42,0,42,0.0451712892,0.00266744451
room-correction,sub-minimum,0.250960397,129,43,0,43,0.0254450056,0.00150257257
room-correction,sub-minimum,0.250960397,129,44,0,44,-0.047081337,-0.00278023621
room-correction,sub-minimum,0.250960397,129,45,0,45,0.0823628571,0.00486367235
room-correction,sub-minimum,0.250960397,129,46,0,46,-0.0756819681,-0.00446915404
room-correction,sub-minimum,0.250960397,129,47,0,47,0.0688699861,0.00406689446
room-correction,sub-minimum,0.250960397,129,48,0,48,-0.0171224067,-0.00101110839
room-correction,sub-minimum,0.250960397,129,49,0,49,-0.00411896668,-0.000243232266
room-correction,sub-minimum,0.250960397,129,50,0,50,0.068982299,0.00407352673
room-correction,sub-minimum,0.250960397,129,51,0,51,-0.0620041167,-0.00366145273
room-correction,sub-minimum,0.250960397,129,52,0,52,0.0974443803,0.00575426296
room-correction,sub-minimum,0.250960397,129,53,0,53,-0.0443924685,-0.00262145376
room-correction,sub-minimum,0.250960397,129,54,0,54,0.0412185111,0.00243402597
room-correction,sub-minimum,0.250960397,129,55,0,55,0.0321805708,0.00190031961
room-correction,sub-minimum,0.250960397,129,56,0,56,-0.0423434758,-0.00250045712
room-correction,sub-minimum,0.250960397,129,57,0,57,0.0905234378,0.00534556907
room-correction,sub-minimum,0.250960397,129,58,0,58,-0.0691505868,-0.00408346443
room-correction,sub-minimum,0.250960397,129,59,0,59,0.0713616656,0.00421403254
room-correction,sub-minimum,0.250960397,129,60,0,60,-0.0123469917,-0.000729111695
room-correction,sub-minimum,0.250960397,129,61,0,61,-0.00586834486,-0.000346536141
room-correction,sub-minimum,0.250960397,129,62,0,62,0.0713315818,0.00421225604
room-correction,sub-minimum,0.250960397,129,63,0,63,-0.062172096,-0.00367137221
room-correction,sub-minimum,0.250960397,129,64,0,64,0.0988220703,0.005835618
room-correction,sub-minimum,0.250960397,129,65,0,65,-0.0391721622,-0.00231318544
room-correction,sub-minimum,0.250960397,129,66,0,66,0.0437237392,0.00258196412
room-correction,sub-minimum,0.250960397,129,67,0,67,0.0407982872,0.002409211
room-correction,sub-minimum,0.250960397,129,68,0,68,-0.0383271776,-0.00226328761
room-correction,sub-minimum,0.250960397,129,69,0,69,0.0959825904,0.00566794169
room-correction,sub-minimum,0.250960397,129,70,0,70,-0.0667938351,-0.00394429407
room-correction,sub-minimum,0.250960397,129,71,0,71,0.0671397216,0.00396471928
room-correction,sub-minimum,0.250960397,129,72,0,72,-0.0175718531,-0.001037649
room-correction,sub-minimum,0.250960397,129,73,0,73,-0.0220922777,-0.00130458806
room-correction,sub-minimum,0.250960397,129,74,0,74,0.0538152452,0.00317788539
room-correction,sub-minimum,0.250960397,129,75,0,75,-0.0873900617,-0.00516053767
room-correction,sub-minimum,0.250960397,129,76,0,76,0.0702586069,0.00414889497
room-correction,sub-minimum,0.250960397,129,77,0,77,-0.0666812146,-0.00393764363
room-correction,sub-minimum,0.250960397,129,78,0,78,0.0129977256,0.000767538678
room-correction,sub-minimum,0.250960397,129,79,0,79,0.0190082908,0.00112247319
room-correction,sub-minimum,0.250960397,129,80,0,80,-0.0581305058,-0.00343270916
room-correction,sub-minimum,0.250960397,129,81,0,81,0.0874071686,0.00516154786
room-correction,sub-minimum,0.250960397,129,82,0,82,-0.0652069947,-0.00385058834
room-correction,sub-minimum,0.250960397,129,83,0,83,0.0771138085,0.00455370675
room-correction,sub-minimum,0.250960397,129,84,0,84,0.00747246163,0.000441262073
room-correction,sub-minimum,0.250960397,129,85,0,85,0.00731050101,0.000431698012
room-correction,sub-minimum,0.250960397,129,86,0,86,0.0948733722,0.00560244039
room-correction,sub-minimum,0.250960397,129,87,0,87,-0.0444382077,-0.00262415474
room-correction,sub-minimum,0.250960397,129,88,0,88,0.114097565,0.00673766299
room-correction,sub-minimum,0.250960397,129,89,0,89,-0.0228872726,-0.00135153392
room-correction,sub-minimum,0.250960397,129,90,0,90,0.0461881931,0.00272749448
room-correction,sub-minimum,0.250960397,129,91,0,91,0.0480095525,0.00283504897
room-correction,sub-minimum,0.250960397,129,92,0,92,-0.0450305989,-0.00265913649
room-correction,sub-minimum,0.250960397,129,93,0,93,0.0898433769,0.00530541027
room-correction,sub-minimum,0.250960397,129,94,0,94,-0.0760011461,-0.00448800207
room-correction,sub-minimum,0.250960397,129,95,0,95,0.0509125773,0.00300647772
room-correction,sub-minimum,0.250960397,129,96,0,96,-0.0252528208,-0.00149122372
room-correction,sub-minimum,0.250960397,129,97,0,97,-0.0388660275,-0.00229510765
room-correction,sub-minimum,0.250960397,129,98,0,98,0.0476581569,0.00281429844
room-correction,sub-minimum,0.250960397,129,99,0,99,-0.0956976907,-0.00565111785
room-correction,sub-minimum,0.250960397,129,100,0,100,0.064233445,0.00379309851
room-correction,sub-minimum,0.250960397,129,101,0,101,-0.0651373584,-0.0038464762
room-correction,sub-minimum,0.250960397,129,102,0,102,0.00684090808,0.000403967719
room-correction,sub-minimum,0.250960397,129,103,0,103,0.0228100149,0.00134697171
room-correction,sub-minimum,0.250960397,129,104,0,104,-0.06437794,-0.00380163119
room-correction,sub-minimum,0.250960397,129,105,0,105,0.0825175893,0.00487280956
room-correction,sub-minimum,0.250960397,129,106,0,106,-0.0740780846,-0.00437444188
room-correction,sub-minimum,0.250960397,129,107,0,107,0.0570717147,0.00337018567
room-correction,sub-minimum,0.250960397,129,108,0,108,-0.00978481121,-0.000577810404
room-correction,sub-minimum,0.250960397,129,109,0,109,-0.0261198216,-0.00154242165
room-correction,sub-minimum,0.250960397,129,110,0,110,0.0641445183,0.00378784723
room-correction,sub-minimum,0.250960397,129,111,0,111,-0.0838345355,-0.00495057756
room-correction,sub-minimum,0.250960397,129,112,0,112,0.0712621048,0.0042081533
room-correction,sub-minimum,0.250960397,129,113,0,113,-0.0605935941,-0.00357815888
room-correction,sub-minimum,0.250960397,129,114,0,114,0.00114614066,6.76816328e-05
room-correction,sub-minimum,0.250960397,129,115,0,115,0.0168016252,0.000992165679
room-correction,sub-minimum,0.250960397,129,116,0,116,-0.0784005224,-0.00462968948
room-correction,sub-minimum,0.250960397,129,117,0,117,0.068116138,0.0040223784
room-correction,sub-minimum,0.250960397,129,118,0,118,-0.0881111912,-0.00520312165
room-correction,sub-minimum,0.250960397,129,119,0,119,0.0420024318,0.00248031787
room-correction,sub-minimum,0.250960397,129,120,0,120,-0.016317169,-0.000963557683
room-correction,sub-minimum,0.250960397,129,121,0,121,-0.031858339,-0.00188129125
room-correction,sub-minimum,0.250960397,129,122,0,122,0.0690586023,0.00407803258
room-correction,sub-minimum,0.250960397,129,123,0,123,-0.0735474425,-0.00434310653
room-correction,sub-minimum,0.250960397,129,124,0,124,0.087732502,0.00518075938
room-correction,sub-minimum,0.250960397,129,125,0,125,-0.0352196966,-0.00207978536
room-correction,sub-minimum,0.250960397,129,126,0,126,0.0261818293,0.00154608332
room-correction,sub-minimum,0.250960397,129,127,0,127,0.0487779888,0.00288042649
room-correction,sub-minimum,0.250960397,129,128,0,128,-0.0504255247,-0.0029777164
room-correction,window,0.501920795,129,0,0,0,16.5687945,1
room-correction,window,0.501920795,129,1,0,1,-3.93261712,-0.237350829
room-correction,window,0.501920795,129,2,0,2,-3.36409763,-0.203038164
room-correction,window,0.501920795,129,3,0,3,-2.79370956,-0.168612723
room-correction,window,0.501920795,129,4,0,4,-2.23810054,-0.135079262
room-correction,window,0.501920795,129,5,0,5,-1.71273346,-0.103371036
room-correction,window,0.501920795,129,6,0,6,-1.2311469,-0.0743051585
room-correction,window,0.501920795,129,7,0,7,-0.804340123,-0.0485454824
room-correction,window,0.501920795,129,8,0,8,-0.440318387,-0.0265751613
room-correction,window,0.501920795,129,9,0,9,-0.143823251,-0.00868036904
room-correction,window,0.501920795,129,10,0,10,0.0837403729,0.00505410172
room-correction,window,0.501920795,129,11,0,11,0.244181747,0.014737448
room-correction,window,0.501920795,129,12,0,12,0.342220779,0.020654537
room-correction,window,0.501920795,129,13,0,13,0.385029396,0.0232382263
room-correction,window,0.501920795,129,14,0,14,0.381653302,0.0230344641
room-correction,window,0.501920795,129,15,0,15,0.342356347,0.0206627191
room-correction,window,0.501920795,129,16,0,16,0.277933331,0.0167745053
room-correction,window,0.501920795,129,17,0,17,0.199037294,0.0120127806
room-correction,window,0.501920795,129,18,0,18,0.115564295,0.0069748161
room-correction,window,0.501920795,129,19,0,19,0.036132746,0.00218077097
room-correction,window,0.501920795,129,20,0,20,-0.0323140319,-0.00195029468
room-correction,window,0.501920795,129,21,0,21,-0.0847634116,-0.00511584663
room-correction,window,0.501920795,129,22,0,22,-0.118239535,-0.00713627866
room-correction,window,0.501920795,129,23,0,23,-0.131763155,-0.00795248893
room-correction,window,0.501920795,129,24,0,24,-0.126178716,-0.00761544332
room-correction,window,0.501920795,129,25,0,25,-0.103870794,-0.00626906163
room-correction,window,0.501920795,129,26,0,26,-0.0683986038,-0.00412815813
room-correction,window,0.501920795,129,27,0,27,-0.0240813001,-0.00145341292
room-correction,window,0.501920795,129,28,0,28,0.0244317743,0.00147456559
room-correction,window,0.501920795,129,29,0,29,0.0725730421,0.00438010394
room-correction,window,0.501920795,129,30,0,30,0.116221657,0.00701449084
room-correction,window,0.501920795,129,31,0,31,0.151997964,0.00917374912
room-correction,window,0.501920795,129,32,0,32,0.17747104,0.0107111619
room-correction,window,0.501920795,129,33,0,33,0.191270824,0.0115440398
room-correction,window,0.501920795,129,34,0,34,0.193104357,0.0116547017
room-correction,window,0.501920795,129,35,0,35,0.183683211,0.0110860938
room-correction,window,0.501920795,129,36,0,36,0.164575588,0.0099328643
room-correction,window,0.501920795,129,37,0,37,0.138001535,0.00832900277
room-correction,window,0.501920795,129,38,0,38,0.106592773,0.00643334511
room-correction,window,0.501920795,129,39,0,39,0.0731397843,0.00441430933
room-correction,window,0.501920795,129,40,0,40,0.0403480388,0.00243518252
room-correction,window,0.501920795,129,41,0,41,0.010622697,0.000641126729
room-correction,window,0.501920795,129,42,0,42,-0.0141027646,-0.000851164191
room-correction,window,0.501920795,129,43,0,43,-0.0324834606,-0.00196052045
room-correction,window,0.501920795,129,44,0,44,-0.0438203919,-0.00264475438
room-correction,window,0.501920795,129,45,0,45,-0.0480584062,-0.00290053728
room-correction,window,0.501920795,129,46,0,46,-0.0457300795,-0.00276001247
room-correction,window,0.501920795,129,47,0,47,-0.0378549299,-0.00228471238
room-correction,window,0.501920795,129,48,0,48,-0.0258064045,-0.0015575306
room-correction,window,0.501920795,129,49,0,49,-0.0111608134,-0.000673604429
room-correction,window,0.501920795,129,50,0,50,0.0044572338,0.000269013765
room-correction,window,0.501920795,129,51,0,51,0.0195192419,0.00117807254
room-correction,window,0.501920795,129,52,0,52,0.0327154613,0.00197452272
room-correction,window,0.501920795,129,53,0,53,0.0430469754,0.00259807528
room-correction,window,0.501920795,129,54,0,54,0.049881889,0.00301059253
room-correction,window,0.501920795,129,55,0,55,0.0529738703,0.00319720727
room-correction,window,0.501920795,129,56,0,56,0.0524447677,0.00316527359
room-correction,window,0.501920795,129,57,0,57,0.0487360622,0.00294143682
room-correction,window,0.501920795,129,58,0,58,0.0425362855,0.00256725288
room-correction,window,0.501920795,129,59,0,59,0.0346930715,0.00209388024
room-correction,window,0.501920795,129,60,0,60,0.0261191494,0.00157640614
room-correction,window,0.501920795,129,61,0,61,0.0177013296,0.0010683535
room-correction,window,0.501920795,129,62,0,62,0.0102204862,0.000616851529
room-correction,window,0.501920795,129,63,0,63,0.00428884746,0.000258850905
room-correction,window,0.501920795,129,64,0,64,0.000308781636,1.86363369e-05
room-correction,window,0.501920795,129,65,0,65,-0.0015450664,-9.32515881e-05
room-correction,window,0.501920795,129,66,0,66,-0.00132074085,-7.97125495e-05
room-correction,window,0.501920795,129,67,0,67,0.000736431374,4.44468892e-05
room-correction,window,0.501920795,129,68,0,68,0.00422542613,0.000255023148
room-correction,window,0.501920795,129,69,0,69,0.00864195603,0.000521580253
room-correction,window,0.501920795,129,70,0,70,0.0134358761,0.000810914522
room-correction,window,0.501920795,129,71,0,71,0.0180677324,0.00109046753
room-correction,window,0.501920795,129,72,0,72,0.0220592147,0.00133137113
room-correction,window,0.501920795,129,73,0,73,0.0250333057,0.00151087067
room-correction,window,0.501920795,129,74,0,74,0.0267412588,0.00161395319
room-correction,window,0.501920795,129,75,0,75,0.0270750317,0.00163409786
room-correction,window,0.501920795,129,76,0,76,0.0260653023,0.00157315623
room-correction,window,0.501920795,129,77,0,77,0.0238665456,0.00144045154
room-correction,window,0.501920795,129,78,0,78,0.0207317525,0.00125125292
room-correction,window,0.501920795,129,79,0,79,0.0169801243,0.00102482557
room-correction,window,0.501920795,129,80,0,80,0.0129614484,0.000782280716
room-correction,window,0.501920795,129,81,0,81,0.00902084483,0.000544447866
room-correction,window,0.501920795,129,82,0,82,0.00546720104,0.000329969753
room-correction,window,0.501920795,129,83,0,83,0.00254795772,0.000153780513
room-correction,window,0.501920795,129,84,0,84,0.000432051016,2.60761889e-05
room-correction,window,0.501920795,129,85,0,85,-0.000798134205,-4.81709278e-05
room-correction,window,0.501920795,129,86,0,86,-0.00114589564,-6.91598678e-05
room-correction,window,0.501920795,129,87,0,87,-0.000691376653,-4.17276376e-05
room-correction,window,0.501920795,129,88,0,88,0.000423610203,2.55667485e-05
room-correction,window,0.501920795,129,89,0,89,0.002015013,0.000121614943
room-correction,window,0.501920795,129,90,0,90,0.00387792743,0.000234050065
room-correction,window,0.501920795,129,91,0,91,0.00580768108,0.000350519229
room-correction,window,0.501920795,129,92,0,92,0.0076186114,0.00045981688
room-correction,window,0.501920795,129,93,0,93,0.00915896315,0.000552783918
room-correction,window,0.501920795,129,94,0,94,0.0103208756,0.000622910472
room-correction,window,0.501920795,129,95,0,95,0.0110450223,0.000666615923
room-correction,window,0.501920795,129,96,0,96,0.0113200426,0.000683214617
room-correction,window,0.501920795,129,97,0,97,0.0111774106,0.000674606143
room-correction,window,0.501920795,129,98,0,98,0.0106827698,0.000644752385
room-correction,window,0.501920795,129,99,0,99,0.0099250097,0.000599018213
room-correction,window,0.501920795,129,100,0,100,0.0090044417,0.000543457865
room-correction,window,0.501920795,129,101,0,101,0.0080213732,0.000484125335
room-correction,window,0.501920795,129,102,0,102,0.00706618771,0.000426475668
room-correction,window,0.501920795,129,103,0,103,0.00621175578,0.000374906924
room-correction,window,0.501920795,129,104,0,104,0.00550866291,0.00033247216
room-correction,window,0.501920795,129,105,0,105,0.00498338901,0.000300769558
room-correction,window,0.501920795,129,106,0,106,0.0046392479,0.000279999121
room-correction,window,0.501920795,129,107,0,107,0.00445962656,0.000269158179
room-correction,window,0.501920795,129,108,0,108,0.00441287579,0.000266336563
room-correction,window,0.501920795,129,109,0,109,0.00445810748,0.000269066496
room-correction,window,0.501920795,129,110,0,110,0.00455114983,0.000274682013
room-correction,window,0.501920795,129,111,0,111,0.00464999031,0.000280647473
room-correction,window,0.501920795,129,112,0,112,0.00471917927,0.000284823332
room-correction,window,0.501920795,129,113,0,113,0.00473285149,0.000285648511
room-correction,window,0.501920795,129,114,0,114,0.00467622301,0.000282230732
room-correction,window,0.501920795,129,115,0,115,0.00454561213,0.000274347788
room-correction,window,0.501920795,129,116,0,116,0.00434719491,0.000262372432
room-correction,window,0.501920795,129,117,0,117,0.00409482254,0.000247140643
room-correction,window,0.501920795,129,118,0,118,0.00380729118,0.000229786855
room-correction,window,0.501920795,129,119,0,119,0.00350546418,0.000211570261
room-correction,window,0.501920795,129,120,0,120,0.00320960659,0.000193713947
room-correction,window,0.501920795,129,121,0,121,0.0029372138,0.000177273838
room-correction,window,0.501920795,129,122,0,122,0.00270151436,0.000163048335
room-correction,window,0.501920795,129,123,0,123,0.0025107163,0.000151532828
room-correction,window,0.501920795,129,124,0,124,0.00236796281,0.000142917025
room-correction,window,0.501920795,129,125,0,125,0.00227187845,0.000137117909
room-correction,window,0.501920795,129,126,0,126,0.00221752969,0.00013383772
room-correction,window,0.501920795,129,127,0,127,0.00219759888,0.000132634808
room-correction,window,0.501920795,129,128,0,128,0.00220357648,0.000132995583
room-correction,window,32.2509604,129,0,32,-32,-0.0156275358,-0.000905405638
room-correction,window,32.2509604,129,1,32,-31,-0.0235137003,-0.00136230287
room-correction,window,32.2509604,129,2,32,-30,-0.0297858507,-0.00172568968
room-correction,window,32.2509604,129,3,32,-29,-0.0338684141,-0.00196221934
room-correction,window,32.2509604,129,4,32,-28,-0.035329014,-0.00204684147
room-correction,window,32.2509604,129,5,32,-27,-0.033930595,-0.00196582189
room-correction,window,32.2509604,129,6,32,-26,-0.0296722367,-0.00171910727
room-correction,window,32.2509604,129,7,32,-25,-0.0228143644,-0.00132178575
room-correction,window,32.2509604,129,8,32,-24,-0.013885039,-0.000804451371
room-correction,window,32.2509604,129,9,32,-23,-0.00366531803,-0.000212355911
room-correction,window,32.2509604,129,10,32,-22,0.00684675995,0.000396677707
room-correction,window,32.2509604,129,11,32,-21,0.016492324,0.000955508491
room-correction,window,32.2509604,129,12,32,-20,0.0240250214,0.00139192705
room-correction,window,32.2509604,129,13,32,-19,0.0281970896,0.00163364232
room-correction,window,32.2509604,129,14,32,-18,0.0278523978,0.00161367207
room-correction,window,32.2509604,129,15,32,-17,0.0220198246,0.00127575285
room-correction,window,32.2509604,129,16,32,-16,0.00999994263,0.000579362258
room-correction,window,32.2509604,129,17,32,-15,-0.00856188381,-0.00049604608
room-correction,window,32.2509604,129,18,32,-14,-0.0336221936,-0.00194795418
room-correction,window,32.2509604,129,19,32,-13,-0.0647109241,-0.00374912822
room-correction,window,32.2509604,129,20,32,-12,-0.100931074,-0.00584759903
room-correction,window,32.2509604,129,21,32,-11,-0.140987936,-0.00816835578
room-correction,window,32.2509604,129,22,32,-10,-0.183247167,-0.0106167102
room-correction,window,32.2509604,129,23,32,-9,-0.225818778,-0.0130831628
room-correction,window,32.2509604,129,24,32,-8,-0.266662147,-0.015449487
room-correction,window,32.2509604,129,25,32,-7,-0.30370544,-0.0175956479
room-correction,window,32.2509604,129,26,32,-6,-0.334971572,-0.0194071
room-correction,window,32.2509604,129,27,32,-5,-0.358702181,-0.0207819698
room-correction,window,32.2509604,129,28,32,-4,-0.373471017,-0.0216376253
room-correction,window,32.2509604,129,29,32,-3,-0.378278699,-0.0219161659
room-correction,window,32.2509604,129,30,32,-2,-0.37262204,-0.0215884385
room-correction,window,32.2509604,129,31,32,-1,-0.356532801,-0.0206562834
room-correction,window,32.2509604,129,32,32,0,17.260259,1
room-correction,window,32.2509604,129,33,32,1,-2.38345567,-0.138089218
room-correction,window,32.2509604,129,34,32,2,-2.16356197,-0.125349334
room-correction,window,32.2509604,129,35,32,3,-1.91620867,-0.111018535
room-correction,window,32.2509604,129,36,32,4,-1.65064914,-0.0956329299
room-correction,window,32.2509604,129,37,32,5,-1.37669636,-0.0797610488
room-correction,window,32.2509604,129,38,32,6,-1.10419149,-0.0639730547
room-correction,window,32.2509604,129,39,32,7,-0.842480835,-0.04881044
room-correction,window,32.2509604,129,40,32,8,-0.599934429,-0.034758136
room-correction,window,32.2509604,129,41,32,9,-0.383536179,-0.0222207661
room-correction,window,32.2509604,129,42,32,10,-0.198569988,-0.0115044617
room-correction,window,32.2509604,129,43,32,11,-0.0484193473,-0.00280525033
room-correction,window,32.2509604,129,44,32,12,0.0655102971,0.00379544114
room-correction,window,32.2509604,129,45,32,13,0.143745708,0.00832813157
room-correction,window,32.2509604,129,46,32,14,0.188584296,0.0109259251
room-correction,window,32.2509604,129,47,32,15,0.203832261,0.0118093397
room-correction,window,32.2509604,129,48,32,16,0.194464179,0.0112665852
room-correction,window,32.2509604,129,49,32,17,0.166230366,0.00963081528
room-correction,window,32.2509604,129,50,32,18,0.125240855,0.00725602409
room-correction,window,32.2509604,129,51,32,19,0.0775551616,0.00449327913
room-correction,window,32.2509604,129,52,32,20,0.0288052413,0.00166887654
room-correction,window,32.2509604,129,53,32,21,-0.016124675,-0.000934208169
room-correction,window,32.2509604,129,54,32,22,-0.0533429493,-0.00309050689
room-correction,window,32.2509604,129,55,32,23,-0.080108071,-0.00464118592
room-correction,window,32.2509604,129,56,32,24,-0.0948937793,-0.00549781897
room-correction,window,32.2509604,129,57,32,25,-0.0973636853,-0.00564091682
room-correction,window,32.2509604,129,58,32,26,-0.0882637824,-0.00511369977
room-correction,window,32.2509604,129,59,32,27,-0.0692467331,-0.00401191738
room-correction,window,32.2509604,129,60,32,28,-0.0426459666,-0.00247076053
room-correction,window,32.2509604,129,61,32,29,-0.0112201589,-0.000650057392
room-correction,window,32.2509604,129,62,32,30,0.0221105131,0.00128100703
room-correction,window,32.2509604,129,63,32,31,0.0545158253,0.00315845929
room-correction,window,32.2509604,129,64,32,32,0.0834765474,0.00483634385
room-correction,window,32.2509604,129,65,32,33,0.10696061,0.0061969296
room-correction,window,32.2509604,129,66,32,34,0.123544476,0.00715774173
room-correction,window,32.2509604,129,67,32,35,0.132474827,0.00767513553
room-correction,window,32.2509604,129,68,32,36,0.13367073,0.00774442201
room-correction,window,32.2509604,129,69,32,37,0.127671168,0.00739682808
room-correction,window,32.2509604,129,70,32,38,0.115536803,0.00669380473
room-correction,window,32.2509604,129,71,32,39,0.0987178019,0.00571936968
room-correction,window,32.2509604,129,72,32,40,0.0789014073,0.00457127598
room-correction,window,32.2509604,129,73,32,41,0.0578534598,0.00335183034
room-correction,window,32.2509604,129,74,32,42,0.0372674528,0.00215914795
room-correction,window,32.2509604,129,75,32,43,0.0186329786,0.00107953065
room-correction,window,32.2509604,129,76,32,44,0.0031328486,0.000181506466
room-correction,window,32.2509604,129,77,32,45,-0.00842498017,-0.000488114354
room-correction,window,32.2509604,129,78,32,46,-0.0156379682,-0.000906010054
room-correction,window,32.2509604,129,79,32,47,-0.01850273,-0.00107198449
room-correction,window,32.2509604,129,80,32,48,-0.0173756968,-0.00100668807
room-correction,window,32.2509604,129,81,32,49,-0.0129069638,-0.000747785059
room-correction,window,32.2509604,129,82,32,50,-0.005955354,-0.000345032714
room-correction,window,32.2509604,129,83,32,51,0.00250633109,0.000145208197
room-correction,window,32.2509604,129,84,32,52,0.0114868136,0.000665506444
room-correction,window,32.2509604,129,85,32,53,0.020064242,0.00116245312
room-correction,window,32.2509604,129,86,32,54,0.0274595202,0.00159091009
room-correction,window,32.2509604,129,87,32,55,0.0330899679,0.00191711885
room-correction,window,32.2509604,129,88,32,56,0.0366003897,0.00212050061
room-correction,window,32.2509604,129,89,32,57,0.0378708848,0.00219410872
room-correction,window,32.2509604,129,90,32,58,0.0370028547,0.00214381804
room-correction,window,32.2509604,129,91,32,59,0.0342864843,0.00198644089
room-correction,window,32.2509604,129,92,32,60,0.0301543462,0.00174703903
room-correction,window,32.2509604,129,93,32,61,0.0251266145,0.00145574956
room-correction,window,32.2509604,129,94,32,62,0.0197536488,0.00114445842
room-correction,window,32.2509604,129,95,32,63,0.0145614312,0.000843639209
room-correction,window,32.2509604,129,96,32,64,0.0100045922,0.000579631641
room-correction,window,32.2509604,129,97,32,65,0.0064306367,0.000372568957
room-correction,window,32.2509604,129,98,32,66,0.00405763051,0.000235085146
room-correction,window,32.2509604,129,99,32,67,0.00296615745,0.000171848954
room-correction,window,32.2509604,129,100,32,68,0.00310496165,0.000179890791
room-correction,window,32.2509604,129,101,32,69,0.00430846942,0.00024961789
room-correction,window,32.2509604,129,102,32,70,0.00632343914,0.0003663583
room-correction,window,32.2509604,129,103,32,71,0.00884138229,0.00051223926
room-correction,window,32.2509604,129,104,32,72,0.0115331625,0.000668191739
room-correction,window,32.2509604,129,105,32,73,0.0140823017,0.000815880092
room-correction,window,32.2509604,129,106,32,74,0.0162139633,0.000939381228
room-correction,window,32.2509604,129,107,32,75,0.0177172687,0.00102647757
room-correction,window,32.2509604,129,108,32,76,0.0184594544,0.00106947726
room-correction,window,32.2509604,129,109,32,77,0.0183912915,0.00106552813
room-correction,window,32.2509604,129,110,32,78,0.0175440752,0.00101644333
room-correction,window,32.2509604,129,111,32,79,0.0160192737,0.000928101585
room-correction,window,32.2509604,129,112,32,80,0.0139725223,0.00080951985
room-correction,window,32.2509604,129,113,32,81,0.0115940346,0.00067171846
room-correction,window,32.2509604,129,114,32,82,0.00908765116,0.000526507231
room-correction,window,32.2509604,129,115,32,83,0.00665066058,0.000385316384
room-correction,window,32.2509604,129,116,32,84,0.00445624945,0.000258179756
room-correction,window,32.2509604,129,117,32,85,0.00263999982,0.000152952503
room-correction,window,32.2509604,129,118,32,86,0.0012913195,7.48146073e-05
room-correction,window,32.2509604,129,119,32,87,0.000450122403,2.60785428e-05
room-correction,window,32.2509604,129,120,32,88,0.000108531119,6.28791951e-06
room-correction,window,32.2509604,129,121,32,89,0.000216906102,1.2566793e-05
room-correction,window,32.2509604,129,122,32,90,0.000693153054,4.01589023e-05
room-correction,window,32.2509604,129,123,32,91,0.00143404748,8.30837753e-05
room-correction,window,32.2509604,129,124,32,92,0.00232725035,0.000134832875
room-correction,window,32.2509604,129,125,32,93,0.0032627636,0.000189033293
room-correction,window,32.2509604,129,126,32,94,0.00414276729,0.000240017678
room-correction,window,32.2509604,129,127,32,95,0.00488905994,0.000283255306
room-correction,window,32.2509604,129,128,32,96,0.00544765279,0.000315618253
room-correction,window,64,129,0,64,-64,0.0142296659,0.000812693758
room-correction,window,64,129,1,64,-63,0.0172063565,0.000982700415
room-correction,window,64,129,2,64,-62,0.0200404025,0.00114456026
room-correction,window,64,129,3,64,-61,0.0224418741,0.00128171463
room-correction,window,64,129,4,64,-60,0.0241323675,0.00137826317
room-correction,window,64,129,5,64,-59,0.0248756144,0.00142071196
room-correction,window,64,129,6,64,-58,0.0245072363,0.00139967292
room-correction,window,64,129,7,64,-57,0.0229605305,0.00131133647
room-correction,window,64,129,8,64,-56,0.0202852515,0.00115854423
room-correction,window,64,129,9,64,-55,0.0166567459,0.000951310702
room-correction,window,64,129,10,64,-54,0.012373493,0.000706682827
room-correction,window,64,129,11,64,-53,0.00784205331,0.000447880353
room-correction,window,64,129,12,64,-52,0.00354957299,0.000202725477
room-correction,window,64,129,13,64,-51,2.52243521e-05,1.44062929e-06
room-correction,window,64,129,14,64,-50,-0.00220681855,-0.000126037229
room-correction,window,64,129,15,64,-49,-0.00267919432,-0.000153015856
room-correction,window,64,129,16,64,-48,-0.0010334615,-5.90237129e-05
room-correction,window,64,129,17,64,-47,0.0029324626,0.000167480675
room-correction,window,64,129,18,64,-46,0.00922652507,0.000526951187
room-correction,window,64,129,19,64,-45,0.0176389759,0.00100740845
room-correction,window,64,129,20,64,-44,0.0277366652,0.00158411412
room-correction,window,64,129,21,64,-43,0.0388775075,0.00222039702
room-correction,window,64,129,22,64,-42,0.0502457557,0.00286966766
room-correction,window,64,129,23,64,-41,0.0609068531,0.00347855106
room-correction,window,64,129,24,64,-40,0.0698787135,0.00399095767
room-correction,window,64,129,25,64,-39,0.0762144823,0.00435281014
room-correction,window,64,129,26,64,-38,0.0790903424,0.0045170581
room-correction,window,64,129,27,64,-37,0.0778908895,0.00444855419
room-correction,window,64,129,28,64,-36,0.0722841617,0.00412833917
room-correction,window,64,129,29,64,-35,0.0622786359,0.00355689719
room-correction,window,64,129,30,64,-34,0.0482554405,0.00275599551
room-correction,window,64,129,31,64,-33,0.0309706369,0.00176881478
room-correction,window,64,129,32,64,-32,0.0115246121,0.000658201003
room-correction,window,64,129,33,64,-31,-0.00870176585,-0.000496980804
room-correction,window,64,129,34,64,-30,-0.0281417344,-0.00160724869
room-correction,window,64,129,35,64,-29,-0.0451626325,-0.00257935709
room-correction,window,64,129,36,64,-28,-0.058203386,-0.00332414892
room-correction,window,64,129,37,64,-27,-0.0659194595,-0.00376483423
room-correction,window,64,129,38,64,-26,-0.0673238512,-0.00384504275
room-correction,window,64,129,39,64,-25,-0.0619121683,-0.00353596726
room-correction,window,64,129,40,64,-24,-0.0497602365,-0.00284193838
room-correction,window,64,129,41,64,-23,-0.0315841047,-0.00180385154
room-correction,window,64,129,42,64,-22,-0.00875462275,-0.000499999601
room-correction,window,64,129,43,64,-21,0.0167381206,0.000955958227
room-correction,window,64,129,44,64,-20,0.0423715453,0.00241995073
room-correction,window,64,129,45,64,-19,0.0652255898,0.0037252055
room-correction,window,64,129,46,64,-18,0.0821591071,0.00469232335
room-correction,window,64,129,47,64,-17,0.090017148,0.0051411168
room-correction,window,64,129,48,64,-16,0.0858556511,0.00490344273
room-correction,window,64,129,49,64,-15,0.0671679891,0.00383614106
room-correction,window,64,129,50,64,-14,0.0320968562,0.00183313613
room-correction,window,64,129,51,64,-13,-0.0203847449,-0.00116422656
room-correction,window,64,129,52,64,-12,-0.0903381253,-0.00515944866
room-correction,window,64,129,53,64,-11,-0.176781136,-0.0100964371
room-correction,window,64,129,54,64,-10,-0.277676263,-0.0158588239
room-correction,window,64,129,55,64,-9,-0.389988368,-0.0222732645
room-correction,window,64,129,56,64,-8,-0.509810943,-0.0291166479
room-correction,window,64,129,57,64,-7,-0.632554763,-0.0361268713
room-correction,window,64,129,58,64,-6,-0.753188161,-0.0430165629
room-correction,window,64,129,59,64,-5,-0.866514179,-0.0494889107
room-correction,window,64,129,60,64,-4,-0.967466862,-0.0552545848
room-correction,window,64,129,61,64,-3,-1.05140723,-0.0600486409
room-correction,window,64,129,62,64,-2,-1.11439917,-0.0636462763
room-correction,window,64,129,63,64,-1,-1.15344644,-0.0658763689
room-correction,window,64,129,64,64,0,17.5092595,1
room-correction,window,64,129,65,64,1,-1.15344644,-0.0658763689
room-correction,window,64,129,66,64,2,-1.11439917,-0.0636462763
room-correction,window,64,129,67,64,3,-1.05140723,-0.0600486409
room-correction,window,64,129,68,64,4,-0.967466862,-0.0552545848
room-correction,window,64,129,69,64,5,-0.866514179,-0.0494889107
room-correction,window,64,129,70,64,6,-0.753188161,-0.0430165629
room-correction,window,64,129,71,64,7,-0.632554763,-0.0361268713
room-correction,window,64,129,72,64,8,-0.509810943,-0.0291166479
room-correction,window,64,129,73,64,9,-0.389988368,-0.0222732645
room-correction,window,64,129,74,64,10,-0.277676263,-0.0158588239
room-correction,window,64,129,75,64,11,-0.176781136,-0.0100964371
room-correction,window,64,129,76,64,12,-0.0903381253,-0.00515944866
room-correction,window,64,129,77,64,13,-0.0203847449,-0.00116422656
room-correction,window,64,129,78,64,14,0.0320968562,0.00183313613
room-correction,window,64,129,79,64,15,0.0671679891,0.00383614106
room-correction,window,64,129,80,64,16,0.0858556511,0.00490344273
room-correction,window,64,129,81,64,17,0.090017148,0.0051411168
room-correction,window,64,129,82,64,18,0.0821591071,0.00469232335
room-correction,window,64,129,83,64,19,0.0652255898,0.0037252055
room-correction,window,64,129,84,64,20,0.0423715453,0.00241995073
room-correction,window,64,129,85,64,21,0.0167381206,0.000955958227
room-correction,window,64,129,86,64,22,-0.00875462275,-0.000499999601
room-correction,window,64,129,87,64,23,-0.0315841047,-0.00180385154
room-correction,window,64,129,88,64,24,-0.0497602365,-0.00284193838
room-correction,window,64,129,89,64,25,-0.0619121683,-0.00353596726
room-correction,window,64,129,90,64,26,-0.0673238512,-0.00384504275
room-correction,window,64,129,91,64,27,-0.0659194595,-0.00376483423
room-correction,window,64,129,92,64,28,-0.058203386,-0.00332414892
room-correction,window,64,129,93,64,29,-0.0451626325,-0.00257935709
room-correction,window,64,129,94,64,30,-0.0281417344,-0.00160724869
room-correction,window,64,129,95,64,31,-0.00870176585,-0.000496980804
room-correction,window,64,129,96,64,32,0.0115246121,0.000658201003
room-correction,window,64,129,97,64,33,0.0309706369,0.00176881478
room-correction,window,64,129,98,64,34,0.0482554405,0.00275599551
room-correction,window,64,129,99,64,35,0.0622786359,0.00355689719
room-correction,window,64,129,100,64,36,0.0722841617,0.00412833917
room-correction,window,64,129,101,64,37,0.0778908895,0.00444855419
room-correction,window,64,129,102,64,38,0.0790903424,0.0045170581
room-correction,window,64,129,103,64,39,0.0762144823,0.00435281014
room-correction,window,64,129,104,64,40,0.0698787135,0.00399095767
room-correction,window,64,129,105,64,41,0.0609068531,0.00347855106
room-correction,window,64,129,106,64,42,0.0502457557,0.00286966766
room-correction,window,64,129,107,64,43,0.0388775075,0.00222039702
room-correction,window,64,129,108,64,44,0.0277366652,0.00158411412
room-correction,window,64,129,109,64,45,0.0176389759,0.00100740845
room-correction,window,64,129,110,64,46,0.00922652507,0.000526951187
room-correction,window,64,129,111,64,47,0.0029324626,0.000167480675
room-correction,window,64,129,112,64,48,-0.0010334615,-5.90237129e-05
room-correction,window,64,129,113,64,49,-0.00267919432,-0.000153015856
room-correction,window,64,129,114,64,50,-0.00220681855,-0.000126037229
room-correction,window,64,129,115,64,51,2.52243521e-05,1.44062929e-06
room-correction,window,64,129,116,64,52,0.00354957299,0.000202725477
room-correction,window,64,129,117,64,53,0.00784205331,0.000447880353
room-correction,window,64,129,118,64,54,0.012373493,0.000706682827
room-correction,window,64,129,119,64,55,0.0166567459,0.000951310702
room-correction,window,64,129,120,64,56,0.0202852515,0.00115854423
room-correction,window,64,129,121,64,57,0.0229605305,0.00131133647
room-correction,window,64,129,122,64,58,0.0245072363,0.00139967292
room-correction,window,64,129,123,64,59,0.0248756144,0.00142071196
room-correction,window,64,129,124,64,60,0.0241323675,0.00137826317
room-correction,window,64,129,125,64,61,0.0224418741,0.00128171463
room-correction,window,64,129,126,64,62,0.0200404025,0.00114456026
room-correction,window,64,129,127,64,63,0.0172063565,0.000982700415
room-correction,window,64,129,128,64,64,0.0142296659,0.000812693758
room-correction,window,95.7490396,129,0,96,-96,0.00544765279,0.000315618253
room-correction,window,95.7490396,129,1,96,-95,0.00488905994,0.000283255306
room-correction,window,95.7490396,129,2,96,-94,0.00414276729,0.000240017678
room-correction,window,95.7490396,129,3,96,-93,0.0032627636,0.000189033293
room-correction,window,95.7490396,129,4,96,-92,0.00232725035,0.000134832875
room-correction,window,95.7490396,129,5,96,-91,0.00143404748,8.30837753e-05
room-correction,window,95.7490396,129,6,96,-90,0.000693153054,4.01589023e-05
room-correction,window,95.7490396,129,7,96,-89,0.000216906102,1.2566793e-05
room-correction,window,95.7490396,129,8,96,-88,0.000108531119,6.28791951e-06
room-correction,window,95.7490396,129,9,96,-87,0.000450122403,2.60785428e-05
room-correction,window,95.7490396,129,10,96,-86,0.0012913195,7.48146073e-05
room-correction,window,95.7490396,129,11,96,-85,0.00263999982,0.000152952503
room-correction,window,95.7490396,129,12,96,-84,0.00445624945,0.000258179756
room-correction,window,95.7490396,129,13,96,-83,0.00665066058,0.000385316384
room-correction,window,95.7490396,129,14,96,-82,0.00908765116,0.000526507231
room-correction,window,95.7490396,129,15,96,-81,0.0115940346,0.00067171846
room-correction,window,95.7490396,129,16,96,-80,0.0139725223,0.00080951985
room-correction,window,95.7490396,129,17,96,-79,0.0160192737,0.000928101585
room-correction,window,95.7490396,129,18,96,-78,0.0175440752,0.00101644333
room-correction,window,95.7490396,129,19,96,-77,0.0183912915,0.00106552813
room-correction,window,95.7490396,129,20,96,-76,0.0184594544,0.00106947726
room-correction,window,95.7490396,129,21,96,-75,0.0177172687,0.00102647757
room-correction,window,95.7490396,129,22,96,-74,0.0162139633,0.000939381228
room-correction,window,95.7490396,129,23,96,-73,0.0140823017,0.000815880092
room-correction,window,95.7490396,129,24,96,-72,0.0115331625,0.000668191739
room-correction,window,95.7490396,129,25,96,-71,0.00884138229,0.00051223926
room-correction,window,95.7490396,129,26,96,-70,0.00632343914,0.0003663583
room-correction,window,95.7490396,129,27,96,-69,0.00430846942,0.00024961789
room-correction,window,95.7490396,129,28,96,-68,0.00310496165,0.000179890791
room-correction,window,95.7490396,129,29,96,-67,0.00296615745,0.000171848954
room-correction,window,95.7490396,129,30,96,-66,0.00405763051,0.000235085146
room-correction,window,95.7490396,129,31,96,-65,0.0064306367,0.000372568957
room-correction,window,95.7490396,129,32,96,-64,0.0100045922,0.000579631641
room-correction,window,95.7490396,129,33,96,-63,0.0145614312,0.000843639209
room-correction,window,95.7490396,129,34,96,-62,0.0197536488,0.00114445842
room-correction,window,95.7490396,129,35,96,-61,0.0251266145,0.00145574956
room-correction,window,95.7490396,129,36,96,-60,0.0301543462,0.00174703903
room-correction,window,95.7490396,129,37,96,-59,0.0342864843,0.00198644089
room-correction,window,95.7490396,129,38,96,-58,0.0370028547,0.00214381804
room-correction,window,95.7490396,129,39,96,-57,0.0378708848,0.00219410872
room-correction,window,95.7490396,129,40,96,-56,0.0366003897,0.00212050061
room-correction,window,95.7490396,129,41,96,-55,0.0330899679,0.00191711885
room-correction,window,95.7490396,129,42,96,-54,0.0274595202,0.00159091009
room-correction,window,95.7490396,129,43,96,-53,0.020064242,0.00116245312
room-correction,window,95.7490396,129,44,96,-52,0.0114868136,0.000665506444
room-correction,window,95.7490396,129,45,96,-51,0.00250633109,0.000145208197
room-correction,window,95.7490396,129,46,96,-50,-0.005955354,-0.000345032714
room-correction,window,95.7490396,129,47,96,-49,-0.0129069638,-0.000747785059
room-correction,window,95.7490396,129,48,96,-48,-0.0173756968,-0.00100668807
room-correction,window,95.7490396,129,49,96,-47,-0.01850273,-0.00107198449
room-correction,window,95.7490396,129,50,96,-46,-0.0156379682,-0.000906010054
room-correction,window,95.7490396,129,51,96,-45,-0.00842498017,-0.000488114354
room-correction,window,95.7490396,129,52,96,-44,0.0031328486,0.000181506466
room-correction,window,95.7490396,129,53,96,-43,0.0186329786,0.00107953065
room-correction,window,95.7490396,129,54,96,-42,0.0372674528,0.00215914795
room-correction,window,95.7490396,129,55,96,-41,0.0578534598,0.00335183034
room-correction,window,95.7490396,129,56,96,-40,0.0789014073,0.00457127598
room-correction,window,95.7490396,129,57,96,-39,0.0987178019,0.00571936968
room-correction,window,95.7490396,129,58,96,-38,0.115536803,0.00669380473
room-correction,window,95.7490396,129,59,96,-37,0.127671168,0.00739682808
room-correction,window,95.7490396,129,60,96,-36,0.13367073,0.00774442201
room-correction,window,95.7490396,129,61,96,-35,0.132474827,0.00767513553
room-correction,window,95.7490396,129,62,96,-34,0.123544476,0.00715774173
room-correction,window,95.7490396,129,63,96,-33,0.10696061,0.0061969296
room-correction,window,95.7490396,129,64,96,-32,0.0834765474,0.00483634385
room-correction,window,95.7490396,129,65,96,-31,0.0545158253,0.00315845929
room-correction,window,95.7490396,129,66,96,-30,0.0221105131,0.00128100703
room-correction,window,95.7490396,129,67,96,-29,-0.0112201589,-0.000650057392
room-correction,window,95.7490396,129,68,96,-28,-0.0426459666,-0.00247076053
room-correction,window,95.7490396,129,69,96,-27,-0.0692467331,-0.00401191738
room-correction,window,95.7490396,129,70,96,-26,-0.0882637824,-0.00511369977
room-correction,window,95.7490396,129,71,96,-25,-0.0973636853,-0.00564091682
room-correction,window,95.7490396,129,72,96,-24,-0.0948937793,-0.00549781897
room-correction,window,95.7490396,129,73,96,-23,-0.080108071,-0.00464118592
room-correction,window,95.7490396,129,74,96,-22,-0.0533429493,-0.00309050689
room-correction,window,95.7490396,129,75,96,-21,-0.016124675,-0.000934208169
room-correction,window,95.7490396,129,76,96,-20,0.0288052413,0.00166887654
room-correction,window,95.7490396,129,77,96,-19,0.0775551616,0.00449327913
room-correction,window,95.7490396,129,78,96,-18,0.125240855,0.00725602409
room-correction,window,95.7490396,129,79,96,-17,0.166230366,0.00963081528
room-correction,window,95.7490396,129,80,96,-16,0.194464179,0.0112665852
room-correction,window,95.7490396,129,81,96,-15,0.203832261,0.0118093397
room-correction,window,95.7490396,129,82,96,-14,0.188584296,0.0109259251
room-correction,window,95.7490396,129,83,96,-13,0.143745708,0.00832813157
room-correction,window,95.7490396,129,84,96,-12,0.0655102971,0.00379544114
room-correction,window,95.7490396,129,85,96,-11,-0.0484193473,-0.00280525033
room-correction,window,95.7490396,129,86,96,-10,-0.198569988,-0.0115044617
room-correction,window,95.7490396,129,87,96,-9,-0.383536179,-0.0222207661
room-correction,window,95.7490396,129,88,96,-8,-0.599934429,-0.034758136
room-correction,window,95.7490396,129,89,96,-7,-0.842480835,-0.04881044
room-correction,window,95.7490396,129,90,96,-6,-1.10419149,-0.0639730547
room-correction,window,95.7490396,129,91,96,-5,-1.37669636,-0.0797610488
room-correction,window,95.7490396,129,92,96,-4,-1.65064914,-0.0956329299
room-correction,window,95.7490396,129,93,96,-3,-1.91620867,-0.111018535
room-correction,window,95.7490396,129,94,96,-2,-2.16356197,-0.125349334
room-correction,window,95.7490396,129,95,96,-1,-2.38345567,-0.138089218
room-correction,window,95.7490396,129,96,96,0,17.260259,1
room-correction,window,95.7490396,129,97,96,1,-0.356532801,-0.0206562834
room-correction,window,95.7490396,129,98,96,2,-0.37262204,-0.0215884385
room-correction,window,95.7490396,129,99,96,3,-0.378278699,-0.0219161659
room-correction,window,95.7490396,129,100,96,4,-0.373471017,-0.0216376253
room-correction,window,95.7490396,129,101,96,5,-0.358702181,-0.0207819698
room-correction,window,95.7490396,129,102,96,6,-0.334971572,-0.0194071
room-correction,window,95.7490396,129,103,96,7,-0.30370544,-0.0175956479
room-correction,window,95.7490396,129,104,96,8,-0.266662147,-0.015449487
room-correction,window,95.7490396,129,105,96,9,-0.225818778,-0.0130831628
room-correction,window,95.7490396,129,106,96,10,-0.183247167,-0.0106167102
room-correction,window,95.7490396,129,107,96,11,-0.140987936,-0.00816835578
room-correction,window,95.7490396,129,108,96,12,-0.100931074,-0.00584759903
room-correction,window,95.7490396,129,109,96,13,-0.0647109241,-0.00374912822
room-correction,window,95.7490396,129,110,96,14,-0.0336221936,-0.00194795418
room-correction,window,95.7490396,129,111,96,15,-0.00856188381,-0.00049604608
room-correction,window,95.7490396,129,112,96,16,0.00999994263,0.000579362258
room-correction,window,95.7490396,129,113,96,17,0.0220198246,0.00127575285
room-correction,window,95.7490396,129,114,96,18,0.0278523978,0.00161367207
room-correction,window,95.7490396,129,115,96,19,0.0281970896,0.00163364232
room-correction,window,95.7490396,129,116,96,20,0.0240250214,0.00139192705
room-correction,window,95.7490396,129,117,96,21,0.016492324,0.000955508491
room-correction,window,95.7490396,129,118,96,22,0.00684675995,0.000396677707
room-correction,window,95.7490396,129,119,96,23,-0.00366531803,-0.000212355911
room-correction,window,95.7490396,129,120,96,24,-0.013885039,-0.000804451371
room-correction,window,95.7490396,129,121,96,25,-0.0228143644,-0.00132178575
room-correction,window,95.7490396,129,122,96,26,-0.0296722367,-0.00171910727
room-correction,window,95.7490396,129,123,96,27,-0.033930595,-0.00196582189
room-correction,window,95.7490396,129,124,96,28,-0.035329014,-0.00204684147
room-correction,window,95.7490396,129,125,96,29,-0.0338684141,-0.00196221934
room-correction,window,95.7490396,129,126,96,30,-0.0297858507,-0.00172568968
room-correction,window,95.7490396,129,127,96,31,-0.0235137003,-0.00136230287
room-correction,window,95.7490396,129,128,96,32,-0.0156275358,-0.000905405638
room-correction,window,127.498079,129,0,128,-128,0.00220357648,0.000132995583
room-correction,window,127.498079,129,1,128,-127,0.00219759888,0.000132634808
room-correction,window,127.498079,129,2,128,-126,0.00221752969,0.00013383772
room-correction,window,127.498079,129,3,128,-125,0.00227187845,0.000137117909
room-correction,window,127.498079,129,4,128,-124,0.00236796281,0.000142917025
room-correction,window,127.498079,129,5,128,-123,0.0025107163,0.000151532828
room-correction,window,127.498079,129,6,128,-122,0.00270151436,0.000163048335
room-correction,window,127.498079,129,7,128,-121,0.0029372138,0.000177273838
room-correction,window,127.498079,129,8,128,-120,0.00320960659,0.000193713947
room-correction,window,127.498079,129,9,128,-119,0.00350546418,0.000211570261
room-correction,window,127.498079,129,10,128,-118,0.00380729118,0.000229786855
room-correction,window,127.498079,129,11,128,-117,0.00409482254,0.000247140643
room-correction,window,127.498079,129,12,128,-116,0.00434719491,0.000262372432
room-correction,window,127.498079,129,13,128,-115,0.00454561213,0.000274347788
room-correction,window,127.498079,129,14,128,-114,0.00467622301,0.000282230732
room-correction,window,127.498079,129,15,128,-113,0.00473285149,0.000285648511
room-correction,window,127.498079,129,16,128,-112,0.00471917927,0.000284823332
room-correction,window,127.498079,129,17,128,-111,0.00464999031,0.000280647473
room-correction,window,127.498079,129,18,128,-110,0.00455114983,0.000274682013
room-correction,window,127.498079,129,19,128,-109,0.00445810748,0.000269066496
room-correction,window,127.498079,129,20,128,-108,0.00441287579,0.000266336563
room-correction,window,127.498079,129,21,128,-107,0.00445962656,0.000269158179
room-correction,window,127.498079,129,22,128,-106,0.0046392479,0.000279999121
room-correction,window,127.498079,129,23,128,-105,0.00498338901,0.000300769558
room-correction,window,127.498079,129,24,128,-104,0.00550866291,0.00033247216
room-correction,window,127.498079,129,25,128,-103,0.00621175578,0.000374906924
room-correction,window,127.498079,129,26,128,-102,0.00706618771,0.000426475668
room-correction,window,127.498079,129,27,128,-101,0.0080213732,0.000484125335
room-correction,window,127.498079,129,28,128,-100,0.0090044417,0.000543457865
room-correction,window,127.498079,129,29,128,-99,0.0099250097,0.000599018213
room-correction,window,127.498079,129,30,128,-98,0.0106827698,0.000644752385
room-correction,window,127.498079,129,31,128,-97,0.0111774106,0.000674606143
room-correction,window,127.498079,129,32,128,-96,0.0113200426,0.000683214617
room-correction,window,127.498079,129,33,128,-95,0.0110450223,0.000666615923
room-correction,window,127.498079,129,34,128,-94,0.0103208756,0.000622910472
room-correction,window,127.498079,129,35,128,-93,0.00915896315,0.000552783918
room-correction,window,127.498079,129,36,128,-92,0.0076186114,0.00045981688
room-correction,window,127.498079,129,37,128,-91,0.00580768108,0.000350519229
room-correction,window,127.498079,129,38,128,-90,0.00387792743,0.000234050065
room-correction,window,127.498079,129,39,128,-89,0.002015013,0.000121614943
room-correction,window,127.498079,129,40,128,-88,0.000423610203,2.55667485e-05
room-correction,window,127.498079,129,41,128,-87,-0.000691376653,-4.17276376e-05
room-correction,window,127.498079,129,42,128,-86,-0.00114589564,-6.91598678e-05
room-correction,window,127.498079,129,43,128,-85,-0.000798134205,-4.81709278e-05
room-correction,window,127.498079,129,44,128,-84,0.000432051016,2.60761889e-05
room-correction,window,127.498079,129,45,128,-83,0.00254795772,0.000153780513
room-correction,window,127.498079,129,46,128,-82,0.00546720104,0.000329969753
room-correction,window,127.498079,129,47,128,-81,0.00902084483,0.000544447866
room-correction,window,127.498079,129,48,128,-80,0.0129614484,0.000782280716
room-correction,window,127.498079,129,49,128,-79,0.0169801243,0.00102482557
room-correction,window,127.498079,129,50,128,-78,0.0207317525,0.00125125292
room-correction,window,127.498079,129,51,128,-77,0.0238665456,0.00144045154
room-correction,window,127.498079,129,52,128,-76,0.0260653023,0.00157315623
room-correction,window,127.498079,129,53,128,-75,0.0270750317,0.00163409786
room-correction,window,127.498079,129,54,128,-74,0.0267412588,0.00161395319
room-correction,window,127.498079,129,55,128,-73,0.0250333057,0.00151087067
room-correction,window,127.498079,129,56,128,-72,0.0220592147,0.00133137113
room-correction,window,127.498079,129,57,128,-71,0.0180677324,0.00109046753
room-correction,window,127.498079,129,58,128,-70,0.0134358761,0.000810914522
room-correction,window,127.498079,129,59,128,-69,0.00864195603,0.000521580253
room-correction,window,127.498079,129,60,128,-68,0.00422542613,0.000255023148
room-correction,window,127.498079,129,61,128,-67,0.000736431374,4.44468892e-05
room-correction,window,127.498079,129,62,128,-66,-0.00132074085,-7.97125495e-05
room-correction,window,127.498079,129,63,128,-65,-0.0015450664,-9.32515881e-05
room-correction,window,127.498079,129,64,128,-64,0.000308781636,1.86363369e-05
room-correction,window,127.498079,129,65,128,-63,0.00428884746,0.000258850905
room-correction,window,127.498079,129,66,128,-62,0.0102204862,0.000616851529
room-correction,window,127.498079,129,67,128,-61,0.0177013296,0.0010683535
room-correction,window,127.498079,129,68,128,-60,0.0261191494,0.00157640614
room-correction,window,127.498079,129,69,128,-59,0.0346930715,0.00209388024
room-correction,window,127.498079,129,70,128,-58,0.0425362855,0.00256725288
room-correction,window,127.498079,129,71,128,-57,0.0487360622,0.00294143682
room-correction,window,127.498079,129,72,128,-56,0.0524447677,0.00316527359
room-correction,window,127.498079,129,73,128,-55,0.0529738703,0.00319720727
room-correction,window,127.498079,129,74,128,-54,0.049881889,0.00301059253
room-correction,window,127.498079,129,75,128,-53,0.0430469754,0.00259807528
room-correction,window,127.498079,129,76,128,-52,0.0327154613,0.00197452272
room-correction,window,127.498079,129,77,128,-51,0.0195192419,0.00117807254
room-correction,window,127.498079,129,78,128,-50,0.0044572338,0.000269013765
room-correction,window,127.498079,129,79,128,-49,-0.0111608134,-0.000673604429
room-correction,window,127.498079,129,80,128,-48,-0.0258064045,-0.0015575306
room-correction,window,127.498079,129,81,128,-47,-0.0378549299,-0.00228471238
room-correction,window,127.498079,129,82,128,-46,-0.0457300795,-0.00276001247
room-correction,window,127.498079,129,83,128,-45,-0.0480584062,-0.00290053728
room-correction,window,127.498079,129,84,128,-44,-0.0438203919,-0.00264475438
room-correction,window,127.498079,129,85,128,-43,-0.0324834606,-0.00196052045
room-correction,window,127.498079,129,86,128,-42,-0.0141027646,-0.000851164191
room-correction,window,127.498079,129,87,128,-41,0.010622697,0.000641126729
room-correction,window,127.498079,129,88,128,-40,0.0403480388,0.00243518252
room-correction,window,127.498079,129,89,128,-39,0.0731397843,0.00441430933
room-correction,window,127.498079,129,90,128,-38,0.106592773,0.00643334511
room-correction,window,127.498079,129,91,128,-37,0.138001535,0.00832900277
room-correction,window,127.498079,129,92,128,-36,0.164575588,0.0099328643
room-correction,window,127.498079,129,93,128,-35,0.183683211,0.0110860938
room-correction,window,127.498079,129,94,128,-34,0.193104357,0.0116547017
room-correction,window,127.498079,129,95,128,-33,0.191270824,0.0115440398
room-correction,window,127.498079,129,96,128,-32,0.17747104,0.0107111619
room-correction,window,127.498079,129,97,128,-31,0.151997964,0.00917374912
room-correction,window,127.498079,129,98,128,-30,0.116221657,0.00701449084
room-correction,window,127.498079,129,99,128,-29,0.0725730421,0.00438010394
room-correction,window,127.498079,129,100,128,-28,0.0244317743,0.00147456559
room-correction,window,127.498079,129,101,128,-27,-0.0240813001,-0.00145341292
room-correction,window,127.498079,129,102,128,-26,-0.0683986038,-0.00412815813
room-correction,window,127.498079,129,103,128,-25,-0.103870794,-0.00626906163
room-correction,window,127.498079,129,104,128,-24,-0.126178716,-0.00761544332
room-correction,window,127.498079,129,105,128,-23,-0.131763155,-0.00795248893
room-correction,window,127.498079,129,106,128,-22,-0.118239535,-0.00713627866
room-correction,window,127.498079,129,107,128,-21,-0.0847634116,-0.00511584663
room-correction,window,127.498079,129,108,128,-20,-0.0323140319,-0.00195029468
room-correction,window,127.498079,129,109,128,-19,0.036132746,0.00218077097
room-correction,window,127.498079,129,110,128,-18,0.115564295,0.0069748161
room-correction,window,127.498079,129,111,128,-17,0.199037294,0.0120127806
room-correction,window,127.498079,129,112,128,-16,0.277933331,0.0167745053
room-correction,window,127.498079,129,113,128,-15,0.342356347,0.0206627191
room-correction,window,127.498079,129,114,128,-14,0.381653302,0.0230344641
room-correction,window,127.498079,129,115,128,-13,0.385029396,0.0232382263
room-correction,window,127.498079,129,116,128,-12,0.342220779,0.020654537
room-correction,window,127.498079,129,117,128,-11,0.244181747,0.014737448
room-correction,window,127.498079,129,118,128,-10,0.0837403729,0.00505410172
room-correction,window,127.498079,129,119,128,-9,-0.143823251,-0.00868036904
room-correction,window,127.498079,129,120,128,-8,-0.440318387,-0.0265751613
room-correction,window,127.498079,129,121,128,-7,-0.804340123,-0.0485454824
room-correction,window,127.498079,129,122,128,-6,-1.2311469,-0.0743051585
room-correction,window,127.498079,129,123,128,-5,-1.71273346,-0.103371036
room-correction,window,127.498079,129,124,128,-4,-2.23810054,-0.135079262
room-correction,window,127.498079,129,125,128,-3,-2.79370956,-0.168612723
room-correction,window,127.498079,129,126,128,-2,-3.36409763,-0.203038164
room-correction,window,127.498079,129,127,128,-1,-3.93261712,-0.237350829
room-correction,window,127.498079,129,128,128,0,16.5687945,1
steep-crossover,sub-minimum,24.6848056,129,0,21,-21,0.00678703306,0.266150309
steep-crossover,sub-minimum,24.6848056,129,1,21,-20,0.00787187471,0.308691864
steep-crossover,sub-minimum,24.6848056,129,2,21,-19,0.00901428673,0.353491014
steep-crossover,sub-minimum,24.6848056,129,3,21,-18,0.0102026116,0.400090616
steep-crossover,sub-minimum,24.6848056,129,4,21,-17,0.0114244859,0.44800584
steep-crossover,sub-minimum,24.6848056,129,5,21,-16,0.0126670428,0.496732124
steep-crossover,sub-minimum,24.6848056,129,6,21,-15,0.0139171077,0.545752831
steep-crossover,sub-minimum,24.6848056,129,7,21,-14,0.0151613842,0.594546551
steep-crossover,sub-minimum,24.6848056,129,8,21,-13,0.0163866299,0.642593984
steep-crossover,sub-minimum,24.6848056,129,9,21,-12,0.0175798199,0.68938437
steep-crossover,sub-minimum,24.6848056,129,10,21,-11,0.0187282987,0.734421425
steep-crossover,sub-minimum,24.6848056,129,11,21,-10,0.0198199172,0.777228731
steep-crossover,sub-minimum,24.6848056,129,12,21,-9,0.0208431561,0.817354564
steep-crossover,sub-minimum,24.6848056,129,13,21,-8,0.0217872342,0.85437614
steep-crossover,sub-minimum,24.6848056,129,14,21,-7,0.0226422007,0.887903253
steep-crossover,sub-minimum,24.6848056,129,15,21,-6,0.0233990151,0.917581371
steep-crossover,sub-minimum,24.6848056,129,16,21,-5,0.0240496107,0.943094171
steep-crossover,sub-minimum,24.6848056,129,17,21,-4,0.0245869471,0.964165567
steep-crossover,sub-minimum,24.6848056,129,18,21,-3,0.0250050504,0.980561291
steep-crossover,sub-minimum,24.6848056,129,19,21,-2,0.0252990419,0.992090028
steep-crossover,sub-minimum,24.6848056,129,20,21,-1,0.0254651564,0.998604131
steep-crossover,sub-minimum,24.6848056,129,21,21,0,0.0255007521,1
steep-crossover,sub-minimum,24.6848056,129,22,21,1,0.025404311,0.996218106
steep-crossover,sub-minimum,24.6848056,129,23,21,2,0.0251754321,0.987242728
steep-crossover,sub-minimum,24.6848056,129,24,21,3,0.0248148181,0.97310142
steep-crossover,sub-minimum,24.6848056,129,25,21,4,0.0243242547,0.953864208
steep-crossover,sub-minimum,24.6848056,129,26,21,5,0.0237065847,0.929642569
steep-crossover,sub-minimum,24.6848056,129,27,21,6,0.0229656754,0.900588161
steep-crossover,sub-minimum,24.6848056,129,28,21,7,0.0221063803,0.866891306
steep-crossover,sub-minimum,24.6848056,129,29,21,8,0.0211344942,0.828779251
steep-crossover,sub-minimum,24.6848056,129,30,21,9,0.0200567032,0.786514184
steep-crossover,sub-minimum,24.6848056,129,31,21,10,0.0188805278,0.740391019
steep-crossover,sub-minimum,24.6848056,129,32,21,11,0.0176142606,0.690734945
steep-crossover,sub-minimum,24.6848056,129,33,21,12,0.0162668979,0.637898751
steep-crossover,sub-minimum,24.6848056,129,34,21,13,0.0148480658,0.582259918
steep-crossover,sub-minimum,24.6848056,129,35,21,14,0.0133679403,0.524217492
steep-crossover,sub-minimum,24.6848056,129,36,21,15,0.011837162,0.464188742
steep-crossover,sub-minimum,24.6848056,129,37,21,16,0.0102667465,0.402605634
steep-crossover,sub-minimum,24.6848056,129,38,21,17,0.00866798908,0.339911115
steep-crossover,sub-minimum,24.6848056,129,39,21,18,0.00705236725,0.276555265
steep-crossover,sub-minimum,24.6848056,129,40,21,19,0.00543143893,0.212991323
steep-crossover,sub-minimum,24.6848056,129,41,21,20,0.00381673911,0.149671629
steep-crossover,sub-minimum,24.6848056,129,42,21,21,0.00221967535,0.0870435249
steep-crossover,sub-minimum,24.6848056,129,43,21,22,0.00065142294,0.0255452442
steep-crossover,sub-minimum,24.6848056,129,44,21,23,-0.000877179075,-0.0343981648
steep-crossover,sub-minimum,24.6848056,129,45,21,24,-0.00235572959,-0.0923788278
steep-crossover,sub-minimum,24.6848056,129,46,21,25,-0.0037743638,-0.148009901
steep-crossover,sub-minimum,24.6848056,129,47,21,26,-0.00512384697,-0.200929249
steep-crossover,sub-minimum,24.6848056,129,48,21,27,-0.00639566214,-0.250802883
steep-crossover,sub-minimum,24.6848056,129,49,21,28,-0.00758209088,-0.297328128
steep-crossover,sub-minimum,24.6848056,129,50,21,29,-0.0086762853,-0.340236447
steep-crossover,sub-minimum,24.6848056,129,51,21,30,-0.00967233084,-0.379295905
steep-crossover,sub-minimum,24.6848056,129,52,21,31,-0.0105652985,-0.414313209
steep-crossover,sub-minimum,24.6848056,129,53,21,32,-0.0113512853,-0.445135315
steep-crossover,sub-minimum,24.6848056,129,54,21,33,-0.0120274434,-0.471650537
steep-crossover,sub-minimum,24.6848056,129,55,21,34,-0.0125919951,-0.493789164
steep-crossover,sub-minimum,24.6848056,129,56,21,35,-0.0130442353,-0.511523553
steep-crossover,sub-minimum,24.6848056,129,57,21,36,-0.013384521,-0.524867696
steep-crossover,sub-minimum,24.6848056,129,58,21,37,-0.0136142457,-0.533876244
steep-crossover,sub-minimum,24.6848056,129,59,21,38,-0.0137358021,-0.538643019
steep-crossover,sub-minimum,24.6848056,129,60,21,39,-0.0137525305,-0.539299015
steep-crossover,sub-minimum,24.6848056,129,61,21,40,-0.0136686562,-0.536009925
steep-crossover,sub-minimum,24.6848056,129,62,21,41,-0.0134892147,-0.528973212
steep-crossover,sub-minimum,24.6848056,129,63,21,42,-0.0132199669,-0.518414783
steep-crossover,sub-minimum,24.6848056,129,64,21,43,-0.0128673047,-0.504585301
steep-crossover,sub-minimum,24.6848056,129,65,21,44,-0.0124381501,-0.487756206
steep-crossover,sub-minimum,24.6848056,129,66,21,45,-0.0119398469,-0.46821548
steep-crossover,sub-minimum,24.6848056,129,67,21,46,-0.0113800487,-0.446263255
steep-crossover,sub-minimum,24.6848056,129,68,21,47,-0.0107666039,-0.42220731
steep-crossover,sub-minimum,24.6848056,129,69,21,48,-0.0101074409,-0.39635854
steep-crossover,sub-minimum,24.6848056,129,70,21,49,-0.00941045273,-0.369026478
steep-crossover,sub-minimum,24.6848056,129,71,21,50,-0.00868338645,-0.340514915
steep-crossover,sub-minimum,24.6848056,129,72,21,51,-0.00793373619,-0.311117733
steep-crossover,sub-minimum,24.6848056,129,73,21,52,-0.00716864306,-0.281114966
steep-crossover,sub-minimum,24.6848056,129,74,21,53,-0.00639480325,-0.250769202
steep-crossover,sub-minimum,24.6848056,129,75,21,54,-0.00561838563,-0.22032235
steep-crossover,sub-minimum,24.6848056,129,76,21,55,-0.00484496069,-0.189992854
steep-crossover,sub-minimum,24.6848056,129,77,21,56,-0.00407944138,-0.159973375
steep-crossover,sub-minimum,24.6848056,129,78,21,57,-0.00332603741,-0.130428993
steep-crossover,sub-minimum,24.6848056,129,79,21,58,-0.00258822322,-0.101495956
steep-crossover,sub-minimum,24.6848056,129,80,21,59,-0.00186872043,-0.0732809927
steep-crossover,sub-minimum,24.6848056,129,81,21,60,-0.00116949489,-0.0458611921
steep-crossover,sub-minimum,24.6848056,129,82,21,61,-0.000491768348,-0.0192844645
steep-crossover,sub-minimum,24.6848056,129,83,21,62,0.000163955567,0.00642944044
steep-crossover,sub-minimum,24.6848056,129,84,21,63,0.000797851316,0.0312873641
steep-crossover,sub-minimum,24.6848056,129,85,21,64,0.00141071833,0.055320656
steep-crossover,sub-minimum,24.6848056,129,86,21,65,0.00200391571,0.0785826122
steep-crossover,sub-minimum,24.6848056,129,87,21,66,0.00257928594,0.101145485
steep-crossover,sub-minimum,24.6848056,129,88,21,67,0.00313906899,0.123097114
steep-crossover,sub-minimum,24.6848056,129,89,21,68,0.00368580854,0.144537248
steep-crossover,sub-minimum,24.6848056,129,90,21,69,0.00422225194,0.165573624
steep-crossover,sub-minimum,24.6848056,129,91,21,70,0.00475124577,0.186317868
steep-crossover,sub-minimum,24.6848056,129,92,21,71,0.00527562914,0.206881315
steep-crossover,sub-minimum,24.6848056,129,93,21,72,0.00579812657,0.227370806
steep-crossover,sub-minimum,24.6848056,129,94,21,73,0.00632124294,0.247884569
steep-crossover,sub-minimum,24.6848056,129,95,21,74,0.00684716238,0.268508252
steep-crossover,sub-minimum,24.6848056,129,96,21,75,0.00737765354,0.289311213
steep-crossover,sub-minimum,24.6848056,129,97,21,76,0.00791398299,0.310343121
steep-crossover,sub-minimum,24.6848056,129,98,21,77,0.00845683935,0.331630978
steep-crossover,sub-minimum,24.6848056,129,99,21,78,0.00900626943,0.35317662
steep-crossover,sub-minimum,24.6848056,129,100,21,79,0.00956162872,0.374954773
steep-crossover,sub-minimum,24.6848056,129,101,21,80,0.0101215474,0.39691172
steep-crossover,sub-minimum,24.6848056,129,102,21,81,0.0106839133,0.418964634
steep-crossover,sub-minimum,24.6848056,129,103,21,82,0.0112458734,0.441001637
steep-crossover,sub-minimum,24.6848056,129,104,21,83,0.0118038539,0.462882579
steep-crossover,sub-minimum,24.6848056,129,105,21,84,0.0123535996,0.484440596
steep-crossover,sub-minimum,24.6848056,129,106,21,85,0.0128902328,0.505484417
steep-crossover,sub-minimum,24.6848056,129,107,21,86,0.0134083322,0.525801442
steep-crossover,sub-minimum,24.6848056,129,108,21,87,0.0139020291,0.545161532
steep-crossover,sub-minimum,24.6848056,129,109,21,88,0.0143651215,0.563321483
steep-crossover,sub-minimum,24.6848056,129,110,21,89,0.0147912044,0.580030122
steep-crossover,sub-minimum,24.6848056,129,111,21,90,0.0151738127,0.595033927
steep-crossover,sub-minimum,24.6848056,129,112,21,91,0.0155065765,0.608083103
steep-crossover,sub-minimum,24.6848056,129,113,21,92,0.0157833836,0.618937965
steep-crossover,sub-minimum,24.6848056,129,114,21,93,0.0159985478,0.627375529
steep-crossover,sub-minimum,24.6848056,129,115,21,94,0.0161469785,0.633196166
steep-crossover,sub-minimum,24.6848056,129,116,21,95,0.0162243472,0.636230144
steep-crossover,sub-minimum,24.6848056,129,117,21,96,0.0162272476,0.636343883
steep-crossover,sub-minimum,24.6848056,129,118,21,97,0.0161533432,0.633445757
steep-crossover,sub-minimum,24.6848056,129,119,21,98,0.0160014984,0.627491234
steep-crossover,sub-minimum,24.6848056,129,120,21,99,0.0157718886,0.618487194
steep-crossover,sub-minimum,24.6848056,129,121,21,100,0.0154660841,0.606495214
steep-crossover,sub-minimum,24.6848056,129,122,21,101,0.0150871034,0.591633662
steep-crossover,sub-minimum,24.6848056,129,123,21,102,0.0146394333,0.574078492
steep-crossover,sub-minimum,24.6848056,129,124,21,103,0.014129009,0.554062441
steep-crossover,sub-minimum,24.6848056,129,125,21,104,0.0135631492,0.531872516
steep-crossover,sub-minimum,24.6848056,129,126,21,105,0.0129504468,0.507845679
steep-crossover,sub-minimum,24.6848056,129,127,21,106,0.0123006109,0.48236267
steep-crossover,sub-minimum,24.6848056,129,128,21,107,0.011624263,0.455840006
steep-crossover,window,49.3696112,129,0,51,-51,2.91795931e-08,8.66825389e-07
steep-crossover,window,49.3696112,129,1,51,-50,1.84204334e-07,5.47207744e-06
steep-crossover,window,49.3696112,129,2,51,-49,6.75584588e-07,2.00692954e-05
steep-crossover,window,49.3696112,129,3,51,-48,1.89433219e-06,5.62740963e-05
steep-crossover,window,49.3696112,129,4,51,-47,4.48793603e-06,0.00013332115
steep-crossover,window,49.3696112,129,5,51,-46,9.43894984e-06,0.000280398748
steep-crossover,window,49.3696112,129,6,51,-45,1.81436468e-05,0.000538985366
steep-crossover,window,49.3696112,129,7,51,-44,3.24819818e-05,0.000964928004
steep-crossover,window,49.3696112,129,8,51,-43,5.4873524e-05,0.00163010374
steep-crossover,window,49.3696112,129,9,51,-42,8.83142878e-05,0.00262351386
steep-crossover,window,49.3696112,129,10,51,-41,0.000136391251,0.00405171514
steep-crossover,window,49.3696112,129,11,51,-40,0.000203274177,0.00603857693
steep-crossover,window,49.3696112,129,12,51,-39,0.000293681882,0.008724279
steep-crossover,window,49.3696112,129,13,51,-38,0.000412823662,0.0122635717
steep-crossover,window,49.3696112,129,14,51,-37,0.000566314962,0.0168232705
steep-crossover,window,49.3696112,129,15,51,-36,0.000760070528,0.0225790822
steep-crossover,window,49.3696112,129,16,51,-35,0.00100017723,0.0297118267
steep-crossover,window,49.3696112,129,17,51,-34,0.00129275052,0.0384031733
steep-crossover,window,49.3696112,129,18,51,-33,0.0016437784,0.0488310048
steep-crossover,window,49.3696112,129,19,51,-32,0.00205895739,0.0611645452
steep-crossover,window,49.3696112,129,20,51,-31,0.00254352551,0.075559398
steep-crossover,window,49.3696112,129,21,51,-30,0.00310209675,0.092152629
steep-crossover,window,49.3696112,129,22,51,-29,0.00373850153,0.111058027
steep-crossover,window,49.3696112,129,23,51,-28,0.00445563764,0.132361675
steep-crossover,window,49.3696112,129,24,51,-27,0.00525533581,0.156117959
steep-crossover,window,49.3696112,129,25,51,-26,0.00613824406,0.182346127
steep-crossover,window,49.3696112,129,26,51,-25,0.00710373361,0.211027502
steep-crossover,window,49.3696112,129,27,51,-24,0.00814982918,0.242103405
steep-crossover,window,49.3696112,129,28,51,-23,0.00927316507,0.275473852
steep-crossover,window,49.3696112,129,29,51,-22,0.0104689689,0.310997073
steep-crossover,window,49.3696112,129,30,51,-21,0.0117310733,0.348489856
steep-crossover,window,49.3696112,129,31,51,-20,0.0130519555,0.387728723
steep-crossover,window,49.3696112,129,32,51,-19,0.0144228042,0.428451926
steep-crossover,window,49.3696112,129,33,51,-18,0.0158336127,0.470362195
steep-crossover,window,49.3696112,129,34,51,-17,0.0172732957,0.513130227
steep-crossover,window,49.3696112,129,35,51,-16,0.0187298283,0.556398803
steep-crossover,window,49.3696112,129,36,51,-15,0.0201904036,0.599787475
steep-crossover,window,49.3696112,129,37,51,-14,0.0216416066,0.642897726
steep-crossover,window,49.3696112,129,38,51,-13,0.0230696,0.6853185
steep-crossover,window,49.3696112,129,39,51,-12,0.0244603198,0.726632005
steep-crossover,window,49.3696112,129,40,51,-11,0.025799676,0.766419671
steep-crossover,window,49.3696112,129,41,51,-10,0.0270737544,0.80426816
steep-crossover,window,49.3696112,129,42,51,-9,0.0282690172,0.839775309
steep-crossover,window,49.3696112,129,43,51,-8,0.0293724975,0.872555914
steep-crossover,window,49.3696112,129,44,51,-7,0.0303719849,0.902247249
steep-crossover,window,49.3696112,129,45,51,-6,0.0312561996,0.928514228
steep-crossover,window,49.3696112,129,46,51,-5,0.0320149514,0.951054134
steep-crossover,window,49.3696112,129,47,51,-4,0.0326392815,0.969600837
steep-crossover,window,49.3696112,129,48,51,-3,0.0331215859,0.983928442
steep-crossover,window,49.3696112,129,49,51,-2,0.0334557163,0.993854307
steep-crossover,window,49.3696112,129,50,51,-1,0.0336370601,0.999241407
steep-crossover,window,49.3696112,129,51,51,0,0.0336625963,1
steep-crossover,window,49.3696112,129,52,51,1,0.0335309286,0.996088605
steep-crossover,window,49.3696112,129,53,51,2,0.0332422944,0.987514275
steep-crossover,window,49.3696112,129,54,51,3,0.032798551,0.974332185
steep-crossover,window,49.3696112,129,55,51,4,0.0322031393,0.95664455
steep-crossover,window,49.3696112,129,56,51,5,0.0314610259,0.934598912
steep-crossover,window,49.3696112,129,57,51,6,0.0305786254,0.908385829
steep-crossover,window,49.3696112,129,58,51,7,0.0295637046,0.878236019
steep-crossover,window,49.3696112,129,59,51,8,0.0284252693,0.844417021
steep-crossover,window,49.3696112,129,60,51,9,0.0271734385,0.807229432
steep-crossover,window,49.3696112,129,61,51,10,0.0258193052,0.767002789
steep-crossover,window,49.3696112,129,62,51,11,0.0243747886,0.724091165
steep-crossover,window,49.3696112,129,63,51,12,0.0228524781,0.678868556
steep-crossover,window,49.3696112,129,64,51,13,0.0212654739,0.631724117
steep-crossover,window,49.3696112,129,65,51,14,0.0196272238,0.58305734
steep-crossover,window,49.3696112,129,66,51,15,0.0179513613,0.533273225
steep-crossover,window,49.3696112,129,67,51,16,0.0162515452,0.482777532
steep-crossover,window,49.3696112,129,68,51,17,0.0145413044,0.431972159
steep-crossover,window,49.3696112,129,69,51,18,0.0128338892,0.381250723
steep-crossover,window,49.3696112,129,70,51,19,0.0111421304,0.330994387
steep-crossover,window,49.3696112,129,71,51,20,0.00947830944,0.281567986
steep-crossover,window,49.3696112,129,72,51,21,0.00785403868,0.233316486
steep-crossover,window,49.3696112,129,73,51,22,0.00628015538,0.186561824
steep-crossover,window,49.3696112,129,74,51,23,0.00476662863,0.141600149
steep-crossover,window,49.3696112,129,75,51,24,0.00332248086,0.0986994832
steep-crossover,window,49.3696112,129,76,51,25,0.0019557239,0.058097833
steep-crossover,window,49.3696112,129,77,51,26,0.000673310202,0.0200017312
steep-crossover,window,49.3696112,129,78,51,27,-0.00051890109,-0.0154147673
steep-crossover,window,49.3696112,129,79,51,28,-0.00161616316,-0.0480106509
steep-crossover,window,49.3696112,129,80,51,29,-0.00261484617,-0.0776780896
steep-crossover,window,49.3696112,129,81,51,30,-0.00351242812,-0.104342163
steep-crossover,window,49.3696112,129,82,51,31,-0.00430747269,-0.127960204
steep-crossover,window,49.3696112,129,83,51,32,-0.00499959482,-0.148520773
steep-crossover,window,49.3696112,129,84,51,33,-0.00558941525,-0.16604231
steep-crossover,window,49.3696112,129,85,51,34,-0.00607850511,-0.180571488
steep-crossover,window,49.3696112,129,86,51,35,-0.0064693217,-0.192181305
steep-crossover,window,49.3696112,129,87,51,36,-0.00676513679,-0.200968955
steep-crossover,window,49.3696112,129,88,51,37,-0.00696995861,-0.207053507
steep-crossover,window,49.3696112,129,89,51,38,-0.00708844894,-0.210573447
steep-crossover,window,49.3696112,129,90,51,39,-0.00712583691,-0.211684115
steep-crossover,window,49.3696112,129,91,51,40,-0.00708783047,-0.210555075
steep-crossover,window,49.3696112,129,92,51,41,-0.00698052705,-0.207367459
steep-crossover,window,49.3696112,129,93,51,42,-0.00681032429,-0.20231132
steep-crossover,window,49.3696112,129,94,51,43,-0.00658383218,-0.195583018
steep-crossover,window,49.3696112,129,95,51,44,-0.00630778769,-0.187382686
steep-crossover,window,49.3696112,129,96,51,45,-0.00598897265,-0.177911787
steep-crossover,window,49.3696112,129,97,51,46,-0.00563413584,-0.167370805
steep-crossover,window,49.3696112,129,98,51,47,-0.0052499203,-0.155957082
steep-crossover,window,49.3696112,129,99,51,48,-0.00484279643,-0.143862832
steep-crossover,window,49.3696112,129,100,51,49,-0.00441900138,-0.131273338
steep-crossover,window,49.3696112,129,101,51,50,-0.00398448481,-0.118365345
steep-crossover,window,49.3696112,129,102,51,51,-0.00354486123,-0.105305639
steep-crossover,window,49.3696112,129,103,51,52,-0.00310536947,-0.0922498502
steep-crossover,window,49.3696112,129,104,51,53,-0.00267083938,-0.0793414554
steep-crossover,window,49.3696112,129,105,51,54,-0.00224566584,-0.0667110112
steep-crossover,window,49.3696112,129,106,51,55,-0.00183378975,-0.0544755886
steep-crossover,window,49.3696112,129,107,51,56,-0.00143868599,-0.0427384145
steep-crossover,window,49.3696112,129,108,51,57,-0.00106335797,-0.0315887094
steep-crossover,window,49.3696112,129,109,51,58,-0.000710338073,-0.0211017019
steep-crossover,window,49.3696112,129,110,51,59,-0.000381693409,-0.0113387989
steep-crossover,window,49.3696112,129,111,51,60,-7.90365807e-05,-0.00234790508
steep-crossover,window,49.3696112,129,112,51,61,0.000196458446,0.00583610499
steep-crossover,window,49.3696112,129,113,51,62,0.000444035458,0.0131907668
steep-crossover,window,49.3696112,129,114,51,63,0.000663331183,0.0197052888
steep-crossover,window,49.3696112,129,115,51,64,0.000854347757,0.0253797345
steep-crossover,window,49.3696112,129,116,51,65,0.00101742332,0.0302241487
steep-crossover,window,49.3696112,129,117,51,66,0.0011532009,0.0342576339
steep-crossover,window,49.3696112,129,118,51,67,0.00126259603,0.0375073872
steep-crossover,window,49.3696112,129,119,51,68,0.00134676353,0.0400077141
steep-crossover,window,49.3696112,129,120,51,69,0.00140706343,0.0417990168
steep-crossover,window,49.3696112,129,121,51,70,0.00144502568,0.0429267449
steep-crossover,window,49.3696112,129,122,51,71,0.00146231388,0.0434403179
steep-crossover,window,49.3696112,129,123,51,72,0.00146069057,0.0433920949
steep-crossover,window,49.3696112,129,124,51,73,0.00144198702,0.0428364767
steep-crossover,window,49.3696112,129,125,51,74,0.00140807776,0.0418291493
steep-crossover,window,49.3696112,129,126,51,75,0.00136085695,0.0404263811
steep-crossover,window,49.3696112,129,127,51,76,0.00130221381,0.038684295
steep-crossover,window,49.3696112,129,128,51,77,0.00123400862,0.0366581535
steep-crossover,window,56.6848056,129,0,57,-57,-0.000263498088,-0.00774023945
steep-crossover,window,56.6848056,129,1,57,-56,-0.000350131353,-0.0102850861
steep-crossover,window,56.6848056,129,2,57,-55,-0.000444045961,-0.0130438216
steep-crossover,window,56.6848056,129,3,57,-54,-0.000544631825,-0.015998525
steep-crossover,window,56.6848056,129,4,57,-53,-0.000651060701,-0.0191248664
steep-crossover,window,56.6848056,129,5,57,-52,-0.000762267851,-0.0223915693
steep-crossover,window,56.6848056,129,6,57,-51,-0.000876934938,-0.0257599076
steep-crossover,window,56.6848056,129,7,57,-50,-0.000993474572,-0.0291832519
steep-crossover,window,56.6848056,129,8,57,-49,-0.00111001696,-0.032606677
steep-crossover,window,56.6848056,129,9,57,-48,-0.00122439909,-0.0359666448
steep-crossover,window,56.6848056,129,10,57,-47,-0.00133415694,-0.0391907745
steep-crossover,window,56.6848056,129,11,57,-46,-0.00143652116,-0.0421977169
steep-crossover,window,56.6848056,129,12,57,-45,-0.00152841678,-0.0448971449
steep-crossover,window,56.6848056,129,13,57,-44,-0.00160646737,-0.047189876
steep-crossover,window,56.6848056,129,14,57,-43,-0.00166700406,-0.0489681375
steep-crossover,window,56.6848056,129,15,57,-42,-0.00170607999,-0.0501159903
steep-crossover,window,56.6848056,129,16,57,-41,-0.00171949059,-0.050509926
steep-crossover,window,56.6848056,129,17,57,-40,-0.00170280026,-0.0500196485
steep-crossover,window,56.6848056,129,18,57,-39,-0.00165137557,-0.0485090517
steep-crossover,window,56.6848056,129,19,57,-38,-0.00156042555,-0.0458374004
steep-crossover,window,56.6848056,129,20,57,-37,-0.00142504903,-0.0418607239
steep-crossover,window,56.6848056,129,21,57,-36,-0.00124028968,-0.0364334299
steep-crossover,window,56.6848056,129,22,57,-35,-0.0010011985,-0.0294101419
steep-crossover,window,56.6848056,129,23,57,-34,-0.000702904069,-0.020647762
steep-crossover,window,56.6848056,129,24,57,-33,-0.000340690322,-0.0100077564
steep-crossover,window,56.6848056,129,25,57,-32,8.99180549e-05,0.0026413371
steep-crossover,window,56.6848056,129,26,57,-31,0.000593062922,0.0174211853
steep-crossover,window,56.6848056,129,27,57,-30,0.00117245297,0.0344407307
steep-crossover,window,56.6848056,129,28,57,-29,0.00183125699,0.0537930567
steep-crossover,window,56.6848056,129,29,57,-28,0.0025719911,0.0755520737
steep-crossover,window,56.6848056,129,30,57,-27,0.00339639998,0.0997690317
steep-crossover,window,56.6848056,129,31,57,-26,0.00430533677,0.126468992
steep-crossover,window,56.6848056,129,32,57,-25,0.00529864087,0.155647236
steep-crossover,window,56.6848056,129,33,57,-24,0.00637500316,0.187265309
steep-crossover,window,56.6848056,129,34,57,-23,0.00753185963,0.221247894
steep-crossover,window,56.6848056,129,35,57,-22,0.00876530856,0.257480377
steep-crossover,window,56.6848056,129,36,57,-21,0.0100700497,0.295807063
steep-crossover,window,56.6848056,129,37,57,-20,0.0114393592,0.336030444
steep-crossover,window,56.6848056,129,38,57,-19,0.0128651031,0.377911579
steep-crossover,window,56.6848056,129,39,57,-18,0.0143377869,0.42117157
steep-crossover,window,56.6848056,129,40,57,-17,0.0158466443,0.465494161
steep-crossover,window,56.6848056,129,41,57,-16,0.01737976,0.510529336
steep-crossover,window,56.6848056,129,42,57,-15,0.0189242233,0.555897847
steep-crossover,window,56.6848056,129,43,57,-14,0.0204663084,0.601196496
steep-crossover,window,56.6848056,129,44,57,-13,0.0219916749,0.646004041
steep-crossover,window,56.6848056,129,45,57,-12,0.0234855863,0.689887593
steep-crossover,window,56.6848056,129,46,57,-11,0.0249331386,0.732409349
steep-crossover,window,56.6848056,129,47,57,-10,0.0263194961,0.773133511
steep-crossover,window,56.6848056,129,48,57,-9,0.0276301261,0.811633184
steep-crossover,window,56.6848056,129,49,57,-8,0.0288510295,0.847497144
steep-crossover,window,56.6848056,129,50,57,-7,0.0299689605,0.880336294
steep-crossover,window,56.6848056,129,51,57,-6,0.0309716323,0.909789715
steep-crossover,window,56.6848056,129,52,57,-5,0.0318479055,0.935530184
steep-crossover,window,56.6848056,129,53,57,-4,0.0325879541,0.957269064
steep-crossover,window,56.6848056,129,54,57,-3,0.0331834087,0.974760503
steep-crossover,window,56.6848056,129,55,57,-2,0.0336274733,0.987804875
steep-crossover,window,56.6848056,129,56,57,-1,0.0339150156,0.99625141
steep-crossover,window,56.6848056,129,57,57,0,0.0340426274,1
steep-crossover,window,56.6848056,129,58,57,1,0.0340086581,0.999002153
steep-crossover,window,56.6848056,129,59,57,2,0.0338132188,0.993261137
steep-crossover,window,56.6848056,129,60,57,3,0.0334581604,0.982831317
steep-crossover,window,56.6848056,129,61,57,4,0.032947025,0.967816749
steep-crossover,window,56.6848056,129,62,57,5,0.032284974,0.948369043
steep-crossover,window,56.6848056,129,63,57,6,0.031478693,0.92468459
steep-crossover,window,56.6848056,129,64,57,7,0.0305362775,0.897001195
steep-crossover,window,56.6848056,129,65,57,8,0.0294671012,0.865594211
steep-crossover,window,56.6848056,129,66,57,9,0.0282816702,0.830772249
steep-crossover,window,56.6848056,129,67,57,10,0.0269914646,0.792872542
steep-crossover,window,56.6848056,129,68,57,11,0.0256087732,0.752256072
steep-crossover,window,56.6848056,129,69,57,12,0.0241465214,0.709302518
steep-crossover,window,56.6848056,129,70,57,13,0.0226180962,0.664405127
steep-crossover,window,56.6848056,129,71,57,14,0.021037172,0.617965578
steep-crossover,window,56.6848056,129,72,57,15,0.0194175374,0.570388917
steep-crossover,window,56.6848056,129,73,57,16,0.0177729288,0.522078645
steep-crossover,window,56.6848056,129,74,57,17,0.0161168698,0.473432019
steep-crossover,window,56.6848056,129,75,57,18,0.0144625211,0.424835632
steep-crossover,window,56.6848056,129,76,57,19,0.0128225408,0.376661313
steep-crossover,window,56.6848056,129,77,57,20,0.0112089571,0.329262396
steep-crossover,window,56.6848056,129,78,57,21,0.00963305555,0.28297039
steep-crossover,window,56.6848056,129,79,57,22,0.00810528003,0.238092082
steep-crossover,window,56.6848056,129,80,57,23,0.00663514949,0.194907091
steep-crossover,window,56.6848056,129,81,57,24,0.0052311906,0.153665889
steep-crossover,window,56.6848056,129,82,57,25,0.00390088638,0.114588288
steep-crossover,window,56.6848056,129,83,57,26,0.0026506407,0.0778624007
steep-crossover,window,56.6848056,129,84,57,27,0.00148575808,0.0436440483
steep-crossover,window,56.6848056,129,85,57,28,0.000410438445,0.012056603
steep-crossover,window,56.6848056,129,86,57,29,-0.000572214035,-0.0168087506
steep-crossover,window,56.6848056,129,87,57,30,-0.0014601687,-0.0428923619
steep-crossover,window,56.6848056,129,88,57,31,-0.00225243386,-0.0661651002
steep-crossover,window,56.6848056,129,89,57,32,-0.00294901104,-0.0866270102
steep-crossover,window,56.6848056,129,90,57,33,-0.00355083943,-0.104305681
steep-crossover,window,56.6848056,129,91,57,34,-0.00405973177,-0.119254361
steep-crossover,window,56.6848056,129,92,57,35,-0.00447830313,-0.131549868
steep-crossover,window,56.6848056,129,93,57,36,-0.00480989403,-0.141290329
steep-crossover,window,56.6848056,129,94,57,37,-0.00505848911,-0.148592793
steep-crossover,window,56.6848056,129,95,57,38,-0.00522863267,-0.15359075
steep-crossover,window,56.6848056,129,96,57,39,-0.00532534231,-0.156431589
steep-crossover,window,56.6848056,129,97,57,40,-0.00535402214,-0.157274057
steep-crossover,window,56.6848056,129,98,57,41,-0.00532037667,-0.156285724
steep-crossover,window,56.6848056,129,99,57,42,-0.00523032664,-0.15364051
steep-crossover,window,56.6848056,129,100,57,43,-0.00508992766,-0.149516299
steep-crossover,window,56.6848056,129,101,57,44,-0.0049052925,-0.144092653
steep-crossover,window,56.6848056,129,102,57,45,-0.00468251784,-0.137548661
steep-crossover,window,56.6848056,129,103,57,46,-0.00442761611,-0.130060939
steep-crossover,window,56.6848056,129,104,57,47,-0.00414645297,-0.12180179
steep-crossover,window,56.6848056,129,105,57,48,-0.00384469091,-0.112937549
steep-crossover,window,56.6848056,129,106,57,49,-0.00352773946,-0.103627121
steep-crossover,window,56.6848056,129,107,57,50,-0.00320071211,-0.0940207132
steep-crossover,window,56.6848056,129,108,57,51,-0.00286839003,-0.0842587733
steep-crossover,window,56.6848056,129,109,57,52,-0.00253519247,-0.0744711165
steep-crossover,window,56.6848056,129,110,57,53,-0.00220515377,-0.0647762508
steep-crossover,window,56.6848056,129,111,57,54,-0.00188190686,-0.0552808934
steep-crossover,window,56.6848056,129,112,57,55,-0.00156867308,-0.0460796711
steep-crossover,window,56.6848056,129,113,57,56,-0.00126825795,-0.0372549961
steep-crossover,window,56.6848056,129,114,57,57,-0.000983052547,-0.0288771056
steep-crossover,window,56.6848056,129,115,57,58,-0.000715039905,-0.0210042514
steep-crossover,window,56.6848056,129,116,57,59,-0.000465806188,-0.0136830269
steep-crossover,window,56.6848056,129,117,57,60,-0.000236555819,-0.00694881203
steep-crossover,window,56.6848056,129,118,57,61,-2.81301935e-05,-0.000826322631
steep-crossover,window,56.6848056,129,119,57,62,0.000158970506,0.00466974843
steep-crossover,window,56.6848056,129,120,57,63,0.000324562815,0.00953401191
steep-crossover,window,56.6848056,129,121,57,64,0.000468753378,0.0137696004
steep-crossover,window,56.6848056,129,122,57,65,0.000591910937,0.0173873459
steep-crossover,window,56.6848056,129,123,57,66,0.000694637384,0.0204049286
steep-crossover,window,56.6848056,129,124,57,67,0.000777738328,0.0228460135
steep-crossover,window,56.6848056,129,125,57,68,0.000842193501,0.0247393801
steep-crossover,window,56.6848056,129,126,57,69,0.000889127455,0.026118062
steep-crossover,window,56.6848056,129,127,57,70,0.000919780959,0.0270185067
steep-crossover,window,56.6848056,129,128,57,71,0.000935483339,0.0274797631
steep-crossover,window,64,129,0,64,-64,0.000283817621,0.00829770377
steep-crossover,window,64,129,1,64,-63,0.00020218634,0.00591112824
steep-crossover,window,64,129,2,64,-62,0.00010631328,0.00310817948
steep-crossover,window,64,129,3,64,-61,-4.16582589e-06,-0.000121792259
steep-crossover,window,64,129,4,64,-60,-0.000129430511,-0.00378403581
steep-crossover,window,64,129,5,64,-59,-0.000269450727,-0.00787767267
steep-crossover,window,64,129,6,64,-58,-0.000423962445,-0.0123949837
steep-crossover,window,64,129,7,64,-57,-0.00059244413,-0.0173207212
steep-crossover,window,64,129,8,64,-56,-0.00077409452,-0.0226314596
steep-crossover,window,64,129,9,64,-55,-0.000967812182,-0.0282949972
steep-crossover,window,64,129,10,64,-54,-0.00117217732,-0.0342698248
steep-crossover,window,64,129,11,64,-53,-0.00138543631,-0.0405046735
steep-crossover,window,64,129,12,64,-52,-0.00160548953,-0.0469381588
steep-crossover,window,64,129,13,64,-51,-0.0018298829,-0.0534985328
steep-crossover,window,64,129,14,64,-50,-0.00205580365,-0.060103561
steep-crossover,window,64,129,15,64,-49,-0.00228008078,-0.0666605365
steep-crossover,window,64,129,16,64,-48,-0.0024991907,-0.0730664434
steep-crossover,window,64,129,17,64,-47,-0.00270926834,-0.0792082821
steep-crossover,window,64,129,18,64,-46,-0.00290612409,-0.0849635648
steep-crossover,window,64,129,19,64,-45,-0.00308526692,-0.0902009921
steep-crossover,window,64,129,20,64,-44,-0.00324193392,-0.094781315
steep-crossover,window,64,129,21,64,-43,-0.00337112623,-0.0985583868
steep-crossover,window,64,129,22,64,-42,-0.00346765165,-0.101380408
steep-crossover,window,64,129,23,64,-41,-0.00352617366,-0.10309136
steep-crossover,window,64,129,24,64,-40,-0.00354126686,-0.103532625
steep-crossover,window,64,129,25,64,-39,-0.00350747843,-0.102544785
steep-crossover,window,64,129,26,64,-38,-0.00341939542,-0.0999695867
steep-crossover,window,64,129,27,64,-37,-0.00327171709,-0.0956520569
steep-crossover,window,64,129,28,64,-36,-0.00305933197,-0.0894427569
steep-crossover,window,64,129,29,64,-35,-0.00277739872,-0.0812001447
steep-crossover,window,64,129,30,64,-34,-0.00242142988,-0.0707930249
steep-crossover,window,64,129,31,64,-33,-0.00198737763,-0.0581030551
steep-crossover,window,64,129,32,64,-32,-0.00147172032,-0.0430272766
steep-crossover,window,64,129,33,64,-31,-0.000871548679,-0.0254806334
steep-crossover,window,64,129,34,64,-30,-0.00018465022,-0.00539844152
steep-crossover,window,64,129,35,64,-29,0.000590409417,0.0172612343
steep-crossover,window,64,129,36,64,-28,0.00145420978,0.0425153375
steep-crossover,window,64,129,37,64,-27,0.00240640504,0.070353758
steep-crossover,window,64,129,38,64,-26,0.00344566125,0.100737496
steep-crossover,window,64,129,39,64,-25,0.00456960281,0.133597098
steep-crossover,window,64,129,40,64,-24,0.00577476986,0.168831412
steep-crossover,window,64,129,41,64,-23,0.00705658808,0.206306703
steep-crossover,window,64,129,42,64,-22,0.0084093522,0.245856171
steep-crossover,window,64,129,43,64,-21,0.00982622476,0.287279916
steep-crossover,window,64,129,44,64,-20,0.0112992513,0.33034538
steep-crossover,window,64,129,45,64,-19,0.0128193927,0.374788298
steep-crossover,window,64,129,46,64,-18,0.0143765763,0.420314183
steep-crossover,window,64,129,47,64,-17,0.0159597654,0.466600365
steep-crossover,window,64,129,48,64,-16,0.0175570477,0.513298577
steep-crossover,window,64,129,49,64,-15,0.0191557434,0.560038113
steep-crossover,window,64,129,50,64,-14,0.0207425316,0.606429517
steep-crossover,window,64,129,51,64,-13,0.0223035945,0.652068818
steep-crossover,window,64,129,52,64,-12,0.0238247795,0.696542245
steep-crossover,window,64,129,53,64,-11,0.0252917755,0.739431401
steep-crossover,window,64,129,54,64,-10,0.0266903036,0.780318827
steep-crossover,window,64,129,55,64,-9,0.0280063181,0.818793881
steep-crossover,window,64,129,56,64,-8,0.0292262151,0.854458841
steep-crossover,window,64,129,57,64,-7,0.030337046,0.886935139
steep-crossover,window,64,129,58,64,-6,0.0313267311,0.915869615
steep-crossover,window,64,129,59,64,-5,0.0321842703,0.940940666
steep-crossover,window,64,129,60,64,-4,0.0328999444,0.961864144
steep-crossover,window,64,129,61,64,-3,0.0334655035,0.978398852
steep-crossover,window,64,129,62,64,-2,0.0338743344,0.99035145
steep-crossover,window,64,129,63,64,-1,0.0341216024,0.997580589
steep-crossover,window,64,129,64,64,0,0.0342043568,1
steep-crossover,window,64,129,65,64,1,0.0341216024,0.997580589
steep-crossover,window,64,129,66,64,2,0.0338743344,0.99035145
steep-crossover,window,64,129,67,64,3,0.0334655035,0.978398852
steep-crossover,window,64,129,68,64,4,0.0328999444,0.961864144
steep-crossover,window,64,129,69,64,5,0.0321842703,0.940940666
steep-crossover,window,64,129,70,64,6,0.0313267311,0.915869615
steep-crossover,window,64,129,71,64,7,0.030337046,0.886935139
steep-crossover,window,64,129,72,64,8,0.0292262151,0.854458841
steep-crossover,window,64,129,73,64,9,0.0280063181,0.818793881
steep-crossover,window,64,129,74,64,10,0.0266903036,0.780318827
steep-crossover,window,64,129,75,64,11,0.0252917755,0.739431401
steep-crossover,window,64,129,76,64,12,0.0238247795,0.696542245
steep-crossover,window,64,129,77,64,13,0.0223035945,0.652068818
steep-crossover,window,64,129,78,64,14,0.0207425316,0.606429517
steep-crossover,window,64,129,79,64,15,0.0191557434,0.560038113
steep-crossover,window,64,129,80,64,16,0.0175570477,0.513298577
steep-crossover,window,64,129,81,64,17,0.0159597654,0.466600365
steep-crossover,window,64,129,82,64,18,0.0143765763,0.420314183
steep-crossover,window,64,129,83,64,19,0.0128193927,0.374788298
steep-crossover,window,64,129,84,64,20,0.0112992513,0.33034538
steep-crossover,window,64,129,85,64,21,0.00982622476,0.287279916
steep-crossover,window,64,129,86,64,22,0.0084093522,0.245856171
steep-crossover,window,64,129,87,64,23,0.00705658808,0.206306703
steep-crossover,window,64,129,88,64,24,0.00577476986,0.168831412
steep-crossover,window,64,129,89,64,25,0.00456960281,0.133597098
steep-crossover,window,64,129,90,64,26,0.00344566125,0.100737496
steep-crossover,window,64,129,91,64,27,0.00240640504,0.070353758
steep-crossover,window,64,129,92,64,28,0.00145420978,0.0425153375
steep-crossover,window,64,129,93,64,29,0.000590409417,0.0172612343
steep-crossover,window,64,129,94,64,30,-0.00018465022,-0.00539844152
steep-crossover,window,64,129,95,64,31,-0.000871548679,-0.0254806334
steep-crossover,window,64,129,96,64,32,-0.00147172032,-0.0430272766
steep-crossover,window,64,129,97,64,33,-0.00198737763,-0.0581030551
steep-crossover,window,64,129,98,64,34,-0.00242142988,-0.0707930249
steep-crossover,window,64,129,99,64,35,-0.00277739872,-0.0812001447
steep-crossover,window,64,129,100,64,36,-0.00305933197,-0.0894427569
steep-crossover,window,64,129,101,64,37,-0.00327171709,-0.0956520569
steep-crossover,window,64,129,102,64,38,-0.00341939542,-0.0999695867
steep-crossover,window,64,129,103,64,39,-0.00350747843,-0.102544785
steep-crossover,window,64,129,104,64,40,-0.00354126686,-0.103532625
steep-crossover,window,64,129,105,64,41,-0.00352617366,-0.10309136
steep-crossover,window,64,129,106,64,42,-0.00346765165,-0.101380408
steep-crossover,window,64,129,107,64,43,-0.00337112623,-0.0985583868
steep-crossover,window,64,129,108,64,44,-0.00324193392,-0.094781315
steep-crossover,window,64,129,109,64,45,-0.00308526692,-0.0902009921
steep-crossover,window,64,129,110,64,46,-0.00290612409,-0.0849635648
steep-crossover,window,64,129,111,64,47,-0.00270926834,-0.0792082821
steep-crossover,window,64,129,112,64,48,-0.0024991907,-0.0730664434
steep-crossover,window,64,129,113,64,49,-0.00228008078,-0.0666605365
steep-crossover,window,64,129,114,64,50,-0.00205580365,-0.060103561
steep-crossover,window,64,129,115,64,51,-0.0018298829,-0.0534985328
steep-crossover,window,64,129,116,64,52,-0.00160548953,-0.0469381588
steep-crossover,window,64,129,117,64,53,-0.00138543631,-0.0405046735
steep-crossover,window,64,129,118,64,54,-0.00117217732,-0.0342698248
steep-crossover,window,64,129,119,64,55,-0.000967812182,-0.0282949972
steep-crossover,window,64,129,120,64,56,-0.00077409452,-0.0226314596
steep-crossover,window,64,129,121,64,57,-0.00059244413,-0.0173207212
steep-crossover,window,64,129,122,64,58,-0.000423962445,-0.0123949837
steep-crossover,window,64,129,123,64,59,-0.000269450727,-0.00787767267
steep-crossover,window,64,129,124,64,60,-0.000129430511,-0.00378403581
steep-crossover,window,64,129,125,64,61,-4.16582589e-06,-0.000121792259
steep-crossover,window,64,129,126,64,62,0.00010631328,0.00310817948
steep-crossover,window,64,129,127,64,63,0.00020218634,0.00591112824
steep-crossover,window,64,129,128,64,64,0.000283817621,0.00829770377
steep-crossover,window,71.3151944,129,0,71,-71,0.000935483339,0.0274797631
steep-crossover,window,71.3151944,129,1,71,-70,0.000919780959,0.0270185067
steep-crossover,window,71.3151944,129,2,71,-69,0.000889127455,0.026118062
steep-crossover,window,71.3151944,129,3,71,-68,0.000842193501,0.0247393801
steep-crossover,window,71.3151944,129,4,71,-67,0.000777738328,0.0228460135
steep-crossover,window,71.3151944,129,5,71,-66,0.000694637384,0.0204049286
steep-crossover,window,71.3151944,129,6,71,-65,0.000591910937,0.0173873459
steep-crossover,window,71.3151944,129,7,71,-64,0.000468753378,0.0137696004
steep-crossover,window,71.3151944,129,8,71,-63,0.000324562815,0.00953401191
steep-crossover,window,71.3151944,129,9,71,-62,0.000158970506,0.00466974843
steep-crossover,window,71.3151944,129,10,71,-61,-2.81301935e-05,-0.000826322631
steep-crossover,window,71.3151944,129,11,71,-60,-0.000236555819,-0.00694881203
steep-crossover,window,71.3151944,129,12,71,-59,-0.000465806188,-0.0136830269
steep-crossover,window,71.3151944,129,13,71,-58,-0.000715039905,-0.0210042514
steep-crossover,window,71.3151944,129,14,71,-57,-0.000983052547,-0.0288771056
steep-crossover,window,71.3151944,129,15,71,-56,-0.00126825795,-0.0372549961
steep-crossover,window,71.3151944,129,16,71,-55,-0.00156867308,-0.0460796711
steep-crossover,window,71.3151944,129,17,71,-54,-0.00188190686,-0.0552808934
steep-crossover,window,71.3151944,129,18,71,-53,-0.00220515377,-0.0647762508
steep-crossover,window,71.3151944,129,19,71,-52,-0.00253519247,-0.0744711165
steep-crossover,window,71.3151944,129,20,71,-51,-0.00286839003,-0.0842587733
steep-crossover,window,71.3151944,129,21,71,-50,-0.00320071211,-0.0940207132
steep-crossover,window,71.3151944,129,22,71,-49,-0.00352773946,-0.103627121
steep-crossover,window,71.3151944,129,23,71,-48,-0.00384469091,-0.112937549
steep-crossover,window,71.3151944,129,24,71,-47,-0.00414645297,-0.12180179
steep-crossover,window,71.3151944,129,25,71,-46,-0.00442761611,-0.130060939
steep-crossover,window,71.3151944,129,26,71,-45,-0.00468251784,-0.137548661
steep-crossover,window,71.3151944,129,27,71,-44,-0.0049052925,-0.144092653
steep-crossover,window,71.3151944,129,28,71,-43,-0.00508992766,-0.149516299
steep-crossover,window,71.3151944,129,29,71,-42,-0.00523032664,-0.15364051
steep-crossover,window,71.3151944,129,30,71,-41,-0.00532037667,-0.156285724
steep-crossover,window,71.3151944,129,31,71,-40,-0.00535402214,-0.157274057
steep-crossover,window,71.3151944,129,32,71,-39,-0.00532534231,-0.156431589
steep-crossover,window,71.3151944,129,33,71,-38,-0.00522863267,-0.15359075
steep-crossover,window,71.3151944,129,34,71,-37,-0.00505848911,-0.148592793
steep-crossover,window,71.3151944,129,35,71,-36,-0.00480989403,-0.141290329
steep-crossover,window,71.3151944,129,36,71,-35,-0.00447830313,-0.131549868
steep-crossover,window,71.3151944,129,37,71,-34,-0.00405973177,-0.119254361
steep-crossover,window,71.3151944,129,38,71,-33,-0.00355083943,-0.104305681
steep-crossover,window,71.3151944,129,39,71,-32,-0.00294901104,-0.0866270102
steep-crossover,window,71.3151944,129,40,71,-31,-0.00225243386,-0.0661651002
steep-crossover,window,71.3151944,129,41,71,-30,-0.0014601687,-0.0428923619
steep-crossover,window,71.3151944,129,42,71,-29,-0.000572214035,-0.0168087506
steep-crossover,window,71.3151944,129,43,71,-28,0.000410438445,0.012056603
steep-crossover,window,71.3151944,129,44,71,-27,0.00148575808,0.0436440483
steep-crossover,window,71.3151944,129,45,71,-26,0.0026506407,0.0778624007
steep-crossover,window,71.3151944,129,46,71,-25,0.00390088638,0.114588288
steep-crossover,window,71.3151944,129,47,71,-24,0.0052311906,0.153665889
steep-crossover,window,71.3151944,129,48,71,-23,0.00663514949,0.194907091
steep-crossover,window,71.3151944,129,49,71,-22,0.00810528003,0.238092082
steep-crossover,window,71.3151944,129,50,71,-21,0.00963305555,0.28297039
steep-crossover,window,71.3151944,129,51,71,-20,0.0112089571,0.329262396
steep-crossover,window,71.3151944,129,52,71,-19,0.0128225408,0.376661313
steep-crossover,window,71.3151944,129,53,71,-18,0.0144625211,0.424835632
steep-crossover,window,71.3151944,129,54,71,-17,0.0161168698,0.473432019
steep-crossover,window,71.3151944,129,55,71,-16,0.0177729288,0.522078645
steep-crossover,window,71.3151944,129,56,71,-15,0.0194175374,0.570388917
steep-crossover,window,71.3151944,129,57,71,-14,0.021037172,0.617965578
steep-crossover,window,71.3151944,129,58,71,-13,0.0226180962,0.664405127
steep-crossover,window,71.3151944,129,59,71,-12,0.0241465214,0.709302518
steep-crossover,window,71.3151944,129,60,71,-11,0.0256087732,0.752256072
steep-crossover,window,71.3151944,129,61,71,-10,0.0269914646,0.792872542
steep-crossover,window,71.3151944,129,62,71,-9,0.0282816702,0.830772249
steep-crossover,window,71.3151944,129,63,71,-8,0.0294671012,0.865594211
steep-crossover,window,71.3151944,129,64,71,-7,0.0305362775,0.897001195
steep-crossover,window,71.3151944,129,65,71,-6,0.031478693,0.92468459
steep-crossover,window,71.3151944,129,66,71,-5,0.032284974,0.948369043
steep-crossover,window,71.3151944,129,67,71,-4,0.032947025,0.967816749
steep-crossover,window,71.3151944,129,68,71,-3,0.0334581604,0.982831317
steep-crossover,window,71.3151944,129,69,71,-2,0.0338132188,0.993261137
steep-crossover,window,71.3151944,129,70,71,-1,0.0340086581,0.999002153
steep-crossover,window,71.3151944,129,71,71,0,0.0340426274,1
steep-crossover,window,71.3151944,129,72,71,1,0.0339150156,0.99625141
steep-crossover,window,71.3151944,129,73,71,2,0.0336274733,0.987804875
steep-crossover,window,71.3151944,129,74,71,3,0.0331834087,0.974760503
steep-crossover,window,71.3151944,129,75,71,4,0.0325879541,0.957269064
steep-crossover,window,71.3151944,129,76,71,5,0.0318479055,0.935530184
steep-crossover,window,71.3151944,129,77,71,6,0.0309716323,0.909789715
steep-crossover,window,71.3151944,129,78,71,7,0.0299689605,0.880336294
steep-crossover,window,71.3151944,129,79,71,8,0.0288510295,0.847497144
steep-crossover,window,71.3151944,129,80,71,9,0.0276301261,0.811633184
steep-crossover,window,71.3151944,129,81,71,10,0.0263194961,0.773133511
steep-crossover,window,71.3151944,129,82,71,11,0.0249331386,0.732409349
steep-crossover,window,71.3151944,129,83,71,12,0.0234855863,0.689887593
steep-crossover,window,71.3151944,129,84,71,13,0.0219916749,0.646004041
steep-crossover,window,71.3151944,129,85,71,14,0.0204663084,0.601196496
steep-crossover,window,71.3151944,129,86,71,15,0.0189242233,0.555897847
steep-crossover,window,71.3151944,129,87,71,16,0.01737976,0.510529336
steep-crossover,window,71.3151944,129,88,71,17,0.0158466443,0.465494161
steep-crossover,window,71.3151944,129,89,71,18,0.0143377869,0.42117157
steep-crossover,window,71.3151944,129,90,71,19,0.0128651031,0.377911579
steep-crossover,window,71.3151944,129,91,71,20,0.0114393592,0.336030444
steep-crossover,window,71.3151944,129,92,71,21,0.0100700497,0.295807063
steep-crossover,window,71.3151944,129,93,71,22,0.00876530856,0.257480377
steep-crossover,window,71.3151944,129,94,71,23,0.00753185963,0.221247894
steep-crossover,window,71.3151944,129,95,71,24,0.00637500316,0.187265309
steep-crossover,window,71.3151944,129,96,71,25,0.00529864087,0.155647236
steep-crossover,window,71.3151944,129,97,71,26,0.00430533677,0.126468992
steep-crossover,window,71.3151944,129,98,71,27,0.00339639998,0.0997690317
steep-crossover,window,71.3151944,129,99,71,28,0.0025719911,0.0755520737
steep-crossover,window,71.3151944,129,100,71,29,0.00183125699,0.0537930567
steep-crossover,window,71.3151944,129,101,71,30,0.00117245297,0.0344407307
steep-crossover,window,71.3151944,129,102,71,31,0.000593062922,0.0174211853
steep-crossover,window,71.3151944,129,103,71,32,8.99180549e-05,0.0026413371
steep-crossover,window,71.3151944,129,104,71,33,-0.000340690322,-0.0100077564
steep-crossover,window,71.3151944,129,105,71,34,-0.000702904069,-0.020647762
steep-crossover,window,71.3151944,129,106,71,35,-0.0010011985,-0.0294101419
steep-crossover,window,71.3151944,129,107,71,36,-0.00124028968,-0.0364334299
steep-crossover,window,71.3151944,129,108,71,37,-0.00142504903,-0.0418607239
steep-crossover,window,71.3151944,129,109,71,38,-0.00156042555,-0.0458374004
steep-crossover,window,71.3151944,129,110,71,39,-0.00165137557,-0.0485090517
steep-crossover,window,71.3151944,129,111,71,40,-0.00170280026,-0.0500196485
steep-crossover,window,71.3151944,129,112,71,41,-0.00171949059,-0.050509926
steep-crossover,window,71.3151944,129,113,71,42,-0.00170607999,-0.0501159903
steep-crossover,window,71.3151944,129,114,71,43,-0.00166700406,-0.0489681375
steep-crossover,window,71.3151944,129,115,71,44,-0.00160646737,-0.047189876
steep-crossover,window,71.3151944,129,116,71,45,-0.00152841678,-0.0448971449
steep-crossover,window,71.3151944,129,117,71,46,-0.00143652116,-0.0421977169
steep-crossover,window,71.3151944,129,118,71,47,-0.00133415694,-0.0391907745
steep-crossover,window,71.3151944,129,119,71,48,-0.00122439909,-0.0359666448
steep-crossover,window,71.3151944,129,120,71,49,-0.00111001696,-0.032606677
steep-crossover,window,71.3151944,129,121,71,50,-0.000993474572,-0.0291832519
steep-crossover,window,71.3151944,129,122,71,51,-0.000876934938,-0.0257599076
steep-crossover,window,71.3151944,129,123,71,52,-0.000762267851,-0.0223915693
steep-crossover,window,71.3151944,129,124,71,53,-0.000651060701,-0.0191248664
steep-crossover,window,71.3151944,129,125,71,54,-0.000544631825,-0.015998525
steep-crossover,window,71.3151944,129,126,71,55,-0.000444045961,-0.0130438216
steep-crossover,window,71.3151944,129,127,71,56,-0.000350131353,-0.0102850861
steep-crossover,window,71.3151944,129,128,71,57,-0.000263498088,-0.00774023945
steep-crossover,window,78.6303888,129,0,77,-77,0.00123400862,0.0366581535
steep-crossover,window,78.6303888,129,1,77,-76,0.00130221381,0.038684295
steep-crossover,window,78.6303888,129,2,77,-75,0.00136085695,0.0404263811
steep-crossover,window,78.6303888,129,3,77,-74,0.00140807776,0.0418291493
steep-crossover,window,78.6303888,129,4,77,-73,0.00144198702,0.0428364767
steep-crossover,window,78.6303888,129,5,77,-72,0.00146069057,0.0433920949
steep-crossover,window,78.6303888,129,6,77,-71,0.00146231388,0.0434403179
steep-crossover,window,78.6303888,129,7,77,-70,0.00144502568,0.0429267449
steep-crossover,window,78.6303888,129,8,77,-69,0.00140706343,0.0417990168
steep-crossover,window,78.6303888,129,9,77,-68,0.00134676353,0.0400077141
steep-crossover,window,78.6303888,129,10,77,-67,0.00126259603,0.0375073872
steep-crossover,window,78.6303888,129,11,77,-66,0.0011532009,0.0342576339
steep-crossover,window,78.6303888,129,12,77,-65,0.00101742332,0.0302241487
steep-crossover,window,78.6303888,129,13,77,-64,0.000854347757,0.0253797345
steep-crossover,window,78.6303888,129,14,77,-63,0.000663331183,0.0197052888
steep-crossover,window,78.6303888,129,15,77,-62,0.000444035458,0.0131907668
steep-crossover,window,78.6303888,129,16,77,-61,0.000196458446,0.00583610499
steep-crossover,window,78.6303888,129,17,77,-60,-7.90365807e-05,-0.00234790508
steep-crossover,window,78.6303888,129,18,77,-59,-0.000381693409,-0.0113387989
steep-crossover,window,78.6303888,129,19,77,-58,-0.000710338073,-0.0211017019
steep-crossover,window,78.6303888,129,20,77,-57,-0.00106335797,-0.0315887094
steep-crossover,window,78.6303888,129,21,77,-56,-0.00143868599,-0.0427384145
steep-crossover,window,78.6303888,129,22,77,-55,-0.00183378975,-0.0544755886
steep-crossover,window,78.6303888,129,23,77,-54,-0.00224566584,-0.0667110112
steep-crossover,window,78.6303888,129,24,77,-53,-0.00267083938,-0.0793414554
steep-crossover,window,78.6303888,129,25,77,-52,-0.00310536947,-0.0922498502
steep-crossover,window,78.6303888,129,26,77,-51,-0.00354486123,-0.105305639
steep-crossover,window,78.6303888,129,27,77,-50,-0.00398448481,-0.118365345
steep-crossover,window,78.6303888,129,28,77,-49,-0.00441900138,-0.131273338
steep-crossover,window,78.6303888,129,29,77,-48,-0.00484279643,-0.143862832
steep-crossover,window,78.6303888,129,30,77,-47,-0.0052499203,-0.155957082
steep-crossover,window,78.6303888,129,31,77,-46,-0.00563413584,-0.167370805
steep-crossover,window,78.6303888,129,32,77,-45,-0.00598897265,-0.177911787
steep-crossover,window,78.6303888,129,33,77,-44,-0.00630778769,-0.187382686
steep-crossover,window,78.6303888,129,34,77,-43,-0.00658383218,-0.195583018
steep-crossover,window,78.6303888,129,35,77,-42,-0.00681032429,-0.20231132
steep-crossover,window,78.6303888,129,36,77,-41,-0.00698052705,-0.207367459
steep-crossover,window,78.6303888,129,37,77,-40,-0.00708783047,-0.210555075
steep-crossover,window,78.6303888,129,38,77,-39,-0.00712583691,-0.211684115
steep-crossover,window,78.6303888,129,39,77,-38,-0.00708844894,-0.210573447
steep-crossover,window,78.6303888,129,40,77,-37,-0.00696995861,-0.207053507
steep-crossover,window,78.6303888,129,41,77,-36,-0.00676513679,-0.200968955
steep-crossover,window,78.6303888,129,42,77,-35,-0.0064693217,-0.192181305
steep-crossover,window,78.6303888,129,43,77,-34,-0.00607850511,-0.180571488
steep-crossover,window,78.6303888,129,44,77,-33,-0.00558941525,-0.16604231
steep-crossover,window,78.6303888,129,45,77,-32,-0.00499959482,-0.148520773
steep-crossover,window,78.6303888,129,46,77,-31,-0.00430747269,-0.127960204
steep-crossover,window,78.6303888,129,47,77,-30,-0.00351242812,-0.104342163
steep-crossover,window,78.6303888,129,48,77,-29,-0.00261484617,-0.0776780896
steep-crossover,window,78.6303888,129,49,77,-28,-0.00161616316,-0.0480106509
steep-crossover,window,78.6303888,129,50,77,-27,-0.00051890109,-0.0154147673
steep-crossover,window,78.6303888,129,51,77,-26,0.000673310202,0.0200017312
steep-crossover,window,78.6303888,129,52,77,-25,0.0019557239,0.058097833
steep-crossover,window,78.6303888,129,53,77,-24,0.00332248086,0.0986994832
steep-crossover,window,78.6303888,129,54,77,-23,0.00476662863,0.141600149
steep-crossover,window,78.6303888,129,55,77,-22,0.00628015538,0.186561824
steep-crossover,window,78.6303888,129,56,77,-21,0.00785403868,0.233316486
steep-crossover,window,78.6303888,129,57,77,-20,0.00947830944,0.281567986
steep-crossover,window,78.6303888,129,58,77,-19,0.0111421304,0.330994387
steep-crossover,window,78.6303888,129,59,77,-18,0.0128338892,0.381250723
steep-crossover,window,78.6303888,129,60,77,-17,0.0145413044,0.431972159
steep-crossover,window,78.6303888,129,61,77,-16,0.0162515452,0.482777532
steep-crossover,window,78.6303888,129,62,77,-15,0.0179513613,0.533273225
steep-crossover,window,78.6303888,129,63,77,-14,0.0196272238,0.58305734
steep-crossover,window,78.6303888,129,64,77,-13,0.0212654739,0.631724117
steep-crossover,window,78.6303888,129,65,77,-12,0.0228524781,0.678868556
steep-crossover,window,78.6303888,129,66,77,-11,0.0243747886,0.724091165
steep-crossover,window,78.6303888,129,67,77,-10,0.0258193052,0.767002789
steep-crossover,window,78.6303888,129,68,77,-9,0.0271734385,0.807229432
steep-crossover,window,78.6303888,129,69,77,-8,0.0284252693,0.844417021
steep-crossover,window,78.6303888,129,70,77,-7,0.0295637046,0.878236019
steep-crossover,window,78.6303888,129,71,77,-6,0.0305786254,0.908385829
steep-crossover,window,78.6303888,129,72,77,-5,0.0314610259,0.934598912
steep-crossover,window,78.6303888,129,73,77,-4,0.0322031393,0.95664455
steep-crossover,window,78.6303888,129,74,77,-3,0.032798551,0.974332185
steep-crossover,window,78.6303888,129,75,77,-2,0.0332422944,0.987514275
steep-crossover,window,78.6303888,129,76,77,-1,0.0335309286,0.996088605
steep-crossover,window,78.6303888,129,77,77,0,0.0336625963,1
steep-crossover,window,78.6303888,129,78,77,1,0.0336370601,0.999241407
steep-crossover,window,78.6303888,129,79,77,2,0.0334557163,0.993854307
steep-crossover,window,78.6303888,129,80,77,3,0.0331215859,0.983928442
steep-crossover,window,78.6303888,129,81,77,4,0.0326392815,0.969600837
steep-crossover,window,78.6303888,129,82,77,5,0.0320149514,0.951054134
steep-crossover,window,78.6303888,129,83,77,6,0.0312561996,0.928514228
steep-crossover,window,78.6303888,129,84,77,7,0.0303719849,0.902247249
steep-crossover,window,78.6303888,129,85,77,8,0.0293724975,0.872555914
steep-crossover,window,78.6303888,129,86,77,9,0.0282690172,0.839775309
steep-crossover,window,78.6303888,129,87,77,10,0.0270737544,0.80426816
steep-crossover,window,78.6303888,129,88,77,11,0.025799676,0.766419671
steep-crossover,window,78.6303888,129,89,77,12,0.0244603198,0.726632005
steep-crossover,window,78.6303888,129,90,77,13,0.0230696,0.6853185
steep-crossover,window,78.6303888,129,91,77,14,0.0216416066,0.642897726
steep-crossover,window,78.6303888,129,92,77,15,0.0201904036,0.599787475
steep-crossover,window,78.6303888,129,93,77,16,0.0187298283,0.556398803
steep-crossover,window,78.6303888,129,94,77,17,0.0172732957,0.513130227
steep-crossover,window,78.6303888,129,95,77,18,0.0158336127,0.470362195
steep-crossover,window,78.6303888,129,96,77,19,0.0144228042,0.428451926
steep-crossover,window,78.6303888,129,97,77,20,0.0130519555,0.387728723
steep-crossover,window,78.6303888,129,98,77,21,0.0117310733,0.348489856
steep-crossover,window,78.6303888,129,99,77,22,0.0104689689,0.310997073
steep-crossover,window,78.6303888,129,100,77,23,0.00927316507,0.275473852
steep-crossover,window,78.6303888,129,101,77,24,0.00814982918,0.242103405
steep-crossover,window,78.6303888,129,102,77,25,0.00710373361,0.211027502
steep-crossover,window,78.6303888,129,103,77,26,0.00613824406,0.182346127
steep-crossover,window,78.6303888,129,104,77,27,0.00525533581,0.156117959
steep-crossover,window,78.6303888,129,105,77,28,0.00445563764,0.132361675
steep-crossover,window,78.6303888,129,106,77,29,0.00373850153,0.111058027
steep-crossover,window,78.6303888,129,107,77,30,0.00310209675,0.092152629
steep-crossover,window,78.6303888,129,108,77,31,0.00254352551,0.075559398
steep-crossover,window,78.6303888,129,109,77,32,0.00205895739,0.0611645452
steep-crossover,window,78.6303888,129,110,77,33,0.0016437784,0.0488310048
steep-crossover,window,78.6303888,129,111,77,34,0.00129275052,0.0384031733
steep-crossover,window,78.6303888,129,112,77,35,0.00100017723,0.0297118267
steep-crossover,window,78.6303888,129,113,77,36,0.000760070528,0.0225790822
steep-crossover,window,78.6303888,129,114,77,37,0.000566314962,0.0168232705
steep-crossover,window,78.6303888,129,115,77,38,0.000412823662,0.0122635717
steep-crossover,window,78.6303888,129,116,77,39,0.000293681882,0.008724279
steep-crossover,window,78.6303888,129,117,77,40,0.000203274177,0.00603857693
steep-crossover,window,78.6303888,129,118,77,41,0.000136391251,0.00405171514
steep-crossover,window,78.6303888,129,119,77,42,8.83142878e-05,0.00262351386
steep-crossover,window,78.6303888,129,120,77,43,5.4873524e-05,0.00163010374
steep-crossover,window,78.6303888,129,121,77,44,3.24819818e-05,0.000964928004
steep-crossover,window,78.6303888,129,122,77,45,1.81436468e-05,0.000538985366
steep-crossover,window,78.6303888,129,123,77,46,9.43894984e-06,0.000280398748
steep-crossover,window,78.6303888,129,124,77,47,4.48793603e-06,0.00013332115
steep-crossover,window,78.6303888,129,125,77,48,1.89433219e-06,5.62740963e-05
steep-crossover,window,78.6303888,129,126,77,49,6.75584588e-07,2.00692954e-05
steep-crossover,window,78.6303888,129,127,77,50,1.84204334e-07,5.47207744e-06
steep-crossover,window,78.6303888,129,128,77,51,2.91795931e-08,8.66825389e-07
