target,method,sample_rate_hz,taps,fft_size,phase_delay_samples,frequency_hz,target_magnitude_db,magnitude_db,group_delay_samples,delay_weight
parametric-eq,budde-iterative,48000,129,1024,16,0,3.85730987e-15,-0.00375072786,15.4099576,0
parametric-eq,budde-iterative,48000,129,1024,16,46.875,-5.43410295e-07,-0.00322659363,15.4146488,0
parametric-eq,budde-iterative,48000,129,1024,16,93.75,-1.85412125e-06,-0.00179035123,15.4274619,0
parametric-eq,budde-iterative,48000,129,1024,16,140.625,-3.15814005e-06,0.000180557232,15.4448703,0
parametric-eq,budde-iterative,48000,129,1024,16,187.5,-3.67615948e-06,0.00215531555,15.4618178,0
parametric-eq,budde-iterative,48000,129,1024,16,234.375,-3.08160572e-06,0.00357888935,15.4728456,0
parametric-eq,budde-iterative,48000,129,1024,16,281.25,-1.70319478e-06,0.00401694228,15.4734322,0
parametric-eq,budde-iterative,48000,129,1024,16,328.125,-3.48502546e-07,0.00328349011,15.4612794,0
parametric-eq,budde-iterative,48000,129,1024,16,375,1.60136208e-07,0.00151604183,15.4372066,0
parametric-eq,budde-iterative,48000,129,1024,16,421.875,-5.23627377e-07,-0.000830718788,15.4053201,0
parametric-eq,budde-iterative,48000,129,1024,16,468.75,-2.04025109e-06,-0.00308492821,15.3722374,0
parametric-eq,budde-iterative,48000,129,1024,16,515.625,-3.50416827e-06,-0.00453758539,15.3453908,0
parametric-eq,budde-iterative,48000,129,1024,16,562.5,-4.00961963e-06,-0.00465999015,15.3307647,0
parametric-eq,budde-iterative,48000,129,1024,16,609.375,-3.18067592e-06,-0.0032939854,15.330726,0
parametric-eq,budde-iterative,48000,129,1024,16,656.25,-1.43814884e-06,-0.000746849533,15.3427268,0
parametric-eq,budde-iterative,48000,129,1024,16,703.125,1.98947445e-07,0.00225596466,15.3594923,0
parametric-eq,budde-iterative,48000,129,1024,16,750,6.94377398e-07,0.00476417136,15.3708461,0
parametric-eq,budde-iterative,48000,129,1024,16,796.875,-3.63516966e-07,0.00589524929,15.3667556,0
parametric-eq,budde-iterative,48000,129,1024,16,843.75,-2.44755019e-06,0.0051391364,15.3407014,0
parametric-eq,budde-iterative,48000,129,1024,16,890.625,-4.33090881e-06,0.0025729669,15.2922692,0
parametric-eq,budde-iterative,48000,129,1024,16,937.5,-4.78850591e-06,-0.0010988736,15.2279849,0
parametric-eq,budde-iterative,48000,129,1024,16,984.375,-3.37310619e-06,-0.00471654495,15.1598473,0
parametric-eq,budde-iterative,48000,129,1024,16,1031.25,-7.87992184e-07,-0.00701774679,15.1017064,0
parametric-eq,budde-iterative,48000,129,1024,16,1078.125,1.42686665e-06,-0.007071447,15.0644455,0
parametric-eq,budde-iterative,48000,129,1024,16,1125,1.78191371e-06,-0.00464575106,15.0515813,0
parametric-eq,budde-iterative,48000,129,1024,16,1171.875,-1.91028239e-07,-0.000365940983,15.057013,0
parametric-eq,budde-iterative,48000,129,1024,16,1218.75,-3.48869958e-06,0.0044204759,15.0660379,0
parametric-eq,budde-iterative,48000,129,1024,16,1265.625,-6.04949083e-06,0.0080534122,15.0595686,0
parametric-eq,budde-iterative,48000,129,1024,16,1312.5,-5.82037448e-06,0.0091233444,15.0202754,0
parametric-eq,budde-iterative,48000,129,1024,16,1359.375,-1.68058645e-06,0.00700242692,14.9386389,0
parametric-eq,budde-iterative,48000,129,1024,16,1406.25,6.94501598e-06,0.00215398709,14.816824,0
parametric-eq,budde-iterative,48000,129,1024,16,1453.125,2.30449825e-05,-0.00391242374,14.6687912,0
parametric-eq,budde-iterative,48000,129,1024,16,1500,5.88798838e-05,-0.00906764383,14.5160342,0
parametric-eq,budde-iterative,48000,129,1024,16,1546.875,0.000148562119,-0.0112647969,14.379721,0
parametric-eq,budde-iterative,48000,129,1024,16,1593.75,0.000369491928,-0.00928505615,14.2715879,0
parametric-eq,budde-iterative,48000,129,1024,16,1640.625,0.000877883735,-0.00323341488,14.1870074,0
parametric-eq,budde-iterative,48000,129,1024,16,1687.5,0.0019658269,0.00546126095,14.1033731,0
parametric-eq,budde-iterative,48000,129,1024,16,1734.375,0.00414842236,0.0146276803,13.9851114,0
parametric-eq,budde-iterative,48000,129,1024,16,1781.25,0.00828818364,0.0223910883,13.794099,0
parametric-eq,budde-iterative,48000,129,1024,16,1828.125,0.0157592335,0.0283750214,13.5023541,1.00078382
parametric-eq,budde-iterative,48000,129,1024,16,1875,0.0286459369,0.0346970274,13.1032003,1.00171926
parametric-eq,budde-iterative,48000,129,1024,16,1921.875,0.0499604709,0.0464190469,12.6173401,1.00355647
parametric-eq,budde-iterative,48000,129,1024,16,1968.75,0.0838528187,0.0712355781,12.0910104,1.00696686
parametric-eq,budde-iterative,48000,129,1024,16,2015.625,0.135775804,0.118401357,11.585093,1.0129755
parametric-eq,budde-iterative,48000,129,1024,16,2062.5,0.212557349,0.197204128,11.1575867,1.02306631
parametric-eq,budde-iterative,48000,129,1024,16,2109.375,0.322322373,0.315575603,10.8466174,1.03929061
parametric-eq,budde-iterative,48000,129,1024,16,2156.25,0.474199843,0.479495636,10.6637869,1.06438007
parametric-eq,budde-iterative,48000,129,1024,16,2203.125,0.67775312,0.693508508,10.6042001,1.10187377
parametric-eq,budde-iterative,48000,129,1024,16,2250,0.942096207,0.962016238,10.6701586,1.15627778
parametric-eq,budde-iterative,48000,129,1024,16,2296.875,1.27471803,1.29040361,10.8956581,1.23327628
parametric-eq,budde-iterative,48000,129,1024,16,2343.75,1.68013384,1.68489832,11.3548114,1.33999996
parametric-eq,budde-iterative,48000,129,1024,16,2390.625,2.15859353,2.15059518,12.1428016,1.485322
parametric-eq,budde-iterative,48000,129,1024,16,2437.5,2.7051489,2.68815282,13.3332919,1.68008744
parametric-eq,budde-iterative,48000,129,1024,16,2484.375,3.3093565,3.29073059,14.934552,1.9370829
parametric-eq,budde-iterative,48000,129,1024,16,2531.25,3.95575134,3.94291505,16.8721137,2.27042586
parametric-eq,budde-iterative,48000,129,1024,16,2578.125,4.62501678,4.62232584,19.0086165,2.69393556
parametric-eq,budde-iterative,48000,129,1024,16,2625,5.29559324,5.30306551,21.1856443,3.21803963
parametric-eq,budde-iterative,48000,129,1024,16,2671.875,5.94539149,5.95941271,23.2622456,3.84503744
parametric-eq,budde-iterative,48000,129,1024,16,2718.75,6.5533206,6.56852325,25.1351351,4.56324306
parametric-eq,budde-iterative,48000,129,1024,16,2765.625,7.10045845,7.11176415,26.7408412,5.34163836
parametric-eq,budde-iterative,48000,129,1024,16,2812.5,7.57082025,7.57494508,28.047652,6.12772374
parametric-eq,budde-iterative,48000,129,1024,16,2859.375,7.95177226,7.9479203,29.0448285,6.85136693
parametric-eq,budde-iterative,48000,129,1024,16,2906.25,8.23418069,8.223963,29.7332375,7.43580626
parametric-eq,budde-iterative,48000,129,1024,16,2953.125,8.41239003,8.39916225,30.1187627,7.81374097
parametric-eq,budde-iterative,48000,129,1024,16,3000,8.48410625,8.47196515,30.2084365,7.94328235
parametric-eq,budde-iterative,48000,129,1024,16,3046.875,8.45023363,8.44290762,30.0088147,7.81767985
parametric-eq,budde-iterative,48000,129,1024,16,3093.75,8.31468663,8.31453578,29.5261802,7.4651635
parametric-eq,budde-iterative,48000,129,1024,16,3140.625,8.0841761,8.091497,28.7683671,6.93961997
parametric-eq,budde-iterative,48000,129,1024,16,3187.5,7.76795251,7.78075844,27.7481301,6.30645232
parametric-eq,budde-iterative,48000,129,1024,16,3234.375,7.37747997,7.39187887,26.4879103,5.62894446
parametric-eq,budde-iterative,48000,129,1024,16,3281.25,6.92601502,6.93721063,25.0253824,4.95886024
parametric-eq,budde-iterative,48000,129,1024,16,3328.125,6.42807445,6.43184827,23.418218,4.33239286
parametric-eq,budde-iterative,48000,129,1024,16,3375,5.8987975,5.89310213,21.7452327,3.7705025
parametric-eq,budde-iterative,48000,129,1024,16,3421.875,5.35323549,5.33931966,20.1004019,3.2818013
parametric-eq,budde-iterative,48000,129,1024,16,3468.75,4.80563021,4.78807674,18.5777093,2.86627174
parametric-eq,budde-iterative,48000,129,1024,16,3515.625,4.26875966,4.25411081,17.249534,2.51869932
parametric-eq,budde-iterative,48000,129,1024,16,3562.5,3.7534283,3.74770045,16.1474096,2.23131642
parametric-eq,budde-iterative,48000,129,1024,16,3609.375,3.26815595,3.27421958,15.2562267,1.99558181
parametric-eq,budde-iterative,48000,129,1024,16,3656.25,2.81908171,2.83514821,14.5272296,1.80323519
parametric-eq,budde-iterative,48000,129,1024,16,3703.125,2.4100602,2.43011357,13.9045034,1.64683073
parametric-eq,budde-iterative,48000,129,1024,16,3750,2.04290086,2.0590223,13.352132,1.51993678
parametric-eq,budde-iterative,48000,129,1024,16,3796.875,1.71769215,1.72332795,12.8694764,1.41714408
parametric-eq,budde-iterative,48000,129,1024,16,3843.75,1.43315947,1.42591412,12.4881216,1.33397795
parametric-eq,budde-iterative,48000,129,1024,16,3890.625,1.18701926,1.16972122,12.2521296,1.26677272
parametric-eq,budde-iterative,48000,129,1024,16,3937.5,0.976305773,0.955840745,12.1908994,1.21254063
parametric-eq,budde-iterative,48000,129,1024,16,3984.375,0.797656013,0.78208308,12.2982853,1.16885118
parametric-eq,budde-iterative,48000,129,1024,16,4031.25,0.647545018,0.642799041,12.5288915,1.13372709
parametric-eq,budde-iterative,48000,129,1024,16,4078.125,0.522467951,0.530079929,12.8127949,1.10555798
parametric-eq,budde-iterative,48000,129,1024,16,4125,0.419070441,0.435775102,13.0800171,1.08303036
parametric-eq,budde-iterative,48000,129,1024,16,4171.875,0.334233078,0.353458202,13.282836,1.06507144
parametric-eq,budde-iterative,48000,129,1024,16,4218.75,0.265119105,0.279624245,13.4077431,1.05080437
parametric-eq,budde-iterative,48000,129,1024,16,4265.625,0.209195306,0.213794929,13.4746386,1.03951245
parametric-eq,budde-iterative,48000,129,1024,16,4312.5,0.164234804,0.15761417,13.5251305,1.03061035
parametric-eq,budde-iterative,48000,129,1024,16,4359.375,0.128308006,0.113325929,13.6044288,1.0236209
parametric-eq,budde-iterative,48000,129,1024,16,4406.25,0.0997654667,0.0822079758,13.7431524,1.01815608
parametric-eq,budde-iterative,48000,129,1024,16,4453.125,0.0772149256,0.0635374474,13.9457563,1.01390139
parametric-eq,budde-iterative,48000,129,1024,16,4500,0.0594942996,0.0544469824,14.1898752,1.01060295
parametric-eq,budde-iterative,48000,129,1024,16,4546.875,0.0456426379,0.0506600095,14.4360862,1.00805667
parametric-eq,budde-iterative,48000,129,1024,16,4593.75,0.0348712323,0.0477488738,14.6431806,1.00609927
parametric-eq,budde-iterative,48000,129,1024,16,4640.625,0.0265368361,0.0424048933,14.7825958,1.00460079
parametric-eq,budde-iterative,48000,129,1024,16,4687.5,0.0201181863,0.0332764948,14.8472435,1.00345826
parametric-eq,budde-iterative,48000,129,1024,16,4734.375,0.0151960664,0.0211330559,14.8526982,1.00259058
parametric-eq,budde-iterative,48000,129,1024,16,4781.25,0.0114363877,0.0083444202,14.8310765,1.00193417
parametric-eq,budde-iterative,48000,129,1024,16,4828.125,0.00857549204,-0.00212828968,14.819731,1.00143945
parametric-eq,budde-iterative,48000,129,1024,16,4875,0.00640707264,-0.0078857731,14.848381,1.00106794
parametric-eq,budde-iterative,48000,129,1024,16,4921.875,0.00477054299,-0.00799017669,14.9291361,1.00078993
parametric-eq,budde-iterative,48000,129,1024,16,4968.75,0.00354104641,-0.00329933269,15.0531232,1.0005826
parametric-eq,budde-iterative,48000,129,1024,16,5015.625,0.00262137843,0.00386251433,15.1948454,0
parametric-eq,budde-iterative,48000,129,1024,16,5062.5,0.00193588419,0.01054196,15.322186,0
parametric-eq,budde-iterative,48000,129,1024,16,5109.375,0.0014260509,0.0141713098,15.4079536,0
parametric-eq,budde-iterative,48000,129,1024,16,5156.25,0.00104725829,0.0134009416,15.4388939,0
parametric-eq,budde-iterative,48000,129,1024,16,5203.125,0.000766119664,0.00848650535,15.4195611,0
parametric-eq,budde-iterative,48000,129,1024,16,5250,0.00055804276,0.00113047048,15.3702673,0
parametric-eq,budde-iterative,48000,129,1024,16,5296.875,0.000404936919,-0.0061508469,15.3199605,0
parametric-eq,budde-iterative,48000,129,1024,16,5343.75,0.000293224389,-0.0109177979,15.2962882,0
parametric-eq,budde-iterative,48000,129,1024,16,5390.625,0.000212369276,-0.0116516616,15.3161495,0
parametric-eq,budde-iterative,48000,129,1024,16,5437.5,0.000154017249,-0.00825847701,15.3801348,0
parametric-eq,budde-iterative,48000,129,1024,16,5484.375,0.000111639432,-0.00205929337,15.4729166,0
parametric-eq,budde-iterative,48000,129,1024,16,5531.25,8.04233579e-05,0.0047132184,15.5692732,0
parametric-eq,budde-iterative,48000,129,1024,16,5578.125,5.71376127e-05,0.00971155128,15.6432269,0
parametric-eq,budde-iterative,48000,129,1024,16,5625,3.98146114e-05,0.011273226,15.6768835,0
parametric-eq,budde-iterative,48000,129,1024,16,5671.875,2.7271828e-05,0.00895642371,15.6660974,0
parametric-eq,budde-iterative,48000,129,1024,16,5718.75,1.86245961e-05,0.00365002102,15.6214235,0
parametric-eq,budde-iterative,48000,129,1024,16,5765.625,1.29662919e-05,-0.00276184685,15.5642743,0
parametric-eq,budde-iterative,48000,129,1024,16,5812.5,9.30514663e-06,-0.00806188195,15.5195399,0
parametric-eq,budde-iterative,48000,129,1024,16,5859.375,6.71253498e-06,-0.0104644648,15.5070488,0
parametric-eq,budde-iterative,48000,129,1024,16,5906.25,4.53697924e-06,-0.00922024901,15.5348086,0
parametric-eq,budde-iterative,48000,129,1024,16,5953.125,2.52565233e-06,-0.00484952488,15.5965009,0
parametric-eq,budde-iterative,48000,129,1024,16,6000,7.70282457e-07,0.00107157381,15.6741131,0
parametric-eq,budde-iterative,48000,129,1024,16,6046.875,-4.92745686e-07,0.00648252581,15.7445597,0
parametric-eq,budde-iterative,48000,129,1024,16,6093.75,-1.11411178e-06,0.00955409882,15.7877221,0
parametric-eq,budde-iterative,48000,129,1024,16,6140.625,-1.16998813e-06,0.00929907287,15.7930896,0
parametric-eq,budde-iterative,48000,129,1024,16,6187.5,-9.43375276e-07,0.00588104607,15.7629635,0
parametric-eq,budde-iterative,48000,129,1024,16,6234.375,-7.77139614e-07,0.000532009608,15.7113978,0
parametric-eq,budde-iterative,48000,129,1024,16,6281.25,-8.96366391e-07,-0.00488512054,15.6593062,0
parametric-eq,budde-iterative,48000,129,1024,16,6328.125,-1.30583066e-06,-0.0085205573,15.6272962,0
parametric-eq,budde-iterative,48000,129,1024,16,6375,-1.81638466e-06,-0.00916979136,15.6286055,0
parametric-eq,budde-iterative,48000,129,1024,16,6421.875,-2.17615601e-06,-0.00667501719,15.6646389,0
parametric-eq,budde-iterative,48000,129,1024,16,6468.75,-2.22467635e-06,-0.00195685108,15.7247374,0
parametric-eq,budde-iterative,48000,129,1024,16,6515.625,-1.98133658e-06,0.00332741377,15.7901909,0
parametric-eq,budde-iterative,48000,129,1024,16,6562.5,-1.6235596e-06,0.00736795337,15.8408832,0
parametric-eq,budde-iterative,48000,129,1024,16,6609.375,-1.37590999e-06,0.00881929468,15.8621241,0
parametric-eq,budde-iterative,48000,129,1024,16,6656.25,-1.38011916e-06,0.0072419825,15.849397,0
parametric-eq,budde-iterative,48000,129,1024,16,6703.125,-1.62145071e-06,0.00323029508,15.8096218,0
parametric-eq,budde-iterative,48000,129,1024,16,6750,-1.94918394e-06,-0.00180724149,15.7586543,0
parametric-eq,budde-iterative,48000,129,1024,16,6796.875,-2.17277611e-06,-0.00613735905,15.7158452,0
parametric-eq,budde-iterative,48000,129,1024,16,6843.75,-2.17364722e-06,-0.00829667239,15.6974187,0
parametric-eq,budde-iterative,48000,129,1024,16,6890.625,-1.96798146e-06,-0.00758822848,15.7109247,0
parametric-eq,budde-iterative,48000,129,1024,16,6937.5,-1.68833822e-06,-0.00430752098,15.7527595,0
parametric-eq,budde-iterative,48000,129,1024,16,6984.375,-1.50022201e-06,0.000378335606,15.8096441,0
parametric-eq,budde-iterative,48000,129,1024,16,7031.25,-1.50556353e-06,0.00484838527,15.8634293,0
parametric-eq,budde-iterative,48000,129,1024,16,7078.125,-1.68891393e-06,0.0075888626,15.8973945,0
parametric-eq,budde-iterative,48000,129,1024,16,7125,-1.93408442e-06,0.00770203534,15.9018237,0
parametric-eq,budde-iterative,48000,129,1024,16,7171.875,-2.09706353e-06,0.00519552545,15.8770793,0
parametric-eq,budde-iterative,48000,129,1024,16,7218.75,-2.09000245e-06,0.000963506926,15.8333002,0
parametric-eq,budde-iterative,48000,129,1024,16,7265.625,-1.92774517e-06,-0.00352830919,15.7868845,0
parametric-eq,budde-iterative,48000,129,1024,16,7312.5,-1.71283905e-06,-0.00674711314,15.7548879,0
parametric-eq,budde-iterative,48000,129,1024,16,7359.375,-1.57149858e-06,-0.00761636868,15.7491864,0
parametric-eq,budde-iterative,48000,129,1024,16,7406.25,-1.58009583e-06,-0.00587800784,15.772439,0
parametric-eq,budde-iterative,48000,129,1024,16,7453.125,-1.72464066e-06,-0.00216787631,15.8173095,0
parametric-eq,budde-iterative,48000,129,1024,16,7500,-1.91428714e-06,0.00221809298,15.8691952,0
parametric-eq,budde-iterative,48000,129,1024,16,7546.875,-2.0378532e-06,0.00577846578,15.9113865,0
parametric-eq,budde-iterative,48000,129,1024,16,7593.75,-2.02853059e-06,0.00731915473,15.9307662,0
parametric-eq,budde-iterative,48000,129,1024,16,7640.625,-1.89941116e-06,0.00635010594,15.9221182,0
parametric-eq,budde-iterative,48000,129,1024,16,7687.5,-1.73131789e-06,0.00323798354,15.8897172,0
parametric-eq,budde-iterative,48000,129,1024,16,7734.375,-1.62269428e-06,-0.000929918391,15.845771,0
parametric-eq,budde-iterative,48000,129,1024,16,7781.25,-1.63234489e-06,-0.0047221549,15.8062404,0
parametric-eq,budde-iterative,48000,129,1024,16,7828.125,-1.74809674e-06,-0.00685331146,15.7853897,0
parametric-eq,budde-iterative,48000,129,1024,16,7875,-1.89777011e-06,-0.00662112945,15.7909071,0
parametric-eq,budde-iterative,48000,129,1024,16,7921.875,-1.99379529e-06,-0.00413939958,15.821325,0
parametric-eq,budde-iterative,48000,129,1024,16,7968.75,-1.98412348e-06,-0.000286747771,15.8666674,0
parametric-eq,budde-iterative,48000,129,1024,16,8015.625,-1.88002739e-06,0.00360634302,15.912039,0
parametric-eq,budde-iterative,48000,129,1024,16,8062.5,-1.74620223e-06,0.00621785637,15.942798,0
parametric-eq,budde-iterative,48000,129,1024,16,8109.375,-1.66088347e-06,0.00668110652,15.9494797,0
parametric-eq,budde-iterative,48000,129,1024,16,8156.25,-1.67037939e-06,0.00486914908,15.930861,0
parametric-eq,budde-iterative,48000,129,1024,16,8203.125,-1.76428104e-06,0.00142677294,15.8942444,0
parametric-eq,budde-iterative,48000,129,1024,16,8250,-1.8844039e-06,-0.00245640345,15.8529233,0
parametric-eq,budde-iterative,48000,129,1024,16,8296.875,-1.96056966e-06,-0.0054545906,15.8216483,0
parametric-eq,budde-iterative,48000,129,1024,16,8343.75,-1.95138011e-06,-0.00655844773,15.8115869,0
parametric-eq,budde-iterative,48000,129,1024,16,8390.625,-1.86642816e-06,-0.00541662561,15.8265125,0
parametric-eq,budde-iterative,48000,129,1024,16,8437.5,-1.75821121e-06,-0.00244792836,15.8615873,0
parametric-eq,budde-iterative,48000,129,1024,16,8484.375,-1.68991721e-06,0.0013129028,15.9051602,0
parametric-eq,budde-iterative,48000,129,1024,16,8531.25,-1.69871931e-06,0.00457754692,15.9428779,0
parametric-eq,budde-iterative,48000,129,1024,16,8578.125,-1.77578759e-06,0.00624520357,15.9626003,0
parametric-eq,budde-iterative,48000,129,1024,16,8625,-1.87361214e-06,0.00577132022,15.958434,0
parametric-eq,budde-iterative,48000,129,1024,16,8671.875,-1.93509902e-06,0.00334306086,15.9326023,0
parametric-eq,budde-iterative,48000,129,1024,16,8718.75,-1.92673133e-06,-0.000192682288,15.8946062,0
parametric-eq,budde-iterative,48000,129,1024,16,8765.625,-1.85663073e-06,-0.00362221486,15.8579726,0
parametric-eq,budde-iterative,48000,129,1024,16,8812.5,-1.76791677e-06,-0.00578030237,15.8356426,0
parametric-eq,budde-iterative,48000,129,1024,16,8859.375,-1.71234693e-06,-0.00594698239,15.8355474,0
parametric-eq,budde-iterative,48000,129,1024,16,8906.25,-1.7202573e-06,-0.00408923414,15.8579182,0
parametric-eq,budde-iterative,48000,129,1024,16,8953.125,-1.78418026e-06,-0.000864110063,15.8952983,0
parametric-eq,budde-iterative,48000,129,1024,16,9000,-1.86487472e-06,0.00261502863,15.9352204,0
parametric-eq,budde-iterative,48000,129,1024,16,9046.875,-1.91527615e-06,0.00516392194,15.9645425,0
parametric-eq,budde-iterative,48000,129,1024,16,9093.75,-1.90782937e-06,0.00592943202,15.973896,0
parametric-eq,budde-iterative,48000,129,1024,16,9140.625,-1.84940028e-06,0.00467275004,15.9607641,0
parametric-eq,budde-iterative,48000,129,1024,16,9187.5,-1.77579207e-06,0.00184233627,15.9302337,0
parametric-eq,budde-iterative,48000,129,1024,16,9234.375,-1.72992589e-06,-0.00158444565,15.8932214,0
parametric-eq,budde-iterative,48000,129,1024,16,9281.25,-1.73691421e-06,-0.00443682507,15.8627541,0
parametric-eq,budde-iterative,48000,129,1024,16,9328.125,-1.79044326e-06,-0.00575029439,15.8495236,0
parametric-eq,budde-iterative,48000,129,1024,16,9375,-1.85776705e-06,-0.00509408923,15.8582325,0
parametric-eq,budde-iterative,48000,129,1024,16,9421.875,-1.89963635e-06,-0.0027132815,15.8860267,0
parametric-eq,budde-iterative,48000,129,1024,16,9468.75,-1.89309375e-06,0.000562795622,15.9235694,0
parametric-eq,budde-iterative,48000,129,1024,16,9515.625,-1.84394727e-06,0.00361088544,15.9583347,0
parametric-eq,budde-iterative,48000,129,1024,16,9562.5,-1.78221603e-06,0.00539921002,15.9789121,0
parametric-eq,budde-iterative,48000,129,1024,16,9609.375,-1.74388356e-06,0.00533512488,15.9788299,0
parametric-eq,budde-iterative,48000,129,1024,16,9656.25,-1.74999813e-06,0.00345962641,15.9586537,0
parametric-eq,budde-iterative,48000,129,1024,16,9703.125,-1.79521436e-06,0.00042690951,15.9257238,0
parametric-eq,budde-iterative,48000,129,1024,16,9750,-1.85195249e-06,-0.00272202069,15.8916402,0
parametric-eq,budde-iterative,48000,129,1024,16,9796.875,-1.88714312e-06,-0.00491537005,15.8683134,0
parametric-eq,budde-iterative,48000,129,1024,16,9843.75,-1.88143589e-06,-0.00541583589,15.863895,0
parametric-eq,budde-iterative,48000,129,1024,16,9890.625,-1.83975329e-06,-0.00406978112,15.8799996,0
parametric-eq,budde-iterative,48000,129,1024,16,9937.5,-1.7874869e-06,-0.00135417014,15.9112091,0
parametric-eq,budde-iterative,48000,129,1024,16,9984.375,-1.75509747e-06,0.00179338085,15.9470208,0
parametric-eq,budde-iterative,48000,129,1024,16,10031.25,-1.7604197e-06,0.00429944783,15.9755046,0
parametric-eq,budde-iterative,48000,129,1024,16,10078.125,-1.79891745e-06,0.00532041339,15.9873622,0
parametric-eq,budde-iterative,48000,129,1024,16,10125,-1.84716721e-06,0.00452470464,15.9790133,0
parametric-eq,budde-iterative,48000,129,1024,16,10171.875,-1.87705049e-06,0.00219919136,15.9537285,0
parametric-eq,budde-iterative,48000,129,1024,16,10218.75,-1.87209026e-06,-0.000853133848,15.9204764,0
parametric-eq,budde-iterative,48000,129,1024,16,10265.625,-1.83646973e-06,-0.00358877236,15.8908685,0
parametric-eq,budde-iterative,48000,129,1024,16,10312.5,-1.79183793e-06,-0.005079909,15.8752022,0
parametric-eq,budde-iterative,48000,129,1024,16,10359.375,-1.76420424e-06,-0.00483005639,15.8789404,0
parametric-eq,budde-iterative,48000,129,1024,16,10406.25,-1.76882549e-06,-0.00294033736,15.9008647,0
parametric-eq,budde-iterative,48000,129,1024,16,10453.125,-1.80184082e-06,-6.9273548e-05,15.9335592,0
parametric-eq,budde-iterative,48000,129,1024,16,10500,-1.84320507e-06,0.00279788085,15.966028,0
parametric-eq,budde-iterative,48000,129,1024,16,10546.875,-1.86881313e-06,0.00468780827,15.9874854,0
parametric-eq,budde-iterative,48000,129,1024,16,10593.75,-1.86450831e-06,0.00496853104,15.9909928,0
parametric-eq,budde-iterative,48000,129,1024,16,10640.625,-1.83385696e-06,0.00355916336,15.975739,0
parametric-eq,budde-iterative,48000,129,1024,16,10687.5,-1.79545132e-06,0.000952163323,15.9472548,0
parametric-eq,budde-iterative,48000,129,1024,16,10734.375,-1.77167266e-06,-0.0019574219,15.9155136,0
parametric-eq,budde-iterative,48000,129,1024,16,10781.25,-1.77568287e-06,-0.00417799912,15.8915385,0
parametric-eq,budde-iterative,48000,129,1024,16,10828.125,-1.80418464e-06,-0.00495950565,15.8836404,0
parametric-eq,budde-iterative,48000,129,1024,16,10875,-1.83990488e-06,-0.00404789098,15.8945788,0
parametric-eq,budde-iterative,48000,129,1024,16,10921.875,-1.86202665e-06,-0.00176807811,15.9206525,0
parametric-eq,budde-iterative,48000,129,1024,16,10968.75,-1.85829023e-06,0.00109240661,15.953036,0
parametric-eq,budde-iterative,48000,129,1024,16,11015.625,-1.83174696e-06,0.00355654026,15.9808581,0
parametric-eq,budde-iterative,48000,129,1024,16,11062.5,-1.7984698e-06,0.0047914678,15.994915,0
parametric-eq,budde-iterative,48000,129,1024,16,11109.375,-1.77785275e-06,0.00438869854,15.9907487,0
parametric-eq,budde-iterative,48000,129,1024,16,11156.25,-1.78133516e-06,0.00249804283,15.9700925,0
parametric-eq,budde-iterative,48000,129,1024,16,11203.125,-1.80609058e-06,-0.000227346113,15.9402432,0
parametric-eq,budde-iterative,48000,129,1024,16,11250,-1.83714016e-06,-0.00285525768,15.9115746,0
parametric-eq,budde-iterative,48000,129,1024,16,11296.875,-1.85638715e-06,-0.00449258782,15.8940063,0
parametric-eq,budde-iterative,48000,129,1024,16,11343.75,-1.85314011e-06,-0.00458951085,15.8936137,0
parametric-eq,budde-iterative,48000,129,1024,16,11390.625,-1.83001974e-06,-0.00312510179,15.9105606,0
parametric-eq,budde-iterative,48000,129,1024,16,11437.5,-1.80100559e-06,-0.000610366458,15.9390882,0
parametric-eq,budde-iterative,48000,129,1024,16,11484.375,-1.78300915e-06,0.00209099736,15.9695505,0
parametric-eq,budde-iterative,48000,129,1024,16,11531.25,-1.78603833e-06,0.00405995124,15.9917479,0
parametric-eq,budde-iterative,48000,129,1024,16,11578.125,-1.80766071e-06,0.00463420833,15.9983827,0
parametric-eq,budde-iterative,48000,129,1024,16,11625,-1.83481122e-06,0.00362968491,15.9874809,0
parametric-eq,budde-iterative,48000,129,1024,16,11671.875,-1.85166348e-06,0.00139877179,15.9630085,0
parametric-eq,budde-iterative,48000,129,1024,16,11718.75,-1.84883579e-06,-0.00129235455,15.9335032,0
parametric-eq,budde-iterative,48000,129,1024,16,11765.625,-1.82858817e-06,-0.00352570774,15.9091723,0
parametric-eq,budde-iterative,48000,129,1024,16,11812.5,-1.80314737e-06,-0.00454450994,15.8984124,0
parametric-eq,budde-iterative,48000,129,1024,16,11859.375,-1.78734433e-06,-0.00401053913,15.9049387,0
parametric-eq,budde-iterative,48000,129,1024,16,11906.25,-1.78998582e-06,-0.00211703037,15.9265343,0
parametric-eq,budde-iterative,48000,129,1024,16,11953.125,-1.80896969e-06,0.000481463397,15.9558604,0
parametric-eq,budde-iterative,48000,129,1024,16,12000,-1.83283904e-06,0.00289630625,15.9830197,0
parametric-eq,budde-iterative,48000,129,1024,16,12046.875,-1.84767783e-06,0.004308913,15.9989486,0
parametric-eq,budde-iterative,48000,129,1024,16,12093.75,-1.84520832e-06,0.00424729924,15.9984663,0
parametric-eq,budde-iterative,48000,129,1024,16,12140.625,-1.82738799e-06,0.00274267865,15.9819776,0
parametric-eq,budde-iterative,48000,129,1024,16,12187.5,-1.80496563e-06,0.000315400356,15.9552988,0
parametric-eq,budde-iterative,48000,129,1024,16,12234.375,-1.79101487e-06,-0.00220391586,15.9276737,0
parametric-eq,budde-iterative,48000,129,1024,16,12281.25,-1.79332562e-06,-0.00395783568,15.9086301,0
parametric-eq,budde-iterative,48000,129,1024,16,12328.125,-1.81007303e-06,-0.00435429743,15.9047263,0
parametric-eq,budde-iterative,48000,129,1024,16,12375,-1.83116067e-06,-0.00326739234,15.9173118,0
parametric-eq,budde-iterative,48000,129,1024,16,12421.875,-1.84429195e-06,-0.00107739614,15.9420954,0
parametric-eq,budde-iterative,48000,129,1024,16,12468.75,-1.8421277e-06,0.00146295324,15.9706655,0
parametric-eq,budde-iterative,48000,129,1024,16,12515.625,-1.8263711e-06,0.00348796035,15.9934026,0
parametric-eq,budde-iterative,48000,129,1024,16,12562.5,-1.80651669e-06,0.00431374459,16.0027525,0
parametric-eq,budde-iterative,48000,129,1024,16,12609.375,-1.7941431e-06,0.00366812203,15.9957495,0
parametric-eq,budde-iterative,48000,129,1024,16,12656.25,-1.79617225e-06,0.00177957365,15.9749765,0
parametric-eq,budde-iterative,48000,129,1024,16,12703.125,-1.81101254e-06,-0.000702983935,15.9476655,0
parametric-eq,budde-iterative,48000,129,1024,16,12750,-1.82972563e-06,-0.00293212092,15.9232406,0
parametric-eq,budde-iterative,48000,129,1024,16,12796.875,-1.84139736e-06,-0.00415084115,15.9101075,0
parametric-eq,budde-iterative,48000,129,1024,16,12843.75,-1.83949276e-06,-0.00395033816,15.9127809,0
parametric-eq,budde-iterative,48000,129,1024,16,12890.625,-1.82550103e-06,-0.00240783963,15.9303495,0
parametric-eq,budde-iterative,48000,129,1024,16,12937.5,-1.80784585e-06,-5.70769289e-05,15.9568255,0
parametric-eq,budde-iterative,48000,129,1024,16,12984.375,-1.79682546e-06,0.00229723395,15.9832393,0
parametric-eq,budde-iterative,48000,129,1024,16,13031.25,-1.79861528e-06,0.00385529466,16.0007223,0
parametric-eq,budde-iterative,48000,129,1024,16,13078.125,-1.81182013e-06,0.00409330822,16.0035039,0
parametric-eq,budde-iterative,48000,129,1024,16,13125,-1.82849323e-06,0.00293856441,15.9908262,0
parametric-eq,budde-iterative,48000,129,1024,16,13171.875,-1.83890812e-06,0.000791175036,15.9671655,0
parametric-eq,budde-iterative,48000,129,1024,16,13218.75,-1.837224e-06,-0.00161371487,15.9407036,0
parametric-eq,budde-iterative,48000,129,1024,16,13265.625,-1.82474978e-06,-0.00345677642,15.9205473,0
parametric-eq,budde-iterative,48000,129,1024,16,13312.5,-1.80898972e-06,-0.00411375675,15.9136216,0
parametric-eq,budde-iterative,48000,129,1024,16,13359.375,-1.79913866e-06,-0.00336772589,15.9223025,0
parametric-eq,budde-iterative,48000,129,1024,16,13406.25,-1.80072547e-06,-0.00148105433,15.9436215,0
parametric-eq,budde-iterative,48000,129,1024,16,13453.125,-1.81252046e-06,0.000897297696,15.9703229,0
parametric-eq,budde-iterative,48000,129,1024,16,13500,-1.82743047e-06,0.00295578173,15.99338,0
parametric-eq,budde-iterative,48000,129,1024,16,13546.875,-1.83675562e-06,0.00399720248,16.0050773,0
parametric-eq,budde-iterative,48000,129,1024,16,13593.75,-1.83525836e-06,0.00367400269,16.0016015,0
parametric-eq,budde-iterative,48000,129,1024,16,13640.625,-1.82409558e-06,0.00210348277,15.9842947,0
parametric-eq,budde-iterative,48000,129,1024,16,13687.5,-1.80997806e-06,-0.000174361607,15.9591769,0
parametric-eq,budde-iterative,48000,129,1024,16,13734.375,-1.80114423e-06,-0.00238159012,15.9348995,0
parametric-eq,budde-iterative,48000,129,1024,16,13781.25,-1.80255917e-06,-0.00376753161,15.9198026,0
parametric-eq,budde-iterative,48000,129,1024,16,13828.125,-1.8131328e-06,-0.00386455903,15.9190649,0
parametric-eq,budde-iterative,48000,129,1024,16,13875,-1.82651047e-06,-0.00264660782,15.9329366,0
parametric-eq,budde-iterative,48000,129,1024,16,13921.875,-1.8348846e-06,-0.000535716598,15.9566792,0
parametric-eq,budde-iterative,48000,129,1024,16,13968.75,-1.83354531e-06,0.00174489876,15.9822262,0
parametric-eq,budde-iterative,48000,129,1024,16,14015.625,-1.82352132e-06,0.00341917399,16.0009622,0
parametric-eq,budde-iterative,48000,129,1024,16,14062.5,-1.81083522e-06,0.00392192177,16.0066454,0
parametric-eq,budde-iterative,48000,129,1024,16,14109.375,-1.80289185e-06,0.00308872317,15.9974916,0
parametric-eq,budde-iterative,48000,129,1024,16,14156.25,-1.80416171e-06,0.00120924306,15.9767472,0
parametric-eq,budde-iterative,48000,129,1024,16,14203.125,-1.81367236e-06,-0.00107285548,15.9515762,0
parametric-eq,budde-iterative,48000,129,1024,16,14250,-1.82571118e-06,-0.00297953319,15.9306275,0
parametric-eq,budde-iterative,48000,129,1024,16,14296.875,-1.83325029e-06,-0.00386355398,15.9210879,0
parametric-eq,budde-iterative,48000,129,1024,16,14343.75,-1.83204413e-06,-0.00342887198,15.9262236,0
parametric-eq,budde-iterative,48000,129,1024,16,14390.625,-1.82301342e-06,-0.00183027646,15.944273,0
parametric-eq,budde-iterative,48000,129,1024,16,14437.5,-1.81158118e-06,0.000381930421,15.9690799,0
parametric-eq,budde-iterative,48000,129,1024,16,14484.375,-1.80442197e-06,0.00245209894,15.992233,0
parametric-eq,budde-iterative,48000,129,1024,16,14531.25,-1.80556979e-06,0.00367756399,16.0059451,0
parametric-eq,budde-iterative,48000,129,1024,16,14578.125,-1.8141513e-06,0.00364650684,16.0056801,0
parametric-eq,budde-iterative,48000,129,1024,16,14625,-1.82501444e-06,0.00237556958,15.9916575,0
parametric-eq,budde-iterative,48000,129,1024,16,14671.875,-1.83181612e-06,0.000302144986,15.9687554,0
parametric-eq,budde-iterative,48000,129,1024,16,14718.75,-1.83072168e-06,-0.0018653833,15.9448518,0
parametric-eq,budde-iterative,48000,129,1024,16,14765.625,-1.822561e-06,-0.00338909149,15.9281475,0
parametric-eq,budde-iterative,48000,129,1024,16,14812.5,-1.81223245e-06,-0.00375301344,15.9243659,0
parametric-eq,budde-iterative,48000,129,1024,16,14859.375,-1.8057677e-06,-0.00283856835,15.9347966,0
parametric-eq,budde-iterative,48000,129,1024,16,14906.25,-1.80681338e-06,-0.000963339771,15.9558695,0
parametric-eq,budde-iterative,48000,129,1024,16,14953.125,-1.81457941e-06,0.00122973707,15.9804097,0
parametric-eq,budde-iterative,48000,129,1024,16,15000,-1.82440522e-06,0.0029934169,16.0001139,0
parametric-eq,budde-iterative,48000,129,1024,16,15046.875,-1.83055202e-06,0.00373061756,16.0083762,0
parametric-eq,budde-iterative,48000,129,1024,16,15093.75,-1.82955081e-06,0.00319578553,16.002505,0
parametric-eq,budde-iterative,48000,129,1024,16,15140.625,-1.82215523e-06,0.00157615702,15.9846061,0
parametric-eq,budde-iterative,48000,129,1024,16,15187.5,-1.81280272e-06,-0.000573377278,15.9608559,0
parametric-eq,budde-iterative,48000,129,1024,16,15234.375,-1.80695636e-06,-0.00251960944,15.9394053,0
parametric-eq,budde-iterative,48000,129,1024,16,15281.25,-1.8079171e-06,-0.00360086741,15.9276053,0
parametric-eq,budde-iterative,48000,129,1024,16,15328.125,-1.81496463e-06,-0.00345249384,15.9294935,0
parametric-eq,budde-iterative,48000,129,1024,16,15375,-1.82387104e-06,-0.00213040573,15.9444166,0
parametric-eq,budde-iterative,48000,129,1024,16,15421.875,-1.82943316e-06,-9.0104382e-05,15.9672762,0
parametric-eq,budde-iterative,48000,129,1024,16,15468.75,-1.82850915e-06,0.00197091034,15.9903033,0
parametric-eq,budde-iterative,48000,129,1024,16,15515.625,-1.82178891e-06,0.00335195082,16.0057238,0
parametric-eq,budde-iterative,48000,129,1024,16,15562.5,-1.81330342e-06,0.00358692124,16.0083911,0
parametric-eq,budde-iterative,48000,129,1024,16,15609.375,-1.80801057e-06,0.0026008757,15.997503,0
parametric-eq,budde-iterative,48000,129,1024,16,15656.25,-1.80890134e-06,0.000733656887,15.9768525,0
parametric-eq,budde-iterative,48000,129,1024,16,15703.125,-1.81531352e-06,-0.00137661482,15.9535359,0
parametric-eq,budde-iterative,48000,129,1024,16,15750,-1.82340144e-06,-0.00301099172,15.9355441,0
parametric-eq,budde-iterative,48000,129,1024,16,15796.875,-1.82843887e-06,-0.00361472518,15.9290372,0
parametric-eq,budde-iterative,48000,129,1024,16,15843.75,-1.8275781e-06,-0.00298619837,15.9362362,0
parametric-eq,budde-iterative,48000,129,1024,16,15890.625,-1.82145611e-06,-0.00134458028,15.9546724,0
parametric-eq,budde-iterative,48000,129,1024,16,15937.5,-1.81374409e-06,0.000746950003,15.9780581,0
parametric-eq,budde-iterative,48000,129,1024,16,15984.375,-1.80894923e-06,0.00257503397,15.9984603,0
parametric-eq,budde-iterative,48000,129,1024,16,16031.25,-1.80978306e-06,0.00351949552,16.0090084,0
parametric-eq,budde-iterative,48000,129,1024,16,16078.125,-1.81563147e-06,0.00326310538,16.0062088,0
parametric-eq,budde-iterative,48000,129,1024,16,16125,-1.82298769e-06,0.00189754761,15.9911036,0
parametric-eq,budde-iterative,48000,129,1024,16,16171.875,-1.82755189e-06,-0.000109117743,15.9689033,0
parametric-eq,budde-iterative,48000,129,1024,16,16218.75,-1.82674216e-06,-0.00207218694,15.9472194,0
parametric-eq,budde-iterative,48000,129,1024,16,16265.625,-1.82115188e-06,-0.0033235681,15.9334764,0
parametric-eq,budde-iterative,48000,129,1024,16,16312.5,-1.81413276e-06,-0.00343952068,15.9323752,0
parametric-eq,budde-iterative,48000,129,1024,16,16359.375,-1.80978816e-06,-0.00238474268,15.9442846,0
parametric-eq,budde-iterative,48000,129,1024,16,16406.25,-1.81057648e-06,-0.000523024735,15.9651303,0
parametric-eq,budde-iterative,48000,129,1024,16,16453.125,-1.815923e-06,0.00150876776,15.9878148,0
parametric-eq,budde-iterative,48000,129,1024,16,16500,-1.82262242e-06,0.00301901816,16.0046579,0
parametric-eq,budde-iterative,48000,129,1024,16,16546.875,-1.82675769e-06,0.00349653695,16.0100048,0
parametric-eq,budde-iterative,48000,129,1024,16,16593.75,-1.82598829e-06,0.00278289786,16.0021226,0
parametric-eq,budde-iterative,48000,129,1024,16,16640.625,-1.8208721e-06,0.00112466014,15.9837663,0
parametric-eq,budde-iterative,48000,129,1024,16,16687.5,-1.8144762e-06,-0.000911359742,15.9612392,0
parametric-eq,budde-iterative,48000,129,1024,16,16734.375,-1.81054069e-06,-0.0026311933,15.9422547,0
parametric-eq,budde-iterative,48000,129,1024,16,16781.25,-1.81129356e-06,-0.00345018225,15.9333087,0
parametric-eq,budde-iterative,48000,129,1024,16,16828.125,-1.81619191e-06,-0.00309227671,15.9374568,0
parametric-eq,budde-iterative,48000,129,1024,16,16875,-1.82229939e-06,-0.00168351802,15.9532725,0
parametric-eq,budde-iterative,48000,129,1024,16,16921.875,-1.82604401e-06,0.000292525198,15.9753545,0
parametric-eq,budde-iterative,48000,129,1024,16,16968.75,-1.82530546e-06,0.00216134491,15.9961972,0
parametric-eq,budde-iterative,48000,129,1024,16,17015.625,-1.82061327e-06,0.00328793992,16.0087582,0
parametric-eq,budde-iterative,48000,129,1024,16,17062.5,-1.81478013e-06,0.00329209706,16.0088393,0
parametric-eq,budde-iterative,48000,129,1024,16,17109.375,-1.81121812e-06,0.00217609216,15.9964869,0
parametric-eq,budde-iterative,48000,129,1024,16,17156.25,-1.81194446e-06,0.000322656198,15.9759625,0
parametric-eq,budde-iterative,48000,129,1024,16,17203.125,-1.81644141e-06,-0.00163567937,15.9542972,0
parametric-eq,budde-iterative,48000,129,1024,16,17250,-1.82201335e-06,-0.0030319841,15.9389035,0
parametric-eq,budde-iterative,48000,129,1024,16,17296.875,-1.82540045e-06,-0.00339227203,15.9350454,0
parametric-eq,budde-iterative,48000,129,1024,16,17343.75,-1.82468432e-06,-0.00259698802,15.9440356,0
parametric-eq,budde-iterative,48000,129,1024,16,17390.625,-1.8203724e-06,-0.000920857098,15.9627946,0
parametric-eq,budde-iterative,48000,129,1024,16,17437.5,-1.81504941e-06,0.00106243965,15.9849263,0
parametric-eq,budde-iterative,48000,129,1024,16,17484.375,-1.81183004e-06,0.00267713189,16.002921,0
parametric-eq,budde-iterative,48000,129,1024,16,17531.25,-1.81253783e-06,0.00337553882,16.0107123,0
parametric-eq,budde-iterative,48000,129,1024,16,17578.125,-1.81667428e-06,0.00292322156,16.0057194,0
parametric-eq,budde-iterative,48000,129,1024,16,17625,-1.82175979e-06,0.00147724844,15.9897018,0
parametric-eq,budde-iterative,48000,129,1024,16,17671.875,-1.82481812e-06,-0.000468049748,15.9681566,0
parametric-eq,budde-iterative,48000,129,1024,16,17718.75,-1.82411688e-06,-0.0022494503,15.9484548,0
parametric-eq,budde-iterative,48000,129,1024,16,17765.625,-1.82014694e-06,-0.00326074263,15.9373341,0
parametric-eq,budde-iterative,48000,129,1024,16,17812.5,-1.81528819e-06,-0.00315945232,15.9385941,0
parametric-eq,budde-iterative,48000,129,1024,16,17859.375,-1.81238467e-06,-0.00198332235,15.9517962,0
parametric-eq,budde-iterative,48000,129,1024,16,17906.25,-1.81308106e-06,-0.000136286159,15.9724269,0
parametric-eq,budde-iterative,48000,129,1024,16,17953.125,-1.81689288e-06,0.00175080373,15.9934628,0
parametric-eq,budde-iterative,48000,129,1024,16,18000,-1.8215349e-06,0.00303596983,16.0077782,0
parametric-eq,budde-iterative,48000,129,1024,16,18046.875,-1.82428944e-06,0.00328417429,16.0105607,0
parametric-eq,budde-iterative,48000,129,1024,16,18093.75,-1.82359627e-06,0.00241396849,16.0009248,0
parametric-eq,budde-iterative,48000,129,1024,16,18140.625,-1.81993468e-06,0.000724030938,15.9821972,0
parametric-eq,budde-iterative,48000,129,1024,16,18187.5,-1.8155e-06,-0.00120885801,15.9607883,0
parametric-eq,budde-iterative,48000,129,1024,16,18234.375,-1.81288904e-06,-0.00272614663,15.9440179,0
parametric-eq,budde-iterative,48000,129,1024,16,18281.25,-1.81358053e-06,-0.00331194712,15.9376188,0
parametric-eq,budde-iterative,48000,129,1024,16,18328.125,-1.81709929e-06,-0.00276897944,15.9437738,0
parametric-eq,budde-iterative,48000,129,1024,16,18375,-1.82133542e-06,-0.00128531912,15.9603718,0
parametric-eq,budde-iterative,48000,129,1024,16,18421.875,-1.82380787e-06,0.000631041114,15.9817471,0
parametric-eq,budde-iterative,48000,129,1024,16,18468.75,-1.82311656e-06,0.00232666209,16.0006336,0
parametric-eq,budde-iterative,48000,129,1024,16,18515.625,-1.81973367e-06,0.00322554541,16.0106451,0
parametric-eq,budde-iterative,48000,129,1024,16,18562.5,-1.81568786e-06,0.00302428864,16.0084312,0
parametric-eq,budde-iterative,48000,129,1024,16,18609.375,-1.81334922e-06,0.00179399907,15.9947953,0
parametric-eq,budde-iterative,48000,129,1024,16,18656.25,-1.81404177e-06,-4.46719194e-05,15.9744147,0
parametric-eq,budde-iterative,48000,129,1024,16,18703.125,-1.81729533e-06,-0.00186477262,15.9542567,0
parametric-eq,budde-iterative,48000,129,1024,16,18750,-1.82115854e-06,-0.00304649883,15.9412109,0
parametric-eq,budde-iterative,48000,129,1024,16,18796.875,-1.82336776e-06,-0.00318855882,15.9397351,0
parametric-eq,budde-iterative,48000,129,1024,16,18843.75,-1.8226726e-06,-0.00224496953,15.9503273,0
parametric-eq,budde-iterative,48000,129,1024,16,18890.625,-1.8195422e-06,-0.000539973651,15.9693632,0
parametric-eq,budde-iterative,48000,129,1024,16,18937.5,-1.81585436e-06,0.00134384514,15.9903539,0
parametric-eq,budde-iterative,48000,129,1024,16,18984.375,-1.81377046e-06,0.00276504326,16.0061749,0
parametric-eq,budde-iterative,48000,129,1024,16,19031.25,-1.81446957e-06,0.00324154982,16.0114869,0
parametric-eq,budde-iterative,48000,129,1024,16,19078.125,-1.81748261e-06,0.00261360561,16.0045321,0
parametric-eq,budde-iterative,48000,129,1024,16,19125,-1.82100187e-06,0.00109703712,15.9877161,0
parametric-eq,budde-iterative,48000,129,1024,16,19171.875,-1.82296424e-06,-0.00079055802,15.9667906,0
parametric-eq,budde-iterative,48000,129,1024,16,19218.75,-1.82225991e-06,-0.00240590974,15.9489048,0
parametric-eq,budde-iterative,48000,129,1024,16,19265.625,-1.81935875e-06,-0.00319921319,15.9401706,0
parametric-eq,budde-iterative,48000,129,1024,16,19312.5,-1.81600172e-06,-0.00290172498,15.9435703,0
parametric-eq,budde-iterative,48000,129,1024,16,19359.375,-1.81415733e-06,-0.00161720489,15.9579352,0
parametric-eq,budde-iterative,48000,129,1024,16,19406.25,-1.81486814e-06,0.000214427831,15.9783575,0
parametric-eq,budde-iterative,48000,129,1024,16,19453.125,-1.81766257e-06,0.00196828303,15.9978852,0
parametric-eq,budde-iterative,48000,129,1024,16,19500,-1.82086335e-06,0.00304789964,16.0099,0
parametric-eq,budde-iterative,48000,129,1024,16,19546.875,-1.82259303e-06,0.00308769861,16.0103573,0
parametric-eq,budde-iterative,48000,129,1024,16,19593.75,-1.82187454e-06,0.00207624192,15.9991425,0
parametric-eq,budde-iterative,48000,129,1024,16,19640.625,-1.81918196e-06,0.000359385431,15.980101,0
parametric-eq,budde-iterative,48000,129,1024,16,19687.5,-1.81613184e-06,-0.00147747218,15.9597369,0
parametric-eq,budde-iterative,48000,129,1024,16,19734.375,-1.8145138e-06,-0.00280857561,15.9450063,0
parametric-eq,budde-iterative,48000,129,1024,16,19781.25,-1.81524117e-06,-0.00318115671,15.940942,0
parametric-eq,budde-iterative,48000,129,1024,16,19828.125,-1.81783651e-06,-0.00246996063,15.9489288,0
parametric-eq,budde-iterative,48000,129,1024,16,19875,-1.82074122e-06,-0.00091954858,15.9662318,0
parametric-eq,budde-iterative,48000,129,1024,16,19921.875,-1.82225042e-06,0.000940165336,15.9869471,0
parametric-eq,budde-iterative,48000,129,1024,16,19968.75,-1.82151301e-06,0.00247550201,16.0040322,0
parametric-eq,budde-iterative,48000,129,1024,16,20015.625,-1.81901057e-06,0.00316489885,16.011705,0
parametric-eq,budde-iterative,48000,129,1024,16,20062.5,-1.81624635e-06,0.00277556312,16.0073943,0
parametric-eq,budde-iterative,48000,129,1024,16,20109.375,-1.81484336e-06,0.00144169641,15.992598,0
parametric-eq,budde-iterative,48000,129,1024,16,20156.25,-1.81559195e-06,-0.000381533235,15.9723731,0
parametric-eq,budde-iterative,48000,129,1024,16,20203.125,-1.81800563e-06,-0.00207276398,15.953624,0
parametric-eq,budde-iterative,48000,129,1024,16,20250,-1.82063397e-06,-0.00305599748,15.942755,0
parametric-eq,budde-iterative,48000,129,1024,16,20296.875,-1.82193315e-06,-0.00299714339,15.9434787,0
parametric-eq,budde-iterative,48000,129,1024,16,20343.75,-1.82117224e-06,-0.00191800091,15.9555426,0
parametric-eq,budde-iterative,48000,129,1024,16,20390.625,-1.81884344e-06,-0.000188201266,15.9748222,0
parametric-eq,budde-iterative,48000,129,1024,16,20437.5,-1.81634667e-06,0.00160188173,15.9947472,0
parametric-eq,budde-iterative,48000,129,1024,16,20484.375,-1.81514908e-06,0.00284293733,16.0085522,0
parametric-eq,budde-iterative,48000,129,1024,16,20531.25,-1.81592341e-06,0.00311384408,16.0115724,0
parametric-eq,budde-iterative,48000,129,1024,16,20578.125,-1.81817104e-06,0.00232402265,16.0028126,0
parametric-eq,budde-iterative,48000,129,1024,16,20625,-1.82054029e-06,0.000743554465,15.9852758,0
parametric-eq,budde-iterative,48000,129,1024,16,20671.875,-1.82163833e-06,-0.00108875626,15.9649469,0
parametric-eq,budde-iterative,48000,129,1024,16,20718.75,-1.82084946e-06,-0.00254859135,15.9487651,0
parametric-eq,budde-iterative,48000,129,1024,16,20765.625,-1.8186795e-06,-0.00313887866,15.942258,0
parametric-eq,budde-iterative,48000,129,1024,16,20812.5,-1.81643397e-06,-0.00265952785,15.9476468,0
parametric-eq,budde-iterative,48000,129,1024,16,20859.375,-1.81543365e-06,-0.00127556142,15.9630849,0
parametric-eq,budde-iterative,48000,129,1024,16,20906.25,-1.81623815e-06,0.000539948415,15.9833008,0
parametric-eq,budde-iterative,48000,129,1024,16,20953.125,-1.81833376e-06,0.00216807927,16.0014128,0
parametric-eq,budde-iterative,48000,129,1024,16,21000,-1.8204591e-06,0.00305514997,16.0112781,0
parametric-eq,budde-iterative,48000,129,1024,16,21046.875,-1.8213634e-06,0.00290056788,16.00957,0
parametric-eq,budde-iterative,48000,129,1024,16,21093.75,-1.82054218e-06,0.00175823444,15.9968938,0
parametric-eq,budde-iterative,48000,129,1024,16,21140.625,-1.81851775e-06,1.78502121e-05,15.9775778,0
parametric-eq,budde-iterative,48000,129,1024,16,21187.5,-1.81650929e-06,-0.00172751111,15.9582107,0
parametric-eq,budde-iterative,48000,129,1024,16,21234.375,-1.81569948e-06,-0.00288319122,15.9454042,0
parametric-eq,budde-iterative,48000,129,1024,16,21281.25,-1.81653854e-06,-0.0030558115,15.943533,0
parametric-eq,budde-iterative,48000,129,1024,16,21328.125,-1.81849478e-06,-0.00218766114,15.9532333,0
parametric-eq,budde-iterative,48000,129,1024,16,21375,-1.82038945e-06,-0.000576075697,15.9711872,0
parametric-eq,budde-iterative,48000,129,1024,16,21421.875,-1.82110612e-06,0.00122881649,15.9912706,0
parametric-eq,budde-iterative,48000,129,1024,16,21468.75,-1.82024813e-06,0.00261228232,16.006654,0
parametric-eq,budde-iterative,48000,129,1024,16,21515.625,-1.81835723e-06,0.00310421854,16.0121257,0
parametric-eq,budde-iterative,48000,129,1024,16,21562.5,-1.81657347e-06,0.00253837075,16.0058484,0
parametric-eq,budde-iterative,48000,129,1024,16,21609.375,-1.81594871e-06,0.00110824678,15.9899736,0
parametric-eq,budde-iterative,48000,129,1024,16,21656.25,-1.81682675e-06,-0.000698746919,15.9699136,0
parametric-eq,budde-iterative,48000,129,1024,16,21703.125,-1.81865503e-06,-0.00226690788,15.9525105,0
parametric-eq,budde-iterative,48000,129,1024,16,21750,-1.82033056e-06,-0.00306193376,15.9437069,0
parametric-eq,budde-iterative,48000,129,1024,16,21796.875,-1.82086446e-06,-0.00281338731,15.94651,0
parametric-eq,budde-iterative,48000,129,1024,16,21843.75,-1.81996525e-06,-0.00160707597,15.9599582,0
parametric-eq,budde-iterative,48000,129,1024,16,21890.625,-1.81819701e-06,0.000144705365,15.9794567,0
parametric-eq,budde-iterative,48000,129,1024,16,21937.5,-1.81662724e-06,0.00184457761,15.9983612,0
parametric-eq,budde-iterative,48000,129,1024,16,21984.375,-1.81618326e-06,0.00291400847,16.0102491,0
parametric-eq,budde-iterative,48000,129,1024,16,22031.25,-1.81710478e-06,0.00298986557,16.0110969,0
parametric-eq,budde-iterative,48000,129,1024,16,22078.125,-1.81881544e-06,0.00204722532,16.0006333,0
parametric-eq,budde-iterative,48000,129,1024,16,22125,-1.82028176e-06,0.000407509629,15.9824272,0
parametric-eq,budde-iterative,48000,129,1024,16,22171.875,-1.82063659e-06,-0.00137065042,15.9626826,0
parametric-eq,budde-iterative,48000,129,1024,16,22218.75,-1.81969163e-06,-0.0026813311,15.9481355,0
parametric-eq,budde-iterative,48000,129,1024,16,22265.625,-1.81803618e-06,-0.00307792816,15.9437548,0
parametric-eq,budde-iterative,48000,129,1024,16,22312.5,-1.81667119e-06,-0.00242581781,15.951036,0
parametric-eq,budde-iterative,48000,129,1024,16,22359.375,-1.81640485e-06,-0.00094826238,15.967488,0
parametric-eq,budde-iterative,48000,129,1024,16,22406.25,-1.81737445e-06,0.000850359054,15.987495,0
parametric-eq,budde-iterative,48000,129,1024,16,22453.125,-1.81897691e-06,0.00235717691,16.0042455,0
parametric-eq,budde-iterative,48000,129,1024,16,22500,-1.82024253e-06,0.00305965367,16.0120531,0
parametric-eq,budde-iterative,48000,129,1024,16,22546.875,-1.82042089e-06,0.00271944332,16.0082786,0
parametric-eq,budde-iterative,48000,129,1024,16,22593.75,-1.81942548e-06,0.00145289131,15.9942153,0
parametric-eq,budde-iterative,48000,129,1024,16,22640.625,-1.81787385e-06,-0.000308562143,15.9746523,0
parametric-eq,budde-iterative,48000,129,1024,16,22687.5,-1.8167058e-06,-0.00196483326,15.9562563,0
parametric-eq,budde-iterative,48000,129,1024,16,22734.375,-1.81661504e-06,-0.00295141592,15.9453056,0
parametric-eq,budde-iterative,48000,129,1024,16,22781.25,-1.81763749e-06,-0.00293211722,15.9455418,0
parametric-eq,budde-iterative,48000,129,1024,16,22828.125,-1.81914034e-06,-0.00191406649,15.9568822,0
parametric-eq,budde-iterative,48000,129,1024,16,22875,-1.82021245e-06,-0.00024508651,15.975451,0
parametric-eq,budde-iterative,48000,129,1024,16,22921.875,-1.82021586e-06,0.00150559433,15.9949151,0
parametric-eq,budde-iterative,48000,129,1024,16,22968.75,-1.81916512e-06,0.0027418016,16.008653,0
parametric-eq,budde-iterative,48000,129,1024,16,23015.625,-1.81770909e-06,0.00304320092,16.0120036,0
parametric-eq,budde-iterative,48000,129,1024,16,23062.5,-1.81673144e-06,0.00230770562,16.0038374,0
parametric-eq,budde-iterative,48000,129,1024,16,23109.375,-1.81681526e-06,0.000785883856,15.9869352,0
parametric-eq,budde-iterative,48000,129,1024,16,23156.25,-1.81789556e-06,-0.0010040249,15.9670501,0
parametric-eq,budde-iterative,48000,129,1024,16,23203.125,-1.81930666e-06,-0.0024521277,15.9509608,0
parametric-eq,budde-iterative,48000,129,1024,16,23250,-1.82019119e-06,-0.00306470814,15.9441612,0
parametric-eq,budde-iterative,48000,129,1024,16,23296.875,-1.82002014e-06,-0.00263301018,15.9489749,0
parametric-eq,budde-iterative,48000,129,1024,16,23343.75,-1.81890895e-06,-0.00130469127,15.9637551,0
parametric-eq,budde-iterative,48000,129,1024,16,23390.625,-1.81754098e-06,0.00046690782,15.9834542,0
parametric-eq,budde-iterative,48000,129,1024,16,23437.5,-1.81674838e-06,0.00207795867,16.0013588,0
parametric-eq,budde-iterative,48000,129,1024,16,23484.375,-1.81700679e-06,0.00298006745,16.0113814,0
parametric-eq,budde-iterative,48000,129,1024,16,23531.25,-1.81815022e-06,0.00286653469,16.0101219,0
parametric-eq,budde-iterative,48000,129,1024,16,23578.125,-1.8194768e-06,0.00177618282,15.9980118,0
parametric-eq,budde-iterative,48000,129,1024,16,23625,-1.82017852e-06,8.01440436e-05,15.9791688,0
parametric-eq,budde-iterative,48000,129,1024,16,23671.875,-1.81983248e-06,-0.00164397408,15.9600072,0
parametric-eq,budde-iterative,48000,129,1024,16,23718.75,-1.81865541e-06,-0.0028084817,15.9470627,0
parametric-eq,budde-iterative,48000,129,1024,16,23765.625,-1.81736857e-06,-0.00301616232,15.9447575,0
parametric-eq,budde-iterative,48000,129,1024,16,23812.5,-1.81675681e-06,-0.00219624055,15.9538793,0
parametric-eq,budde-iterative,48000,129,1024,16,23859.375,-1.81719086e-06,-0.000628614023,15.9713103,0
parametric-eq,budde-iterative,48000,129,1024,16,23906.25,-1.81840301e-06,0.00115208857,15.9911015,0
parametric-eq,budde-iterative,48000,129,1024,16,23953.125,-1.81965173e-06,0.00253923645,16.0065125,0
parametric-eq,budde-iterative,48000,129,1024,16,24000,-1.82017431e-06,0.0030607449,16.012305,0
parametric-eq,phase-interpolation,48000,129,1024,16,0,3.85730987e-15,0.0447732534,15.4174562,0
parametric-eq,phase-interpolation,48000,129,1024,16,46.875,-5.43410295e-07,0.0443592193,15.4209173,0
parametric-eq,phase-interpolation,48000,129,1024,16,93.75,-1.85412125e-06,0.0430447114,15.4302921,0
parametric-eq,phase-interpolation,48000,129,1024,16,140.625,-3.15814005e-06,0.0406458434,15.4429636,0
parametric-eq,phase-interpolation,48000,129,1024,16,187.5,-3.67615948e-06,0.0369536456,15.4557632,0
parametric-eq,phase-interpolation,48000,129,1024,16,234.375,-3.08160572e-06,0.0318382277,15.4662519,0
parametric-eq,phase-interpolation,48000,129,1024,16,281.25,-1.70319478e-06,0.0253278559,15.473705,0
parametric-eq,phase-interpolation,48000,129,1024,16,328.125,-3.48502546e-07,0.017629679,15.4793933,0
parametric-eq,phase-interpolation,48000,129,1024,16,375,1.60136208e-07,0.00908192919,15.4860284,0
parametric-eq,phase-interpolation,48000,129,1024,16,421.875,-5.23627377e-07,5.52758121e-05,15.4965727,0
parametric-eq,phase-interpolation,48000,129,1024,16,468.75,-2.04025109e-06,-0.00915723348,15.5128827,0
parametric-eq,phase-interpolation,48000,129,1024,16,515.625,-3.50416827e-06,-0.0184157241,15.5347543,0
parametric-eq,phase-interpolation,48000,129,1024,16,562.5,-4.00961963e-06,-0.0277411399,15.5597948,0
parametric-eq,phase-interpolation,48000,129,1024,16,609.375,-3.18067592e-06,-0.0372490635,15.5842203,0
parametric-eq,phase-interpolation,48000,129,1024,16,656.25,-1.43814884e-06,-0.0470353174,15.60428,0
parametric-eq,phase-interpolation,48000,129,1024,16,703.125,1.98947445e-07,-0.0570611186,15.6177277,0
parametric-eq,phase-interpolation,48000,129,1024,16,750,6.94377398e-07,-0.0670883986,15.6247068,0
parametric-eq,phase-interpolation,48000,129,1024,16,796.875,-3.63516966e-07,-0.0766971882,15.6276287,0
parametric-eq,phase-interpolation,48000,129,1024,16,843.75,-2.44755019e-06,-0.0853833074,15.63003,0
parametric-eq,phase-interpolation,48000,129,1024,16,890.625,-4.33090881e-06,-0.0926991838,15.6348397,0
parametric-eq,phase-interpolation,48000,129,1024,16,937.5,-4.78850591e-06,-0.0983786901,15.6427868,0
parametric-eq,phase-interpolation,48000,129,1024,16,984.375,-3.37310619e-06,-0.102389569,15.6516793,0
parametric-eq,phase-interpolation,48000,129,1024,16,1031.25,-7.87992184e-07,-0.104885564,15.6569475,0
parametric-eq,phase-interpolation,48000,129,1024,16,1078.125,1.42686665e-06,-0.10607398,15.6532972,0
parametric-eq,phase-interpolation,48000,129,1024,16,1125,1.78191371e-06,-0.106054023,15.6367976,0
parametric-eq,phase-interpolation,48000,129,1024,16,1171.875,-1.91028239e-07,-0.104698558,15.6064835,0
parametric-eq,phase-interpolation,48000,129,1024,16,1218.75,-3.48869958e-06,-0.101637532,15.5647031,0
parametric-eq,phase-interpolation,48000,129,1024,16,1265.625,-6.04949083e-06,-0.0963594687,15.515939,0
parametric-eq,phase-interpolation,48000,129,1024,16,1312.5,-5.82037448e-06,-0.088394369,15.464505,0
parametric-eq,phase-interpolation,48000,129,1024,16,1359.375,-1.68058645e-06,-0.0774999323,15.4120768,0
parametric-eq,phase-interpolation,48000,129,1024,16,1406.25,6.94501598e-06,-0.063763782,15.3561885,0
parametric-eq,phase-interpolation,48000,129,1024,16,1453.125,2.30449825e-05,-0.0475654998,15.2904719,0
parametric-eq,phase-interpolation,48000,129,1024,16,1500,5.88798838e-05,-0.0294027714,15.2066397,0
parametric-eq,phase-interpolation,48000,129,1024,16,1546.875,0.000148562119,-0.00964880659,15.0973768,0
parametric-eq,phase-interpolation,48000,129,1024,16,1593.75,0.000369491928,0.0116570263,14.9588098,0
parametric-eq,phase-interpolation,48000,129,1024,16,1640.625,0.000877883735,0.034895446,14.7913235,0
parametric-eq,phase-interpolation,48000,129,1024,16,1687.5,0.0019658269,0.0607976642,14.5981796,0
parametric-eq,phase-interpolation,48000,129,1024,16,1734.375,0.00414842236,0.0902676829,14.3824251,0
parametric-eq,phase-interpolation,48000,129,1024,16,1781.25,0.00828818364,0.124212885,14.1435431,0
parametric-eq,phase-interpolation,48000,129,1024,16,1828.125,0.0157592335,0.163520537,13.8757191,1.00078382
parametric-eq,phase-interpolation,48000,129,1024,16,1875,0.0286459369,0.20927228,13.5691616,1.00171926
parametric-eq,phase-interpolation,48000,129,1024,16,1921.875,0.0499604709,0.263187292,13.2146963,1.00355647
parametric-eq,phase-interpolation,48000,129,1024,16,1968.75,0.0838528187,0.328167935,12.8103601,1.00696686
parametric-eq,phase-interpolation,48000,129,1024,16,2015.625,0.135775804,0.408741254,12.3676148,1.0129755
parametric-eq,phase-interpolation,48000,129,1024,16,2062.5,0.212557349,0.511185887,11.914571,1.02306631
parametric-eq,phase-interpolation,48000,129,1024,16,2109.375,0.322322373,0.643220259,11.4945103,1.03929061
parametric-eq,phase-interpolation,48000,129,1024,16,2156.25,0.474199843,0.813281766,11.1599115,1.06438007
parametric-eq,phase-interpolation,48000,129,1024,16,2203.125,0.67775312,1.02958309,10.9644586,1.10187377
parametric-eq,phase-interpolation,48000,129,1024,16,2250,0.942096207,1.29919702,10.9566643,1.15627778
parametric-eq,phase-interpolation,48000,129,1024,16,2296.875,1.27471803,1.62733188,11.1773691,1.23327628
parametric-eq,phase-interpolation,48000,129,1024,16,2343.75,1.68013384,2.01676361,11.6598163,1.33999996
parametric-eq,phase-interpolation,48000,129,1024,16,2390.625,2.15859353,2.46725328,12.4281007,1.485322
parametric-eq,phase-interpolation,48000,129,1024,16,2437.5,2.7051489,2.97485465,13.4907532,1.68008744
parametric-eq,phase-interpolation,48000,129,1024,16,2484.375,3.3093565,3.53128062,14.831096,1.9370829
parametric-eq,phase-interpolation,48000,129,1024,16,2531.25,3.95575134,4.12371893,16.400628,2.27042586
parametric-eq,phase-interpolation,48000,129,1024,16,2578.125,4.62501678,4.73542916,18.1213613,2.69393556
parametric-eq,phase-interpolation,48000,129,1024,16,2625,5.29559324,5.34711837,19.8975932,3.21803963
parametric-eq,phase-interpolation,48000,129,1024,16,2671.875,5.94539149,5.93873217,21.6319051,3.84503744
parametric-eq,phase-interpolation,48000,129,1024,16,2718.75,6.5533206,6.49116831,23.2387849,4.56324306
parametric-eq,phase-interpolation,48000,129,1024,16,2765.625,7.10045845,6.98755206,24.6520829,5.34163836
parametric-eq,phase-interpolation,48000,129,1024,16,2812.5,7.57082025,7.4139584,25.8262891,6.12772374
parametric-eq,phase-interpolation,48000,129,1024,16,2859.375,7.95177226,7.75966111,26.7338096,6.85136693
parametric-eq,phase-interpolation,48000,129,1024,16,2906.25,8.23418069,8.01707566,27.3607133,7.43580626
parametric-eq,phase-interpolation,48000,129,1024,16,2953.125,8.41239003,8.18155949,27.7026998,7.81374097
parametric-eq,phase-interpolation,48000,129,1024,16,3000,8.48410625,8.25118894,27.7621879,7.94328235
parametric-eq,phase-interpolation,48000,129,1024,16,3046.875,8.45023363,8.22657978,27.5468133,7.81767985
parametric-eq,phase-interpolation,48000,129,1024,16,3093.75,8.31468663,8.11077238,27.0692826,7.4651635
parametric-eq,phase-interpolation,48000,129,1024,16,3140.625,8.0841761,7.90916611,26.3483269,6.93961997
parametric-eq,phase-interpolation,48000,129,1024,16,3187.5,7.76795251,7.62945719,25.4103217,6.30645232
parametric-eq,phase-interpolation,48000,129,1024,16,3234.375,7.37747997,7.2815104,24.2908924,5.62894446
parametric-eq,phase-interpolation,48000,129,1024,16,3281.25,6.92601502,6.87708341,23.0355678,4.95886024
parametric-eq,phase-interpolation,48000,129,1024,16,3328.125,6.42807445,6.42933536,21.6984278,4.33239286
parametric-eq,phase-interpolation,48000,129,1024,16,3375,5.8987975,5.95210187,20.3380291,3.7705025
parametric-eq,phase-interpolation,48000,129,1024,16,3421.875,5.35323549,5.45900759,19.0108991,3.2818013
parametric-eq,phase-interpolation,48000,129,1024,16,3468.75,4.80563021,4.96258542,17.7643571,2.86627174
parametric-eq,phase-interpolation,48000,129,1024,16,3515.625,4.26875966,4.47361937,16.6314767,2.51869932
parametric-eq,phase-interpolation,48000,129,1024,16,3562.5,3.7534283,4.00087093,15.6305631,2.23131642
parametric-eq,phase-interpolation,48000,129,1024,16,3609.375,3.26815595,3.5511875,14.7692951,1.99558181
parametric-eq,phase-interpolation,48000,129,1024,16,3656.25,2.81908171,3.12981281,14.0509134,1.80323519
parametric-eq,phase-interpolation,48000,129,1024,16,3703.125,2.4100602,2.7406414,13.4785062,1.64683073
parametric-eq,phase-interpolation,48000,129,1024,16,3750,2.04290086,2.38624542,13.0547245,1.51993678
parametric-eq,phase-interpolation,48000,129,1024,16,3796.875,1.71769215,2.06770358,12.7774512,1.41714408
parametric-eq,phase-interpolation,48000,129,1024,16,3843.75,1.43315947,1.78444321,12.6348924,1.33397795
parametric-eq,phase-interpolation,48000,129,1024,16,3890.625,1.18701926,1.53433979,12.6041639,1.26677272
parametric-eq,phase-interpolation,48000,129,1024,16,3937.5,0.976305773,1.31417637,12.6551863,1.21254063
parametric-eq,phase-interpolation,48000,129,1024,16,3984.375,0.797656013,1.12034524,12.7582465,1.16885118
parametric-eq,phase-interpolation,48000,129,1024,16,4031.25,0.647545018,0.949524194,12.8913367,1.13372709
parametric-eq,phase-interpolation,48000,129,1024,16,4078.125,0.522467951,0.79906877,13.0436625,1.10555798
parametric-eq,phase-interpolation,48000,129,1024,16,4125,0.419070441,0.667009951,13.2139492,1.08303036
parametric-eq,phase-interpolation,48000,129,1024,16,4171.875,0.334233078,0.551740296,13.404878,1.06507144
parametric-eq,phase-interpolation,48000,129,1024,16,4218.75,0.265119105,0.451607945,13.6167565,1.05080437
parametric-eq,phase-interpolation,48000,129,1024,16,4265.625,0.209195306,0.364655458,13.8436317,1.03951245
parametric-eq,phase-interpolation,48000,129,1024,16,4312.5,0.164234804,0.288639624,14.0735491,1.03061035
parametric-eq,phase-interpolation,48000,129,1024,16,4359.375,0.128308006,0.221309264,14.2924214,1.0236209
parametric-eq,phase-interpolation,48000,129,1024,16,4406.25,0.0997654667,0.160786413,14.4892304,1.01815608
parametric-eq,phase-interpolation,48000,129,1024,16,4453.125,0.0772149256,0.105854567,14.6598755,1.01390139
parametric-eq,phase-interpolation,48000,129,1024,16,4500,0.0594942996,0.0560146999,14.8078912,1.01060295
parametric-eq,phase-interpolation,48000,129,1024,16,4546.875,0.0456426379,0.0112866529,14.9418501,1.00805667
parametric-eq,phase-interpolation,48000,129,1024,16,4593.75,0.0348712323,-0.0281481938,15.0707868,1.00609927
parametric-eq,phase-interpolation,48000,129,1024,16,4640.625,0.0265368361,-0.0622992338,15.1998099,1.00460079
parametric-eq,phase-interpolation,48000,129,1024,16,4687.5,0.0201181863,-0.0915603767,15.3278913,1.00345826
parametric-eq,phase-interpolation,48000,129,1024,16,4734.375,0.0151960664,-0.116672517,15.4487236,1.00259058
parametric-eq,phase-interpolation,48000,129,1024,16,4781.25,0.0114363877,-0.138492852,15.5540485,1.00193417
parametric-eq,phase-interpolation,48000,129,1024,16,4828.125,0.00857549204,-0.157695648,15.6377557,1.00143945
parametric-eq,phase-interpolation,48000,129,1024,16,4875,0.00640707264,-0.174552154,15.6988184,1.00106794
parametric-eq,phase-interpolation,48000,129,1024,16,4921.875,0.00477054299,-0.188891873,15.741795,1.00078993
parametric-eq,phase-interpolation,48000,129,1024,16,4968.75,0.00354104641,-0.200259284,15.7747813,1.0005826
parametric-eq,phase-interpolation,48000,129,1024,16,5015.625,0.00262137843,-0.208190499,15.8058382,0
parametric-eq,phase-interpolation,48000,129,1024,16,5062.5,0.00193588419,-0.212482073,15.8395688,0
parametric-eq,phase-interpolation,48000,129,1024,16,5109.375,0.0014260509,-0.213331379,15.8754078,0
parametric-eq,phase-interpolation,48000,129,1024,16,5156.25,0.00104725829,-0.211290522,15.908349,0
parametric-eq,phase-interpolation,48000,129,1024,16,5203.125,0.000766119664,-0.207063293,15.9316771,0
parametric-eq,phase-interpolation,48000,129,1024,16,5250,0.00055804276,-0.201244989,15.9403643,0
parametric-eq,phase-interpolation,48000,129,1024,16,5296.875,0.000404936919,-0.19412601,15.9335596,0
parametric-eq,phase-interpolation,48000,129,1024,16,5343.75,0.000293224389,-0.185645606,15.915092,0
parametric-eq,phase-interpolation,48000,129,1024,16,5390.625,0.000212369276,-0.175510843,15.8918356,0
parametric-eq,phase-interpolation,48000,129,1024,16,5437.5,0.000154017249,-0.163420961,15.8707422,0
parametric-eq,phase-interpolation,48000,129,1024,16,5484.375,0.000111639432,-0.149291301,15.855921,0
parametric-eq,phase-interpolation,48000,129,1024,16,5531.25,8.04233579e-05,-0.133373971,15.8470974,0
parametric-eq,phase-interpolation,48000,129,1024,16,5578.125,5.71376127e-05,-0.11622248,15.840118,0
parametric-eq,phase-interpolation,48000,129,1024,16,5625,3.98146114e-05,-0.0985207891,15.8291995,0
parametric-eq,phase-interpolation,48000,129,1024,16,5671.875,2.7271828e-05,-0.0808585703,15.8098302,0
parametric-eq,phase-interpolation,48000,129,1024,16,5718.75,1.86245961e-05,-0.0635558114,15.7809827,0
parametric-eq,phase-interpolation,48000,129,1024,16,5765.625,1.29662919e-05,-0.0466137141,15.7456651,0
parametric-eq,phase-interpolation,48000,129,1024,16,5812.5,9.30514663e-06,-0.029809372,15.70962,0
parametric-eq,phase-interpolation,48000,129,1024,16,5859.375,6.71253498e-06,-0.0128865626,15.6788054,0
parametric-eq,phase-interpolation,48000,129,1024,16,5906.25,4.53697924e-06,0.00424716896,15.6568295,0
parametric-eq,phase-interpolation,48000,129,1024,16,5953.125,2.52565233e-06,0.0214076922,15.6435116,0
parametric-eq,phase-interpolation,48000,129,1024,16,6000,7.70282457e-07,0.0381555346,15.6352015,0
parametric-eq,phase-interpolation,48000,129,1024,16,6046.875,-4.92745686e-07,0.0539380938,15.6266611,0
parametric-eq,phase-interpolation,48000,129,1024,16,6093.75,-1.11411178e-06,0.0682846672,15.6135994,0
parametric-eq,phase-interpolation,48000,129,1024,16,6140.625,-1.16998813e-06,0.0809642594,15.5946877,0
parametric-eq,phase-interpolation,48000,129,1024,16,6187.5,-9.43375276e-07,0.092035883,15.5721623,0
parametric-eq,phase-interpolation,48000,129,1024,16,6234.375,-7.77139614e-07,0.101771635,15.5507844,0
parametric-eq,phase-interpolation,48000,129,1024,16,6281.25,-8.96366391e-07,0.110490682,15.5356642,0
parametric-eq,phase-interpolation,48000,129,1024,16,6328.125,-1.30583066e-06,0.11838177,15.5299625,0
parametric-eq,phase-interpolation,48000,129,1024,16,6375,-1.81638466e-06,0.125395566,15.5335218,0
parametric-eq,phase-interpolation,48000,129,1024,16,6421.875,-2.17615601e-06,0.131254539,15.5430377,0
parametric-eq,phase-interpolation,48000,129,1024,16,6468.75,-2.22467635e-06,0.135573012,15.5536552,0
parametric-eq,phase-interpolation,48000,129,1024,16,6515.625,-1.98133658e-06,0.138029688,15.561222,0
parametric-eq,phase-interpolation,48000,129,1024,16,6562.5,-1.6235596e-06,0.138512578,15.5641557,0
parametric-eq,phase-interpolation,48000,129,1024,16,6609.375,-1.37590999e-06,0.137170986,15.5640891,0
parametric-eq,phase-interpolation,48000,129,1024,16,6656.25,-1.38011916e-06,0.134352904,15.5650339,0
parametric-eq,phase-interpolation,48000,129,1024,16,6703.125,-1.62145071e-06,0.130458409,15.5714693,0
parametric-eq,phase-interpolation,48000,129,1024,16,6750,-1.94918394e-06,0.125777207,15.5862433,0
parametric-eq,phase-interpolation,48000,129,1024,16,6796.875,-2.17277611e-06,0.120384588,15.6092497,0
parametric-eq,phase-interpolation,48000,129,1024,16,6843.75,-2.17364722e-06,0.114142102,15.6374762,0
parametric-eq,phase-interpolation,48000,129,1024,16,6890.625,-1.96798146e-06,0.106800309,15.6663744,0
parametric-eq,phase-interpolation,48000,129,1024,16,6937.5,-1.68833822e-06,0.0981541647,15.6918962,0
parametric-eq,phase-interpolation,48000,129,1024,16,6984.375,-1.50022201e-06,0.0881787189,15.7122517,0
parametric-eq,phase-interpolation,48000,129,1024,16,7031.25,-1.50556353e-06,0.0770834315,15.7286009,0
parametric-eq,phase-interpolation,48000,129,1024,16,7078.125,-1.68891393e-06,0.0652615839,15.7443877,0
parametric-eq,phase-interpolation,48000,129,1024,16,7125,-1.93408442e-06,0.053159149,15.7636408,0
parametric-eq,phase-interpolation,48000,129,1024,16,7171.875,-2.09706353e-06,0.0411236343,15.7890294,0
parametric-eq,phase-interpolation,48000,129,1024,16,7218.75,-2.09000245e-06,0.0293017512,15.8205657,0
parametric-eq,phase-interpolation,48000,129,1024,16,7265.625,-1.92774517e-06,0.017631495,15.8555418,0
parametric-eq,phase-interpolation,48000,129,1024,16,7312.5,-1.71283905e-06,0.00593020096,15.8897103,0
parametric-eq,phase-interpolation,48000,129,1024,16,7359.375,-1.57149858e-06,-0.00596388325,15.9191457,0
parametric-eq,phase-interpolation,48000,129,1024,16,7406.25,-1.58009583e-06,-0.0180625467,15.9419248,0
parametric-eq,phase-interpolation,48000,129,1024,16,7453.125,-1.72464066e-06,-0.0301700569,15.9588708,0
parametric-eq,phase-interpolation,48000,129,1024,16,7500,-1.91428714e-06,-0.0419225596,15.9730409,0
parametric-eq,phase-interpolation,48000,129,1024,16,7546.875,-2.0378532e-06,-0.052905621,15.9882101,0
parametric-eq,phase-interpolation,48000,129,1024,16,7593.75,-2.02853059e-06,-0.0627959026,16.0070529,0
parametric-eq,phase-interpolation,48000,129,1024,16,7640.625,-1.89941116e-06,-0.0714625477,16.0298559,0
parametric-eq,phase-interpolation,48000,129,1024,16,7687.5,-1.73131789e-06,-0.0789829673,16.0543465,0
parametric-eq,phase-interpolation,48000,129,1024,16,7734.375,-1.62269428e-06,-0.0855674866,16.0767015,0
parametric-eq,phase-interpolation,48000,129,1024,16,7781.25,-1.63234489e-06,-0.0914290767,16.0932541,0
parametric-eq,phase-interpolation,48000,129,1024,16,7828.125,-1.74809674e-06,-0.0966587231,16.1021096,0
parametric-eq,phase-interpolation,48000,129,1024,16,7875,-1.89777011e-06,-0.101163204,16.1039416,0
parametric-eq,phase-interpolation,48000,129,1024,16,7921.875,-1.99379529e-06,-0.104692722,16.1016217,0
parametric-eq,phase-interpolation,48000,129,1024,16,7968.75,-1.98412348e-06,-0.106944736,16.0988676,0
parametric-eq,phase-interpolation,48000,129,1024,16,8015.625,-1.88002739e-06,-0.107695919,16.0985347,0
parametric-eq,phase-interpolation,48000,129,1024,16,8062.5,-1.74620223e-06,-0.106901822,16.1013316,0
parametric-eq,phase-interpolation,48000,129,1024,16,8109.375,-1.66088347e-06,-0.104719127,16.105544,0
parametric-eq,phase-interpolation,48000,129,1024,16,8156.25,-1.67037939e-06,-0.101441276,16.1078787,0
parametric-eq,phase-interpolation,48000,129,1024,16,8203.125,-1.76428104e-06,-0.0973779565,16.1050237,0
parametric-eq,phase-interpolation,48000,129,1024,16,8250,-1.8844039e-06,-0.0927339333,16.0951999,0
parametric-eq,phase-interpolation,48000,129,1024,16,8296.875,-1.96056966e-06,-0.0875419373,16.079002,0
parametric-eq,phase-interpolation,48000,129,1024,16,8343.75,-1.95138011e-06,-0.0816788566,16.0591587,0
parametric-eq,phase-interpolation,48000,129,1024,16,8390.625,-1.86642816e-06,-0.0749563197,16.0393337,0
parametric-eq,phase-interpolation,48000,129,1024,16,8437.5,-1.75821121e-06,-0.0672431524,16.0225231,0
parametric-eq,phase-interpolation,48000,129,1024,16,8484.375,-1.68991721e-06,-0.0585631041,16.0097798,0
parametric-eq,phase-interpolation,48000,129,1024,16,8531.25,-1.69871931e-06,-0.0491230844,15.9998454,0
parametric-eq,phase-interpolation,48000,129,1024,16,8578.125,-1.77578759e-06,-0.0392594421,15.9898444,0
parametric-eq,phase-interpolation,48000,129,1024,16,8625,-1.87361214e-06,-0.0293274881,15.9767066,0
parametric-eq,phase-interpolation,48000,129,1024,16,8671.875,-1.93509902e-06,-0.0195849479,15.958656,0
parametric-eq,phase-interpolation,48000,129,1024,16,8718.75,-1.92673133e-06,-0.0101219083,15.9360882,0
parametric-eq,phase-interpolation,48000,129,1024,16,8765.625,-1.85663073e-06,-0.00086788376,15.9114482,0
parametric-eq,phase-interpolation,48000,129,1024,16,8812.5,-1.76791677e-06,0.00832871105,15.8881769,0
parametric-eq,phase-interpolation,48000,129,1024,16,8859.375,-1.71234693e-06,0.0175861425,15.8692131,0
parametric-eq,phase-interpolation,48000,129,1024,16,8906.25,-1.7202573e-06,0.0268929502,15.8557372,0
parametric-eq,phase-interpolation,48000,129,1024,16,8953.125,-1.78418026e-06,0.0360737514,15.8467293,0
parametric-eq,phase-interpolation,48000,129,1024,16,9000,-1.86487472e-06,0.0448324699,15.8395331,0
parametric-eq,phase-interpolation,48000,129,1024,16,9046.875,-1.91527615e-06,0.0528525164,15.8311542,0
parametric-eq,phase-interpolation,48000,129,1024,16,9093.75,-1.90782937e-06,0.0599076963,15.8196863,0
parametric-eq,phase-interpolation,48000,129,1024,16,9140.625,-1.84940028e-06,0.0659334514,15.8052167,0
parametric-eq,phase-interpolation,48000,129,1024,16,9187.5,-1.77579207e-06,0.0710268068,15.789807,0
parametric-eq,phase-interpolation,48000,129,1024,16,9234.375,-1.72992589e-06,0.0753761156,15.7765691,0
parametric-eq,phase-interpolation,48000,129,1024,16,9281.25,-1.73691421e-06,0.0791535231,15.7682654,0
parametric-eq,phase-interpolation,48000,129,1024,16,9328.125,-1.79044326e-06,0.0824197158,15.7660761,0
parametric-eq,phase-interpolation,48000,129,1024,16,9375,-1.85776705e-06,0.0850844632,15.7690955,0
parametric-eq,phase-interpolation,48000,129,1024,16,9421.875,-1.89963635e-06,0.0869404515,15.7747827,0
parametric-eq,phase-interpolation,48000,129,1024,16,9468.75,-1.89309375e-06,0.0877540802,15.7801467,0
parametric-eq,phase-interpolation,48000,129,1024,16,9515.625,-1.84394727e-06,0.0873710175,15.7831149,0
parametric-eq,phase-interpolation,48000,129,1024,16,9562.5,-1.78221603e-06,0.0857881639,15.783459,0
parametric-eq,phase-interpolation,48000,129,1024,16,9609.375,-1.74388356e-06,0.0831596003,15.7828648,0
parametric-eq,phase-interpolation,48000,129,1024,16,9656.25,-1.74999813e-06,0.0797344403,15.7841224,0
parametric-eq,phase-interpolation,48000,129,1024,16,9703.125,-1.79521436e-06,0.0757554445,15.7898145,0
parametric-eq,phase-interpolation,48000,129,1024,16,9750,-1.85195249e-06,0.0713648857,15.8011045,0
parametric-eq,phase-interpolation,48000,129,1024,16,9796.875,-1.88714312e-06,0.0665604867,15.8171792,0
parametric-eq,phase-interpolation,48000,129,1024,16,9843.75,-1.88143589e-06,0.0612209392,15.8355966,0
parametric-eq,phase-interpolation,48000,129,1024,16,9890.625,-1.83975329e-06,0.0551883893,15.8533698,0
parametric-eq,phase-interpolation,48000,129,1024,16,9937.5,-1.7874869e-06,0.048369316,15.8682833,0
parametric-eq,phase-interpolation,48000,129,1024,16,9984.375,-1.75509747e-06,0.040807313,15.8798379,0
parametric-eq,phase-interpolation,48000,129,1024,16,10031.25,-1.7604197e-06,0.0326946325,15.8894019,0
parametric-eq,phase-interpolation,48000,129,1024,16,10078.125,-1.79891745e-06,0.0243175096,15.8995065,0
parametric-eq,phase-interpolation,48000,129,1024,16,10125,-1.84716721e-06,0.0159604069,15.9126139,0
parametric-eq,phase-interpolation,48000,129,1024,16,10171.875,-1.87705049e-06,0.00781285166,15.9299241,0
parametric-eq,phase-interpolation,48000,129,1024,16,10218.75,-1.87209026e-06,-7.89220971e-05,15.9507663,0
parametric-eq,phase-interpolation,48000,129,1024,16,10265.625,-1.83646973e-06,-0.00779412481,15.9728507,0
parametric-eq,phase-interpolation,48000,129,1024,16,10312.5,-1.79183793e-06,-0.0154624977,15.9932588,0
parametric-eq,phase-interpolation,48000,129,1024,16,10359.375,-1.76420424e-06,-0.0231674989,16.00971,0
parametric-eq,phase-interpolation,48000,129,1024,16,10406.25,-1.76882549e-06,-0.0308723346,16.0215271,0
parametric-eq,phase-interpolation,48000,129,1024,16,10453.125,-1.80184082e-06,-0.0384026609,16.0298643,0
parametric-eq,phase-interpolation,48000,129,1024,16,10500,-1.84320507e-06,-0.04549369,16.0371034,0
parametric-eq,phase-interpolation,48000,129,1024,16,10546.875,-1.86881313e-06,-0.0518801078,16.0456983,0
parametric-eq,phase-interpolation,48000,129,1024,16,10593.75,-1.86450831e-06,-0.0573878365,16.056999,0
parametric-eq,phase-interpolation,48000,129,1024,16,10640.625,-1.83385696e-06,-0.0619860305,16.0705925,0
parametric-eq,phase-interpolation,48000,129,1024,16,10687.5,-1.79545132e-06,-0.0657761211,16.0844618,0
parametric-eq,phase-interpolation,48000,129,1024,16,10734.375,-1.77167266e-06,-0.0689237032,16.0958812,0
parametric-eq,phase-interpolation,48000,129,1024,16,10781.25,-1.77568287e-06,-0.0715651168,16.1026331,0
parametric-eq,phase-interpolation,48000,129,1024,16,10828.125,-1.80418464e-06,-0.0737317165,16.1039886,0
parametric-eq,phase-interpolation,48000,129,1024,16,10875,-1.83990488e-06,-0.0753262539,16.1010085,0
parametric-eq,phase-interpolation,48000,129,1024,16,10921.875,-1.86202665e-06,-0.0761617445,16.0960359,0
parametric-eq,phase-interpolation,48000,129,1024,16,10968.75,-1.85829023e-06,-0.0760447005,16.0916164,0
parametric-eq,phase-interpolation,48000,129,1024,16,11015.625,-1.83174696e-06,-0.0748644961,16.0893402,0
parametric-eq,phase-interpolation,48000,129,1024,16,11062.5,-1.7984698e-06,-0.0726479969,16.0891367,0
parametric-eq,phase-interpolation,48000,129,1024,16,11109.375,-1.77785275e-06,-0.0695546682,16.0893407,0
parametric-eq,phase-interpolation,48000,129,1024,16,11156.25,-1.78133516e-06,-0.0658147691,16.0874926,0
parametric-eq,phase-interpolation,48000,129,1024,16,11203.125,-1.80609058e-06,-0.0616392041,16.0815004,0
parametric-eq,phase-interpolation,48000,129,1024,16,11250,-1.83714016e-06,-0.0571421803,16.070628,0
parametric-eq,phase-interpolation,48000,129,1024,16,11296.875,-1.85638715e-06,-0.0523114929,16.0558629,0
parametric-eq,phase-interpolation,48000,129,1024,16,11343.75,-1.85314011e-06,-0.0470392506,16.0395021,0
parametric-eq,phase-interpolation,48000,129,1024,16,11390.625,-1.83001974e-06,-0.0411982808,16.0241491,0
parametric-eq,phase-interpolation,48000,129,1024,16,11437.5,-1.80100559e-06,-0.0347287517,16.011581,0
parametric-eq,phase-interpolation,48000,129,1024,16,11484.375,-1.78300915e-06,-0.0276950704,16.0020043,0
parametric-eq,phase-interpolation,48000,129,1024,16,11531.25,-1.78603833e-06,-0.0202869322,15.9940362,0
parametric-eq,phase-interpolation,48000,129,1024,16,11578.125,-1.80766071e-06,-0.0127641533,15.9854137,0
parametric-eq,phase-interpolation,48000,129,1024,16,11625,-1.83481122e-06,-0.00537064573,15.9740979,0
parametric-eq,phase-interpolation,48000,129,1024,16,11671.875,-1.85166348e-06,0.00174328973,15.959265,0
parametric-eq,phase-interpolation,48000,129,1024,16,11718.75,-1.84883579e-06,0.00855539196,15.9417342,0
parametric-eq,phase-interpolation,48000,129,1024,16,11765.625,-1.82858817e-06,0.0151476416,15.9236428,0
parametric-eq,phase-interpolation,48000,129,1024,16,11812.5,-1.80314737e-06,0.0216358578,15.9075208,0
parametric-eq,phase-interpolation,48000,129,1024,16,11859.375,-1.78734433e-06,0.0280854312,15.8951903,0
parametric-eq,phase-interpolation,48000,129,1024,16,11906.25,-1.78998582e-06,0.0344520663,15.8869924,0
parametric-eq,phase-interpolation,48000,129,1024,16,11953.125,-1.80896969e-06,0.0405747308,15.8816938,0
parametric-eq,phase-interpolation,48000,129,1024,16,12000,-1.83283904e-06,0.0462238781,15.877111,0
parametric-eq,phase-interpolation,48000,129,1024,16,12046.875,-1.84767783e-06,0.0511826441,15.8711578,0
parametric-eq,phase-interpolation,48000,129,1024,16,12093.75,-1.84520832e-06,0.0553238461,15.8628352,0
parametric-eq,phase-interpolation,48000,129,1024,16,12140.625,-1.82738799e-06,0.0586478872,15.8527114,0
parametric-eq,phase-interpolation,48000,129,1024,16,12187.5,-1.80496563e-06,0.061264767,15.8426795,0
parametric-eq,phase-interpolation,48000,129,1024,16,12234.375,-1.79101487e-06,0.0633289298,15.8351072,0
parametric-eq,phase-interpolation,48000,129,1024,16,12281.25,-1.79332562e-06,0.0649570877,15.8317696,0
parametric-eq,phase-interpolation,48000,129,1024,16,12328.125,-1.81007303e-06,0.0661667601,15.833054,0
parametric-eq,phase-interpolation,48000,129,1024,16,12375,-1.83116067e-06,0.0668635852,15.8377996,0
parametric-eq,phase-interpolation,48000,129,1024,16,12421.875,-1.84429195e-06,0.0668829015,15.8438423,0
parametric-eq,phase-interpolation,48000,129,1024,16,12468.75,-1.8421277e-06,0.0660661569,15.8490082,0
parametric-eq,phase-interpolation,48000,129,1024,16,12515.625,-1.8263711e-06,0.0643369142,15.8520984,0
parametric-eq,phase-interpolation,48000,129,1024,16,12562.5,-1.80651669e-06,0.061741714,15.8534159,0
parametric-eq,phase-interpolation,48000,129,1024,16,12609.375,-1.7941431e-06,0.0584373415,15.8545993,0
parametric-eq,phase-interpolation,48000,129,1024,16,12656.25,-1.79617225e-06,0.0546305428,15.8578429,0
parametric-eq,phase-interpolation,48000,129,1024,16,12703.125,-1.81101254e-06,0.0504978555,15.8648622,0
parametric-eq,phase-interpolation,48000,129,1024,16,12750,-1.82972563e-06,0.0461221685,15.8760789,0
parametric-eq,phase-interpolation,48000,129,1024,16,12796.875,-1.84139736e-06,0.0414748051,15.8903987,0
parametric-eq,phase-interpolation,48000,129,1024,16,12843.75,-1.83949276e-06,0.0364508864,15.9056812,0
parametric-eq,phase-interpolation,48000,129,1024,16,12890.625,-1.82550103e-06,0.0309412326,15.9196808,0
parametric-eq,phase-interpolation,48000,129,1024,16,12937.5,-1.80784585e-06,0.0249074488,15.9310266,0
parametric-eq,phase-interpolation,48000,129,1024,16,12984.375,-1.79682546e-06,0.0184256563,15.9397927,0
parametric-eq,phase-interpolation,48000,129,1024,16,13031.25,-1.79861528e-06,0.0116788681,15.9474048,0
parametric-eq,phase-interpolation,48000,129,1024,16,13078.125,-1.81182013e-06,0.00490150205,15.9559282,0
parametric-eq,phase-interpolation,48000,129,1024,16,13125,-1.82849323e-06,-0.00169869895,15.9670655,0
parametric-eq,phase-interpolation,48000,129,1024,16,13171.875,-1.83890812e-06,-0.00800584474,15.9813236,0
parametric-eq,phase-interpolation,48000,129,1024,16,13218.75,-1.837224e-06,-0.0140187031,15.9977315,0
parametric-eq,phase-interpolation,48000,129,1024,16,13265.625,-1.82474978e-06,-0.0198212081,16.014237,0
parametric-eq,phase-interpolation,48000,129,1024,16,13312.5,-1.80898972e-06,-0.0255147748,16.0285952,0
parametric-eq,phase-interpolation,48000,129,1024,16,13359.375,-1.79913866e-06,-0.0311438953,16.0393417,0
parametric-eq,phase-interpolation,48000,129,1024,16,13406.25,-1.80072547e-06,-0.0366493049,16.0464048,0
parametric-eq,phase-interpolation,48000,129,1024,16,13453.125,-1.81252046e-06,-0.0418701786,16.0510825,0
parametric-eq,phase-interpolation,48000,129,1024,16,13500,-1.82743047e-06,-0.0465943706,16.0553987,0
parametric-eq,phase-interpolation,48000,129,1024,16,13546.875,-1.83675562e-06,-0.0506338154,16.0611334,0
parametric-eq,phase-interpolation,48000,129,1024,16,13593.75,-1.83525836e-06,-0.0538907887,16.068974,0
parametric-eq,phase-interpolation,48000,129,1024,16,13640.625,-1.82409558e-06,-0.056384975,16.0781734,0
parametric-eq,phase-interpolation,48000,129,1024,16,13687.5,-1.80997806e-06,-0.0582293358,16.086872,0
parametric-eq,phase-interpolation,48000,129,1024,16,13734.375,-1.80114423e-06,-0.0595662562,16.0929314,0
parametric-eq,phase-interpolation,48000,129,1024,16,13781.25,-1.80255917e-06,-0.0604935105,16.0948952,0
parametric-eq,phase-interpolation,48000,129,1024,16,13828.125,-1.8131328e-06,-0.0610139662,16.0926389,0
parametric-eq,phase-interpolation,48000,129,1024,16,13875,-1.82651047e-06,-0.0610318494,16.087415,0
parametric-eq,phase-interpolation,48000,129,1024,16,13921.875,-1.8348846e-06,-0.0603970363,16.0812763,0
parametric-eq,phase-interpolation,48000,129,1024,16,13968.75,-1.83354531e-06,-0.0589769367,16.0761431,0
parametric-eq,phase-interpolation,48000,129,1024,16,14015.625,-1.82352132e-06,-0.0567229892,16.07294,0
parametric-eq,phase-interpolation,48000,129,1024,16,14062.5,-1.81083522e-06,-0.0537013155,16.0711977,0
parametric-eq,phase-interpolation,48000,129,1024,16,14109.375,-1.80289185e-06,-0.0500735732,16.0693003,0
parametric-eq,phase-interpolation,48000,129,1024,16,14156.25,-1.80416171e-06,-0.0460369021,16.0652593,0
parametric-eq,phase-interpolation,48000,129,1024,16,14203.125,-1.81367236e-06,-0.041750478,16.0576572,0
parametric-eq,phase-interpolation,48000,129,1024,16,14250,-1.82571118e-06,-0.0372820615,16.0463289,0
parametric-eq,phase-interpolation,48000,129,1024,16,14296.875,-1.83325029e-06,-0.0325985436,16.0324718,0
parametric-eq,phase-interpolation,48000,129,1024,16,14343.75,-1.83204413e-06,-0.0276042969,16.0181372,0
parametric-eq,phase-interpolation,48000,129,1024,16,14390.625,-1.82301342e-06,-0.0222093486,16.0053377,0
parametric-eq,phase-interpolation,48000,129,1024,16,14437.5,-1.81158118e-06,-0.0163958486,15.9951776,0
parametric-eq,phase-interpolation,48000,129,1024,16,14484.375,-1.80442197e-06,-0.0102521728,15.9874044,0
parametric-eq,phase-interpolation,48000,129,1024,16,14531.25,-1.80556979e-06,-0.00395893585,15.9805842,0
parametric-eq,phase-interpolation,48000,129,1024,16,14578.125,-1.8141513e-06,0.0022667003,15.9728165,0
parametric-eq,phase-interpolation,48000,129,1024,16,14625,-1.82501444e-06,0.00824298767,15.9626572,0
parametric-eq,phase-interpolation,48000,129,1024,16,14671.875,-1.83181612e-06,0.013879147,15.9498261,0
parametric-eq,phase-interpolation,48000,129,1024,16,14718.75,-1.83072168e-06,0.0191895593,15.9353783,0
parametric-eq,phase-interpolation,48000,129,1024,16,14765.625,-1.822561e-06,0.0242606214,15.9212639,0
parametric-eq,phase-interpolation,48000,129,1024,16,14812.5,-1.81223245e-06,0.0291858695,15.9094788,0
parametric-eq,phase-interpolation,48000,129,1024,16,14859.375,-1.8057677e-06,0.0339993807,15.9011957,0
parametric-eq,phase-interpolation,48000,129,1024,16,14906.25,-1.80681338e-06,0.0386381434,15.8962717,0
parametric-eq,phase-interpolation,48000,129,1024,16,14953.125,-1.81457941e-06,0.0429506966,15.8933589,0
parametric-eq,phase-interpolation,48000,129,1024,16,15000,-1.82440522e-06,0.0467480178,15.8905603,0
parametric-eq,phase-interpolation,48000,129,1024,16,15046.875,-1.83055202e-06,0.0498732954,15.886331,0
parametric-eq,phase-interpolation,48000,129,1024,16,15093.75,-1.82955081e-06,0.0522587262,15.8802068,0
parametric-eq,phase-interpolation,48000,129,1024,16,15140.625,-1.82215523e-06,0.0539436092,15.8730331,0
parametric-eq,phase-interpolation,48000,129,1024,16,15187.5,-1.81280272e-06,0.0550457772,15.8665893,0
parametric-eq,phase-interpolation,48000,129,1024,16,15234.375,-1.80695636e-06,0.0556996918,15.862784,0
parametric-eq,phase-interpolation,48000,129,1024,16,15281.25,-1.8079171e-06,0.0559896791,15.8627893,0
parametric-eq,phase-interpolation,48000,129,1024,16,15328.125,-1.81496463e-06,0.0559089181,15.8665109,0
parametric-eq,phase-interpolation,48000,129,1024,16,15375,-1.82387104e-06,0.055362883,15.8726358,0
parametric-eq,phase-interpolation,48000,129,1024,16,15421.875,-1.82943316e-06,0.0542154503,15.8792336,0
parametric-eq,phase-interpolation,48000,129,1024,16,15468.75,-1.82850915e-06,0.0523563128,15.8846325,0
parametric-eq,phase-interpolation,48000,129,1024,16,15515.625,-1.82178891e-06,0.0497587042,15.8881682,0
parametric-eq,phase-interpolation,48000,129,1024,16,15562.5,-1.81330342e-06,0.0465010418,15.8904641,0
parametric-eq,phase-interpolation,48000,129,1024,16,15609.375,-1.80801057e-06,0.0427426689,15.8931193,0
parametric-eq,phase-interpolation,48000,129,1024,16,15656.25,-1.80890134e-06,0.0386648274,15.8979469,0
parametric-eq,phase-interpolation,48000,129,1024,16,15703.125,-1.81531352e-06,0.0344038179,15.9061134,0
parametric-eq,phase-interpolation,48000,129,1024,16,15750,-1.82340144e-06,0.0300068124,15.9175725,0
parametric-eq,phase-interpolation,48000,129,1024,16,15796.875,-1.82843887e-06,0.0254303218,15.9310541,0
parametric-eq,phase-interpolation,48000,129,1024,16,15843.75,-1.8275781e-06,0.0205816763,15.9446106,0
parametric-eq,phase-interpolation,48000,129,1024,16,15890.625,-1.82145611e-06,0.0153841332,15.9564682,0
parametric-eq,phase-interpolation,48000,129,1024,16,15937.5,-1.81374409e-06,0.00983551206,15.965793,0
parametric-eq,phase-interpolation,48000,129,1024,16,15984.375,-1.80894923e-06,0.00403337081,15.9730224,0
parametric-eq,phase-interpolation,48000,129,1024,16,16031.25,-1.80978306e-06,-0.0018448784,15.9796141,0
parametric-eq,phase-interpolation,48000,129,1024,16,16078.125,-1.81563147e-06,-0.00759794508,15.9873289,0
parametric-eq,phase-interpolation,48000,129,1024,16,16125,-1.82298769e-06,-0.0130673101,15.9973761,0
parametric-eq,phase-interpolation,48000,129,1024,16,16171.875,-1.82755189e-06,-0.0181842889,16.009813,0
parametric-eq,phase-interpolation,48000,129,1024,16,16218.75,-1.82674216e-06,-0.0229762679,16.0234753,0
parametric-eq,phase-interpolation,48000,129,1024,16,16265.625,-1.82115188e-06,-0.0275296478,16.0364677,0
parametric-eq,phase-interpolation,48000,129,1024,16,16312.5,-1.81413276e-06,-0.0319268781,16.0469882,0
parametric-eq,phase-interpolation,48000,129,1024,16,16359.375,-1.80978816e-06,-0.0361867213,16.0541087,0
parametric-eq,phase-interpolation,48000,129,1024,16,16406.25,-1.81057648e-06,-0.0402352418,16.0581562,0
parametric-eq,phase-interpolation,48000,129,1024,16,16453.125,-1.815923e-06,-0.0439208608,16.0605231,0
parametric-eq,phase-interpolation,48000,129,1024,16,16500,-1.82262242e-06,-0.0470666779,16.0629946,0
parametric-eq,phase-interpolation,48000,129,1024,16,16546.875,-1.82675769e-06,-0.049536257,16.0669035,0
parametric-eq,phase-interpolation,48000,129,1024,16,16593.75,-1.82598829e-06,-0.0512829327,16.0724962,0
parametric-eq,phase-interpolation,48000,129,1024,16,16640.625,-1.8208721e-06,-0.052360253,16.0788042,0
parametric-eq,phase-interpolation,48000,129,1024,16,16687.5,-1.8144762e-06,-0.0528890169,16.0840753,0
parametric-eq,phase-interpolation,48000,129,1024,16,16734.375,-1.81054069e-06,-0.0529962394,16.0865674,0
parametric-eq,phase-interpolation,48000,129,1024,16,16781.25,-1.81129356e-06,-0.0527541127,16.0853383,0
parametric-eq,phase-interpolation,48000,129,1024,16,16828.125,-1.81619191e-06,-0.052146847,16.0806732,0
parametric-eq,phase-interpolation,48000,129,1024,16,16875,-1.82229939e-06,-0.0510803982,16.0739551,0
parametric-eq,phase-interpolation,48000,129,1024,16,16921.875,-1.82604401e-06,-0.0494304672,16.0670403,0
parametric-eq,phase-interpolation,48000,129,1024,16,16968.75,-1.82530546e-06,-0.0471066922,16.0614241,0
parametric-eq,phase-interpolation,48000,129,1024,16,17015.625,-1.82061327e-06,-0.0441035599,16.0575782,0
parametric-eq,phase-interpolation,48000,129,1024,16,17062.5,-1.81478013e-06,-0.0405146626,16.054763,0
parametric-eq,phase-interpolation,48000,129,1024,16,17109.375,-1.81121812e-06,-0.0365037519,16.0513992,0
parametric-eq,phase-interpolation,48000,129,1024,16,17156.25,-1.81194446e-06,-0.0322458387,16.045825,0
parametric-eq,phase-interpolation,48000,129,1024,16,17203.125,-1.81644141e-06,-0.0278652051,16.0370912,0
parametric-eq,phase-interpolation,48000,129,1024,16,17250,-1.82201335e-06,-0.0233984314,16.0254303,0
parametric-eq,phase-interpolation,48000,129,1024,16,17296.875,-1.82540045e-06,-0.0187989787,16.012187,0
parametric-eq,phase-interpolation,48000,129,1024,16,17343.75,-1.82468432e-06,-0.0139808519,15.9992433,0
parametric-eq,phase-interpolation,48000,129,1024,16,17390.625,-1.8203724e-06,-0.00888105065,15.9882014,0
parametric-eq,phase-interpolation,48000,129,1024,16,17437.5,-1.81504941e-06,-0.00351196052,15.9796974,0
parametric-eq,phase-interpolation,48000,129,1024,16,17484.375,-1.81183004e-06,0.00202051801,15.9731597,0
parametric-eq,phase-interpolation,48000,129,1024,16,17531.25,-1.81253783e-06,0.00754153993,15.9671216,0
parametric-eq,phase-interpolation,48000,129,1024,16,17578.125,-1.81667428e-06,0.0128634189,15.9599411,0
parametric-eq,phase-interpolation,48000,129,1024,16,17625,-1.82175979e-06,0.0178477086,15.9505969,0
parametric-eq,phase-interpolation,48000,129,1024,16,17671.875,-1.82481812e-06,0.0224451108,15.9391958,0
parametric-eq,phase-interpolation,48000,129,1024,16,17718.75,-1.82411688e-06,0.0266953107,15.9269614,0
parametric-eq,phase-interpolation,48000,129,1024,16,17765.625,-1.82014694e-06,0.0306871704,15.9157106,0
parametric-eq,phase-interpolation,48000,129,1024,16,17812.5,-1.81528819e-06,0.0344977804,15.907058,0
parametric-eq,phase-interpolation,48000,129,1024,16,17859.375,-1.81238467e-06,0.0381384889,15.9017113,0
parametric-eq,phase-interpolation,48000,129,1024,16,17906.25,-1.81308106e-06,0.0415327795,15.8991813,0
parametric-eq,phase-interpolation,48000,129,1024,16,17953.125,-1.81689288e-06,0.0445361955,15.8980379,0
parametric-eq,phase-interpolation,48000,129,1024,16,18000,-1.8215349e-06,0.0469891709,15.8965921,0
parametric-eq,phase-interpolation,48000,129,1024,16,18046.875,-1.82428944e-06,0.048778572,15.8936903,0
parametric-eq,phase-interpolation,48000,129,1024,16,18093.75,-1.82359627e-06,0.0498798724,15.8892562,0
parametric-eq,phase-interpolation,48000,129,1024,16,18140.625,-1.81993468e-06,0.0503608439,15.8843353,0
parametric-eq,phase-interpolation,48000,129,1024,16,18187.5,-1.8155e-06,0.0503452488,15.880622,0
parametric-eq,phase-interpolation,48000,129,1024,16,18234.375,-1.81288904e-06,0.0499532665,15.8796873,0
parametric-eq,phase-interpolation,48000,129,1024,16,18281.25,-1.81358053e-06,0.0492459777,15.8822594,0
parametric-eq,phase-interpolation,48000,129,1024,16,18328.125,-1.81709929e-06,0.048199337,15.8878884,0
parametric-eq,phase-interpolation,48000,129,1024,16,18375,-1.82133542e-06,0.0467194764,15.8951474,0
parametric-eq,phase-interpolation,48000,129,1024,16,18421.875,-1.82380787e-06,0.0446921665,15.9022772,0
parametric-eq,phase-interpolation,48000,129,1024,16,18468.75,-1.82311656e-06,0.0420436095,15.9079761,0
parametric-eq,phase-interpolation,48000,129,1024,16,18515.625,-1.81973367e-06,0.0387846323,15.9119744,0
parametric-eq,phase-interpolation,48000,129,1024,16,18562.5,-1.81568786e-06,0.0350180322,15.9151326,0
parametric-eq,phase-interpolation,48000,129,1024,16,18609.375,-1.81334922e-06,0.0309056881,15.9190182,0
parametric-eq,phase-interpolation,48000,129,1024,16,18656.25,-1.81404177e-06,0.0266104071,15.9251575,0
parametric-eq,phase-interpolation,48000,129,1024,16,18703.125,-1.81729533e-06,0.0222390026,15.9343036,0
parametric-eq,phase-interpolation,48000,129,1024,16,18750,-1.82115854e-06,0.0178125121,15.9460571,0
parametric-eq,phase-interpolation,48000,129,1024,16,18796.875,-1.82336776e-06,0.0132769849,15.9590134,0
parametric-eq,phase-interpolation,48000,129,1024,16,18843.75,-1.8226726e-06,0.00854960746,15.9713684,0
parametric-eq,phase-interpolation,48000,129,1024,16,18890.625,-1.8195422e-06,0.00357874244,15.9817033,0
parametric-eq,phase-interpolation,48000,129,1024,16,18937.5,-1.81585436e-06,-0.00160984222,15.9895901,0
parametric-eq,phase-interpolation,48000,129,1024,16,18984.375,-1.81377046e-06,-0.00690186863,15.9957416,0
parametric-eq,phase-interpolation,48000,129,1024,16,19031.25,-1.81446957e-06,-0.0121238034,16.0016403,0
parametric-eq,phase-interpolation,48000,129,1024,16,19078.125,-1.81748261e-06,-0.0170992825,16.0088149,0
parametric-eq,phase-interpolation,48000,129,1024,16,19125,-1.82100187e-06,-0.0217071079,16.0180972,0
parametric-eq,phase-interpolation,48000,129,1024,16,19171.875,-1.82296424e-06,-0.025914493,16.0291999,0
parametric-eq,phase-interpolation,48000,129,1024,16,19218.75,-1.82225991e-06,-0.0297705875,16.0408088,0
parametric-eq,phase-interpolation,48000,129,1024,16,19265.625,-1.81935875e-06,-0.0333635491,16.0511475,0
parametric-eq,phase-interpolation,48000,129,1024,16,19312.5,-1.81600172e-06,-0.0367611195,16.0587542,0
parametric-eq,phase-interpolation,48000,129,1024,16,19359.375,-1.81415733e-06,-0.0399621255,16.0631147,0
parametric-eq,phase-interpolation,48000,129,1024,16,19406.25,-1.81486814e-06,-0.0428812202,16.0648653,0
parametric-eq,phase-interpolation,48000,129,1024,16,19453.125,-1.81766257e-06,-0.0453739371,16.0654727,0
parametric-eq,phase-interpolation,48000,129,1024,16,19500,-1.82086335e-06,-0.0472907125,16.0665391,0
parametric-eq,phase-interpolation,48000,129,1024,16,19546.875,-1.82259303e-06,-0.0485352833,16.0690497,0
parametric-eq,phase-interpolation,48000,129,1024,16,19593.75,-1.82187454e-06,-0.0491008418,16.0729079,0
parametric-eq,phase-interpolation,48000,129,1024,16,19640.625,-1.81918196e-06,-0.0490675035,16.0769708,0
parametric-eq,phase-interpolation,48000,129,1024,16,19687.5,-1.81613184e-06,-0.0485623784,16.0795692,0
parametric-eq,phase-interpolation,48000,129,1024,16,19734.375,-1.8145138e-06,-0.0477006469,16.0792703,0
parametric-eq,phase-interpolation,48000,129,1024,16,19781.25,-1.81524117e-06,-0.0465346298,16.0755359,0
parametric-eq,phase-interpolation,48000,129,1024,16,19828.125,-1.81783651e-06,-0.0450340664,16.0689743,0
parametric-eq,phase-interpolation,48000,129,1024,16,19875,-1.82074122e-06,-0.0431064772,16.0610735,0
parametric-eq,phase-interpolation,48000,129,1024,16,19921.875,-1.82225042e-06,-0.0406481701,16.0535369,0
parametric-eq,phase-interpolation,48000,129,1024,16,19968.75,-1.82151301e-06,-0.0376024392,16.0475255,0
parametric-eq,phase-interpolation,48000,129,1024,16,20015.625,-1.81901057e-06,-0.0339981926,16.0431529,0
parametric-eq,phase-interpolation,48000,129,1024,16,20062.5,-1.81624635e-06,-0.0299512056,16.0394649,0
parametric-eq,phase-interpolation,48000,129,1024,16,20109.375,-1.81484336e-06,-0.0256273315,16.0349106,0
parametric-eq,phase-interpolation,48000,129,1024,16,20156.25,-1.81559195e-06,-0.0211844291,16.0280884,0
parametric-eq,phase-interpolation,48000,129,1024,16,20203.125,-1.81800563e-06,-0.0167194229,16.0184235,0
parametric-eq,phase-interpolation,48000,129,1024,16,20250,-1.82063397e-06,-0.0122444515,16.0064679,0
parametric-eq,phase-interpolation,48000,129,1024,16,20296.875,-1.82193315e-06,-0.00770269915,15.9936867,0
parametric-eq,phase-interpolation,48000,129,1024,16,20343.75,-1.82117224e-06,-0.0030163793,15.9818288,0
parametric-eq,phase-interpolation,48000,129,1024,16,20390.625,-1.81884344e-06,0.00185534389,15.9721685,0
parametric-eq,phase-interpolation,48000,129,1024,16,20437.5,-1.81634667e-06,0.0068752492,15.9649664,0
parametric-eq,phase-interpolation,48000,129,1024,16,20484.375,-1.81514908e-06,0.0119228062,15.9593944,0
parametric-eq,phase-interpolation,48000,129,1024,16,20531.25,-1.81592341e-06,0.0168273402,15.9539594,0
parametric-eq,phase-interpolation,48000,129,1024,16,20578.125,-1.81817104e-06,0.0214245485,15.9472291,0
parametric-eq,phase-interpolation,48000,129,1024,16,20625,-1.82054029e-06,0.0256106536,15.9385259,0
parametric-eq,phase-interpolation,48000,129,1024,16,20671.875,-1.82163833e-06,0.0293696495,15.9282727,0
parametric-eq,phase-interpolation,48000,129,1024,16,20718.75,-1.82084946e-06,0.0327614508,15.9178319,0
parametric-eq,phase-interpolation,48000,129,1024,16,20765.625,-1.8186795e-06,0.0358766064,15.9089138,0
parametric-eq,phase-interpolation,48000,129,1024,16,20812.5,-1.81643397e-06,0.0387785004,15.9028223,0
parametric-eq,phase-interpolation,48000,129,1024,16,20859.375,-1.81543365e-06,0.0414596698,15.8998853,0
parametric-eq,phase-interpolation,48000,129,1024,16,20906.25,-1.81623815e-06,0.0438323819,15.8993291,0
parametric-eq,phase-interpolation,48000,129,1024,16,20953.125,-1.81833376e-06,0.0457578574,15.8996559,0
parametric-eq,phase-interpolation,48000,129,1024,16,21000,-1.8204591e-06,0.0471007583,15.8993468,0
parametric-eq,phase-interpolation,48000,129,1024,16,21046.875,-1.8213634e-06,0.0477840112,15.8975707,0
parametric-eq,phase-interpolation,48000,129,1024,16,21093.75,-1.82054218e-06,0.0478189433,15.8945718,0
parametric-eq,phase-interpolation,48000,129,1024,16,21140.625,-1.81851775e-06,0.0472970441,15.8915614,0
parametric-eq,phase-interpolation,48000,129,1024,16,21187.5,-1.81650929e-06,0.0463471915,15.890164,0
parametric-eq,phase-interpolation,48000,129,1024,16,21234.375,-1.81569948e-06,0.0450779435,15.8916696,0
parametric-eq,phase-interpolation,48000,129,1024,16,21281.25,-1.81653854e-06,0.0435313252,15.8964361,0
parametric-eq,phase-interpolation,48000,129,1024,16,21328.125,-1.81849478e-06,0.0416692641,15.9037153,0
parametric-eq,phase-interpolation,48000,129,1024,16,21375,-1.82038945e-06,0.0393988135,15.9119834,0
parametric-eq,phase-interpolation,48000,129,1024,16,21421.875,-1.82110612e-06,0.0366244705,15.9196222,0
parametric-eq,phase-interpolation,48000,129,1024,16,21468.75,-1.82024813e-06,0.0333034808,15.9256384,0
parametric-eq,phase-interpolation,48000,129,1024,16,21515.625,-1.81835723e-06,0.0294787087,15.9300935,0
parametric-eq,phase-interpolation,48000,129,1024,16,21562.5,-1.81657347e-06,0.0252739461,15.9340466,0
parametric-eq,phase-interpolation,48000,129,1024,16,21609.375,-1.81594871e-06,0.0208536918,15.9390388,0
parametric-eq,phase-interpolation,48000,129,1024,16,21656.25,-1.81682675e-06,0.0163656539,15.9463541,0
parametric-eq,phase-interpolation,48000,129,1024,16,21703.125,-1.81865503e-06,0.0118921421,15.9563947,0
parametric-eq,phase-interpolation,48000,129,1024,16,21750,-1.82033056e-06,0.0074324523,15.9684602,0
parametric-eq,phase-interpolation,48000,129,1024,16,21796.875,-1.82086446e-06,0.0029241188,15.9810295,0
parametric-eq,phase-interpolation,48000,129,1024,16,21843.75,-1.81996525e-06,-0.00170695197,15.992418,0
parametric-eq,phase-interpolation,48000,129,1024,16,21890.625,-1.81819701e-06,-0.00649068217,16.0015075,0
parametric-eq,phase-interpolation,48000,129,1024,16,21937.5,-1.81662724e-06,-0.0113771163,16.0082158,0
parametric-eq,phase-interpolation,48000,129,1024,16,21984.375,-1.81618326e-06,-0.0162373355,16.0134917,0
parametric-eq,phase-interpolation,48000,129,1024,16,22031.25,-1.81710478e-06,-0.0209007846,16.0188396,0
parametric-eq,phase-interpolation,48000,129,1024,16,22078.125,-1.81881544e-06,-0.0252121692,16.0255904,0
parametric-eq,phase-interpolation,48000,129,1024,16,22125,-1.82028176e-06,-0.0290821069,16.034252,0
parametric-eq,phase-interpolation,48000,129,1024,16,22171.875,-1.82063659e-06,-0.0325085343,16.0442395,0
parametric-eq,phase-interpolation,48000,129,1024,16,22218.75,-1.81969163e-06,-0.035559272,16.0541079,0
parametric-eq,phase-interpolation,48000,129,1024,16,22265.625,-1.81803618e-06,-0.0383239618,16.0621814,0
parametric-eq,phase-interpolation,48000,129,1024,16,22312.5,-1.81667119e-06,-0.0408576077,16.0672903,0
parametric-eq,phase-interpolation,48000,129,1024,16,22359.375,-1.81640485e-06,-0.043141721,16.0692787,0
parametric-eq,phase-interpolation,48000,129,1024,16,22406.25,-1.81737445e-06,-0.0450809586,16.0690519,0
parametric-eq,phase-interpolation,48000,129,1024,16,22453.125,-1.81897691e-06,-0.046536902,16.0681434,0
parametric-eq,phase-interpolation,48000,129,1024,16,22500,-1.82024253e-06,-0.0473836462,16.0679978,0
parametric-eq,phase-interpolation,48000,129,1024,16,22546.875,-1.82042089e-06,-0.0475598583,16.0692989,0
parametric-eq,phase-interpolation,48000,129,1024,16,22593.75,-1.81942548e-06,-0.0470935213,16.0716504,0
parametric-eq,phase-interpolation,48000,129,1024,16,22640.625,-1.81787385e-06,-0.0460880675,16.0737562,0
parametric-eq,phase-interpolation,48000,129,1024,16,22687.5,-1.8167058e-06,-0.0446762958,16.0740173,0
parametric-eq,phase-interpolation,48000,129,1024,16,22734.375,-1.81661504e-06,-0.0429631961,16.0712707,0
parametric-eq,phase-interpolation,48000,129,1024,16,22781.25,-1.81763749e-06,-0.0409837996,16.0653318,0
parametric-eq,phase-interpolation,48000,129,1024,16,22828.125,-1.81914034e-06,-0.038695224,16.0570943,0
parametric-eq,phase-interpolation,48000,129,1024,16,22875,-1.82021245e-06,-0.036006426,16.0481406,0
parametric-eq,phase-interpolation,48000,129,1024,16,22921.875,-1.82021586e-06,-0.0328319387,16.0400416,0
parametric-eq,phase-interpolation,48000,129,1024,16,22968.75,-1.81916512e-06,-0.0291448734,16.0336648,0
parametric-eq,phase-interpolation,48000,129,1024,16,23015.625,-1.81770909e-06,-0.0250047572,16.0288081,0
parametric-eq,phase-interpolation,48000,129,1024,16,23062.5,-1.81673144e-06,-0.020547285,16.0243265,0
parametric-eq,phase-interpolation,48000,129,1024,16,23109.375,-1.81681526e-06,-0.0159405286,16.0186936,0
parametric-eq,phase-interpolation,48000,129,1024,16,23156.25,-1.81789556e-06,-0.0113275058,16.0107374,0
parametric-eq,phase-interpolation,48000,129,1024,16,23203.125,-1.81930666e-06,-0.00678119168,16.0002162,0
parametric-eq,phase-interpolation,48000,129,1024,16,23250,-1.82019119e-06,-0.00229229722,15.9879675,0
parametric-eq,phase-interpolation,48000,129,1024,16,23296.875,-1.82002014e-06,0.00220485574,15.9755665,0
parametric-eq,phase-interpolation,48000,129,1024,16,23343.75,-1.81890895e-06,0.00678043378,15.9646454,0
parametric-eq,phase-interpolation,48000,129,1024,16,23390.625,-1.81754098e-06,0.0114551424,15.956188,0
parametric-eq,phase-interpolation,48000,129,1024,16,23437.5,-1.81674838e-06,0.016169168,15.9501195,0
parametric-eq,phase-interpolation,48000,129,1024,16,23484.375,-1.81700679e-06,0.0207884636,15.945382,0
parametric-eq,phase-interpolation,48000,129,1024,16,23531.25,-1.81815022e-06,0.0251456746,15.9404584,0
parametric-eq,phase-interpolation,48000,129,1024,16,23578.125,-1.8194768e-06,0.0290971081,15.9341047,0
parametric-eq,phase-interpolation,48000,129,1024,16,23625,-1.82017852e-06,0.0325698309,15.9259533,0
parametric-eq,phase-interpolation,48000,129,1024,16,23671.875,-1.81983248e-06,0.0355775455,15.9167132,0
parametric-eq,phase-interpolation,48000,129,1024,16,23718.75,-1.81865541e-06,0.0381981778,15.9078745,0
parametric-eq,phase-interpolation,48000,129,1024,16,23765.625,-1.81736857e-06,0.040523584,15.9010527,0
parametric-eq,phase-interpolation,48000,129,1024,16,23812.5,-1.81675681e-06,0.0426045372,15.8972719,0
parametric-eq,phase-interpolation,48000,129,1024,16,23859.375,-1.81719086e-06,0.0444163297,15.8965158,0
parametric-eq,phase-interpolation,48000,129,1024,16,23906.25,-1.81840301e-06,0.0458608789,15.8977521,0
parametric-eq,phase-interpolation,48000,129,1024,16,23953.125,-1.81965173e-06,0.046804443,15.8994201,0
parametric-eq,phase-interpolation,48000,129,1024,16,24000,-1.82017431e-06,0.0471336873,15.9001552,0
parametric-eq,complex-minimax,48000,129,1024,16,0,3.85730987e-15,0.322216571,14.8492952,0
parametric-eq,complex-minimax,48000,129,1024,16,46.875,-5.43410295e-07,0.321584249,14.8651079,0
parametric-eq,complex-minimax,48000,129,1024,16,93.75,-1.85412125e-06,0.319302937,14.9079825,0
parametric-eq,complex-minimax,48000,129,1024,16,140.625,-3.15814005e-06,0.314363008,14.9658893,0
parametric-eq,complex-minimax,48000,129,1024,16,187.5,-3.67615948e-06,0.305506298,15.0236682,0
parametric-eq,complex-minimax,48000,129,1024,16,234.375,-3.08160572e-06,0.291697649,15.0684052,0
parametric-eq,complex-minimax,48000,129,1024,16,281.25,-1.70319478e-06,0.272522001,15.0939114,0
parametric-eq,complex-minimax,48000,129,1024,16,328.125,-3.48502546e-07,0.248368067,15.1027705,0
parametric-eq,complex-minimax,48000,129,1024,16,375,1.60136208e-07,0.220335538,15.1052665,0
parametric-eq,complex-minimax,48000,129,1024,16,421.875,-5.23627377e-07,0.189898482,15.1155319,0
parametric-eq,complex-minimax,48000,129,1024,16,468.75,-2.04025109e-06,0.158444509,15.1462237,0
parametric-eq,complex-minimax,48000,129,1024,16,515.625,-3.50416827e-06,0.126858364,15.2036617,0
parametric-eq,complex-minimax,48000,129,1024,16,562.5,-4.00961963e-06,0.0953071965,15.2853127,0
parametric-eq,complex-minimax,48000,129,1024,16,609.375,-3.18067592e-06,0.0633103246,15.3806545,0
parametric-eq,complex-minimax,48000,129,1024,16,656.25,-1.43814884e-06,0.0300651776,15.4750948,0
parametric-eq,complex-minimax,48000,129,1024,16,703.125,1.98947445e-07,-0.0050996356,15.5553836,0
parametric-eq,complex-minimax,48000,129,1024,16,750,6.94377398e-07,-0.0423212529,15.6144038,0
parametric-eq,complex-minimax,48000,129,1024,16,796.875,-3.63516966e-07,-0.0810050021,15.6535214,0
parametric-eq,complex-minimax,48000,129,1024,16,843.75,-2.44755019e-06,-0.119908413,15.6816051,0
parametric-eq,complex-minimax,48000,129,1024,16,890.625,-4.33090881e-06,-0.157475313,15.7110572,0
parametric-eq,complex-minimax,48000,129,1024,16,937.5,-4.78850591e-06,-0.192290232,15.7523619,0
parametric-eq,complex-minimax,48000,129,1024,16,984.375,-3.37310619e-06,-0.223471594,15.8093412,0
parametric-eq,complex-minimax,48000,129,1024,16,1031.25,-7.87992184e-07,-0.250842762,15.8771397,0
parametric-eq,complex-minimax,48000,129,1024,16,1078.125,1.42686665e-06,-0.274811106,15.9438444,0
parametric-eq,complex-minimax,48000,129,1024,16,1125,1.78191371e-06,-0.296009704,15.9950658,0
parametric-eq,complex-minimax,48000,129,1024,16,1171.875,-1.91028239e-07,-0.314857776,16.0195102,0
parametric-eq,complex-minimax,48000,129,1024,16,1218.75,-3.48869958e-06,-0.331229122,16.0131885,0
parametric-eq,complex-minimax,48000,129,1024,16,1265.625,-6.04949083e-06,-0.34437092,15.9805033,0
parametric-eq,complex-minimax,48000,129,1024,16,1312.5,-5.82037448e-06,-0.353109917,15.9317349,0
parametric-eq,complex-minimax,48000,129,1024,16,1359.375,-1.68058645e-06,-0.356261003,15.8779295,0
parametric-eq,complex-minimax,48000,129,1024,16,1406.25,6.94501598e-06,-0.353062844,15.8253514,0
parametric-eq,complex-minimax,48000,129,1024,16,1453.125,2.30449825e-05,-0.343447293,15.7719639,0
parametric-eq,complex-minimax,48000,129,1024,16,1500,5.88798838e-05,-0.328018256,15.7075689,0
parametric-eq,complex-minimax,48000,129,1024,16,1546.875,0.000148562119,-0.307744489,15.6175537,0
parametric-eq,complex-minimax,48000,129,1024,16,1593.75,0.000369491928,-0.283498759,15.4884983,0
parametric-eq,complex-minimax,48000,129,1024,16,1640.625,0.000877883735,-0.25564092,15.313057,0
parametric-eq,complex-minimax,48000,129,1024,16,1687.5,0.0019658269,-0.223815176,15.091896,0
parametric-eq,complex-minimax,48000,129,1024,16,1734.375,0.00414842236,-0.187026177,14.8318131,0
parametric-eq,complex-minimax,48000,129,1024,16,1781.25,0.00828818364,-0.143920364,14.5409378,0
parametric-eq,complex-minimax,48000,129,1024,16,1828.125,0.0157592335,-0.0930881001,14.223414,1.00078382
parametric-eq,complex-minimax,48000,129,1024,16,1875,0.0286459369,-0.0331729233,13.8765085,1.00171926
parametric-eq,complex-minimax,48000,129,1024,16,1921.875,0.0499604709,0.0373485889,13.4922347,1.00355647
parametric-eq,complex-minimax,48000,129,1024,16,1968.75,0.0838528187,0.120694226,13.0635686,1.00696686
parametric-eq,complex-minimax,48000,129,1024,16,2015.625,0.135775804,0.220418949,12.5930859,1.0129755
parametric-eq,complex-minimax,48000,129,1024,16,2062.5,0.212557349,0.341880945,12.1004361,1.02306631
parametric-eq,complex-minimax,48000,129,1024,16,2109.375,0.322322373,0.49226013,11.6251566,1.03929061
parametric-eq,complex-minimax,48000,129,1024,16,2156.25,0.474199843,0.680004144,11.223022,1.06438007
parametric-eq,complex-minimax,48000,129,1024,16,2203.125,0.67775312,0.913795608,10.9569791,1.10187377
parametric-eq,complex-minimax,48000,129,1024,16,2250,0.942096207,1.20132245,10.8864736,1.15627778
parametric-eq,complex-minimax,48000,129,1024,16,2296.875,1.27471803,1.54817313,11.0596078,1.23327628
parametric-eq,complex-minimax,48000,129,1024,16,2343.75,1.68013384,1.95703136,11.5099749,1.33999996
parametric-eq,complex-minimax,48000,129,1024,16,2390.625,2.15859353,2.42712479,12.2559083,1.485322
parametric-eq,complex-minimax,48000,129,1024,16,2437.5,2.7051489,2.953791,13.2981656,1.68008744
parametric-eq,complex-minimax,48000,129,1024,16,2484.375,3.3093565,3.5281548,14.6148246,1.9370829
parametric-eq,complex-minimax,48000,129,1024,16,2531.25,3.95575134,4.13712516,16.1568563,2.27042586
parametric-eq,complex-minimax,48000,129,1024,16,2578.125,4.62501678,4.76397377,17.8495109,2.69393556
parametric-eq,complex-minimax,48000,129,1024,16,2625,5.29559324,5.38955496,19.6013935,3.21803963
parametric-eq,complex-minimax,48000,129,1024,16,2671.875,5.94539149,5.99392577,21.3180735,3.84503744
parametric-eq,complex-minimax,48000,129,1024,16,2718.75,6.5533206,6.5579614,22.9147578,4.56324306
parametric-eq,complex-minimax,48000,129,1024,16,2765.625,7.10045845,7.06462356,24.3241062,5.34163836
parametric-eq,complex-minimax,48000,129,1024,16,2812.5,7.57082025,7.49973541,25.4984448,6.12772374
parametric-eq,complex-minimax,48000,129,1024,16,2859.375,7.95177226,7.85230227,26.4079347,6.85136693
parametric-eq,complex-minimax,48000,129,1024,16,2906.25,8.23418069,8.11451633,27.0368997,7.43580626
parametric-eq,complex-minimax,48000,129,1024,16,2953.125,8.41239003,8.28159728,27.3800655,7.81374097
parametric-eq,complex-minimax,48000,129,1024,16,3000,8.48410625,8.35158729,27.4397081,7.94328235
parametric-eq,complex-minimax,48000,129,1024,16,3046.875,8.45023363,8.32516999,27.2240922,7.81767985
parametric-eq,complex-minimax,48000,129,1024,16,3093.75,8.31468663,8.20553799,26.7471854,7.4651635
parametric-eq,complex-minimax,48000,129,1024,16,3140.625,8.0841761,7.9982955,26.0293885,6.93961997
parametric-eq,complex-minimax,48000,129,1024,16,3187.5,7.76795251,7.71135279,25.0988131,6.30645232
parametric-eq,complex-minimax,48000,129,1024,16,3234.375,7.37747997,7.35474811,23.9924142,5.62894446
parametric-eq,complex-minimax,48000,129,1024,16,3281.25,6.92601502,6.94032696,22.7560934,4.95886024
parametric-eq,complex-minimax,48000,129,1024,16,3328.125,6.42807445,6.4812279,21.4429061,4.33239286
parametric-eq,complex-minimax,48000,129,1024,16,3375,5.8987975,5.99117725,20.1089644,3.7705025
parametric-eq,complex-minimax,48000,129,1024,16,3421.875,5.35323549,5.48367422,18.8076138,3.2818013
parametric-eq,complex-minimax,48000,129,1024,16,3468.75,4.80563021,4.97122151,17.5836382,2.86627174
parametric-eq,complex-minimax,48000,129,1024,16,3515.625,4.26875966,4.46477263,16.4697913,2.51869932
parametric-eq,complex-minimax,48000,129,1024,16,3562.5,3.7534283,3.97349229,15.4871001,2.23131642
parametric-eq,complex-minimax,48000,129,1024,16,3609.375,3.26815595,3.50478546,14.6482903,1.99558181
parametric-eq,complex-minimax,48000,129,1024,16,3656.25,2.81908171,3.06442788,13.9616762,1.80323519
parametric-eq,complex-minimax,48000,129,1024,16,3703.125,2.4100602,2.65661975,13.4325666,1.64683073
parametric-eq,complex-minimax,48000,129,1024,16,3750,2.04290086,2.28390333,13.061152,1.51993678
parametric-eq,complex-minimax,48000,129,1024,16,3796.875,1.71769215,1.94705433,12.8387269,1.41714408
parametric-eq,complex-minimax,48000,129,1024,16,3843.75,1.43315947,1.64514831,12.7457669,1.33397795
parametric-eq,complex-minimax,48000,129,1024,16,3890.625,1.18701926,1.37593672,12.7544159,1.26677272
parametric-eq,complex-minimax,48000,129,1024,16,3937.5,0.976305773,1.13648377,12.8349803,1.21254063
parametric-eq,complex-minimax,48000,129,1024,16,3984.375,0.797656013,0.923843828,12.9632697,1.16885118
parametric-eq,complex-minimax,48000,129,1024,16,4031.25,0.647545018,0.735517944,13.1249984,1.13372709
parametric-eq,complex-minimax,48000,129,1024,16,4078.125,0.522467951,0.56954001,13.3151687,1.10555798
parametric-eq,complex-minimax,48000,129,1024,16,4125,0.419070441,0.424235172,13.5331485,1.08303036
parametric-eq,complex-minimax,48000,129,1024,16,4171.875,0.334233078,0.297853408,13.7764015,1.06507144
parametric-eq,complex-minimax,48000,129,1024,16,4218.75,0.265119105,0.18832528,14.0363685,1.05080437
parametric-eq,complex-minimax,48000,129,1024,16,4265.625,0.209195306,0.0932965093,14.2986156,1.03951245
parametric-eq,complex-minimax,48000,129,1024,16,4312.5,0.164234804,0.010429643,14.5469248,1.03061035
parametric-eq,complex-minimax,48000,129,1024,16,4359.375,0.128308006,-0.062188876,14.7689218,1.0236209
parametric-eq,complex-minimax,48000,129,1024,16,4406.25,0.0997654667,-0.125751701,14.9602134,1.01815608
parametric-eq,complex-minimax,48000,129,1024,16,4453.125,0.0772149256,-0.180698724,15.1249514,1.01390139
parametric-eq,complex-minimax,48000,129,1024,16,4500,0.0594942996,-0.226971407,15.2725898,1.01060295
parametric-eq,complex-minimax,48000,129,1024,16,4546.875,0.0456426379,-0.264435249,15.4124398,1.00805667
parametric-eq,complex-minimax,48000,129,1024,16,4593.75,0.0348712323,-0.293273114,15.5486631,1.00609927
parametric-eq,complex-minimax,48000,129,1024,16,4640.625,0.0265368361,-0.314169411,15.6781043,1.00460079
parametric-eq,complex-minimax,48000,129,1024,16,4687.5,0.0201181863,-0.32821019,15.7919249,1.00345826
parametric-eq,complex-minimax,48000,129,1024,16,4734.375,0.0151960664,-0.336563644,15.88011,1.00259058
parametric-eq,complex-minimax,48000,129,1024,16,4781.25,0.0114363877,-0.340108553,15.9365649,1.00193417
parametric-eq,complex-minimax,48000,129,1024,16,4828.125,0.00857549204,-0.33919639,15.9623472,1.00143945
parametric-eq,complex-minimax,48000,129,1024,16,4875,0.00640707264,-0.333663201,15.965551,1.00106794
parametric-eq,complex-minimax,48000,129,1024,16,4921.875,0.00477054299,-0.323086866,15.9579361,1.00078993
parametric-eq,complex-minimax,48000,129,1024,16,4968.75,0.00354104641,-0.30716937,15.9498891,1.0005826
parametric-eq,complex-minimax,48000,129,1024,16,5015.625,0.00262137843,-0.286064151,15.9460923,0
parametric-eq,complex-minimax,48000,129,1024,16,5062.5,0.00193588419,-0.260494068,15.9439526,0
parametric-eq,complex-minimax,48000,129,1024,16,5109.375,0.0014260509,-0.231605475,15.9355096,0
parametric-eq,complex-minimax,48000,129,1024,16,5156.25,0.00104725829,-0.200629782,15.9118496,0
parametric-eq,complex-minimax,48000,129,1024,16,5203.125,0.000766119664,-0.168513026,15.8678896,0
parametric-eq,complex-minimax,48000,129,1024,16,5250,0.00055804276,-0.135685064,15.8052969,0
parametric-eq,complex-minimax,48000,129,1024,16,5296.875,0.000404936919,-0.102071937,15.7322305,0
parametric-eq,complex-minimax,48000,129,1024,16,5343.75,0.000293224389,-0.0673417567,15.6600468,0
parametric-eq,complex-minimax,48000,129,1024,16,5390.625,0.000212369276,-0.0312669875,15.5984927,0
parametric-eq,complex-minimax,48000,129,1024,16,5437.5,0.000154017249,0.00596821509,15.5516267,0
parametric-eq,complex-minimax,48000,129,1024,16,5484.375,0.000111639432,0.0436614008,15.5163925,0
parametric-eq,complex-minimax,48000,129,1024,16,5531.25,8.04233579e-05,0.0807364483,15.4845093,0
parametric-eq,complex-minimax,48000,129,1024,16,5578.125,5.71376127e-05,0.116070579,15.4467459,0
parametric-eq,complex-minimax,48000,129,1024,16,5625,3.98146114e-05,0.148850252,15.3975449,0
parametric-eq,complex-minimax,48000,129,1024,16,5671.875,2.7271828e-05,0.178791667,15.3378601,0
parametric-eq,complex-minimax,48000,129,1024,16,5718.75,1.86245961e-05,0.206126255,15.2749401,0
parametric-eq,complex-minimax,48000,129,1024,16,5765.625,1.29662919e-05,0.231359693,15.2191752,0
parametric-eq,complex-minimax,48000,129,1024,16,5812.5,9.30514663e-06,0.254916659,15.1794564,0
parametric-eq,complex-minimax,48000,129,1024,16,5859.375,6.71253498e-06,0.276836807,15.159199,0
parametric-eq,complex-minimax,48000,129,1024,16,5906.25,4.53697924e-06,0.296664259,15.1549074,0
parametric-eq,complex-minimax,48000,129,1024,16,5953.125,2.52565233e-06,0.313581983,15.1579582,0
parametric-eq,complex-minimax,48000,129,1024,16,6000,7.70282457e-07,0.326726725,15.1587363,0
parametric-eq,complex-minimax,48000,129,1024,16,6046.875,-4.92745686e-07,0.335536529,15.1511699,0
parametric-eq,complex-minimax,48000,129,1024,16,6093.75,-1.11411178e-06,0.339969917,15.1355768,0
parametric-eq,complex-minimax,48000,129,1024,16,6140.625,-1.16998813e-06,0.340496642,15.1185431,0
parametric-eq,complex-minimax,48000,129,1024,16,6187.5,-9.43375276e-07,0.337864617,15.1098988,0
parametric-eq,complex-minimax,48000,129,1024,16,6234.375,-7.77139614e-07,0.332750012,15.1181632,0
parametric-eq,complex-minimax,48000,129,1024,16,6281.25,-8.96366391e-07,0.32545233,15.1465609,0
parametric-eq,complex-minimax,48000,129,1024,16,6328.125,-1.30583066e-06,0.315776767,15.1914832,0
parametric-eq,complex-minimax,48000,129,1024,16,6375,-1.81638466e-06,0.303158965,15.2441259,0
parametric-eq,complex-minimax,48000,129,1024,16,6421.875,-2.17615601e-06,0.286973341,15.294521,0
parametric-eq,complex-minimax,48000,129,1024,16,6468.75,-2.22467635e-06,0.266880985,15.3360653,0
parametric-eq,complex-minimax,48000,129,1024,16,6515.625,-1.98133658e-06,0.243056518,15.3684659,0
parametric-eq,complex-minimax,48000,129,1024,16,6562.5,-1.6235596e-06,0.216189965,15.3977756,0
parametric-eq,complex-minimax,48000,129,1024,16,6609.375,-1.37590999e-06,0.187262208,15.4334991,0
parametric-eq,complex-minimax,48000,129,1024,16,6656.25,-1.38011916e-06,0.157195628,15.4840668,0
parametric-eq,complex-minimax,48000,129,1024,16,6703.125,-1.62145071e-06,0.126540047,15.5527479,0
parametric-eq,complex-minimax,48000,129,1024,16,6750,-1.94918394e-06,0.0953396117,15.6359177,0
parametric-eq,complex-minimax,48000,129,1024,16,6796.875,-2.17277611e-06,0.0632427549,15.7245057,0
parametric-eq,complex-minimax,48000,129,1024,16,6843.75,-2.17364722e-06,0.0298036111,15.8079427,0
parametric-eq,complex-minimax,48000,129,1024,16,6890.625,-1.96798146e-06,-0.00516555963,15.878763,0
parametric-eq,complex-minimax,48000,129,1024,16,6937.5,-1.68833822e-06,-0.0413536681,15.9357576,0
parametric-eq,complex-minimax,48000,129,1024,16,6984.375,-1.50022201e-06,-0.0779326994,15.9842645,0
parametric-eq,complex-minimax,48000,129,1024,16,7031.25,-1.50556353e-06,-0.113772555,16.0334616,0
parametric-eq,complex-minimax,48000,129,1024,16,7078.125,-1.68891393e-06,-0.147793952,16.0918647,0
parametric-eq,complex-minimax,48000,129,1024,16,7125,-1.93408442e-06,-0.179300381,16.1630766,0
parametric-eq,complex-minimax,48000,129,1024,16,7171.875,-2.09706353e-06,-0.208137674,16.2437702,0
parametric-eq,complex-minimax,48000,129,1024,16,7218.75,-2.09000245e-06,-0.234608478,16.3248671,0
parametric-eq,complex-minimax,48000,129,1024,16,7265.625,-1.92774517e-06,-0.259182919,16.3953689,0
parametric-eq,complex-minimax,48000,129,1024,16,7312.5,-1.71283905e-06,-0.282140829,16.4470606,0
parametric-eq,complex-minimax,48000,129,1024,16,7359.375,-1.57149858e-06,-0.303310842,16.4779515,0
parametric-eq,complex-minimax,48000,129,1024,16,7406.25,-1.58009583e-06,-0.322026406,16.4929226,0
parametric-eq,complex-minimax,48000,129,1024,16,7453.125,-1.72464066e-06,-0.337320853,16.5012969,0
parametric-eq,complex-minimax,48000,129,1024,16,7500,-1.91428714e-06,-0.348276165,16.5124075,0
parametric-eq,complex-minimax,48000,129,1024,16,7546.875,-2.0378532e-06,-0.354369168,16.5311652,0
parametric-eq,complex-minimax,48000,129,1024,16,7593.75,-2.02853059e-06,-0.355657712,16.5556737,0
parametric-eq,complex-minimax,48000,129,1024,16,7640.625,-1.89941116e-06,-0.352721543,16.5780196,0
parametric-eq,complex-minimax,48000,129,1024,16,7687.5,-1.73131789e-06,-0.346385725,16.587866,0
parametric-eq,complex-minimax,48000,129,1024,16,7734.375,-1.62269428e-06,-0.337354113,16.5771757,0
parametric-eq,complex-minimax,48000,129,1024,16,7781.25,-1.63234489e-06,-0.325919502,16.5439122,0
parametric-eq,complex-minimax,48000,129,1024,16,7828.125,-1.74809674e-06,-0.311880161,16.4930693,0
parametric-eq,complex-minimax,48000,129,1024,16,7875,-1.89777011e-06,-0.294698932,16.4345779,0
parametric-eq,complex-minimax,48000,129,1024,16,7921.875,-1.99379529e-06,-0.27383221,16.3790113,0
parametric-eq,complex-minimax,48000,129,1024,16,7968.75,-1.98412348e-06,-0.24907862,16.3330086,0
parametric-eq,complex-minimax,48000,129,1024,16,8015.625,-1.88002739e-06,-0.220786318,16.2965146,0
parametric-eq,complex-minimax,48000,129,1024,16,8062.5,-1.74620223e-06,-0.189821593,16.263117,0
parametric-eq,complex-minimax,48000,129,1024,16,8109.375,-1.66088347e-06,-0.157311695,16.2233108,0
parametric-eq,complex-minimax,48000,129,1024,16,8156.25,-1.67037939e-06,-0.1242787,16.1691519,0
parametric-eq,complex-minimax,48000,129,1024,16,8203.125,-1.76428104e-06,-0.0913293878,16.098167,0
parametric-eq,complex-minimax,48000,129,1024,16,8250,-1.8844039e-06,-0.0585385107,16.0147693,0
parametric-eq,complex-minimax,48000,129,1024,16,8296.875,-1.96056966e-06,-0.0255750412,15.9285627,0
parametric-eq,complex-minimax,48000,129,1024,16,8343.75,-1.95138011e-06,0.00798776739,15.8502844,0
parametric-eq,complex-minimax,48000,129,1024,16,8390.625,-1.86642816e-06,0.0423207284,15.7872053,0
parametric-eq,complex-minimax,48000,129,1024,16,8437.5,-1.75821121e-06,0.0771078057,15.7400927,0
parametric-eq,complex-minimax,48000,129,1024,16,8484.375,-1.68991721e-06,0.111543551,15.7031511,0
parametric-eq,complex-minimax,48000,129,1024,16,8531.25,-1.69871931e-06,0.144560597,15.6669577,0
parametric-eq,complex-minimax,48000,129,1024,16,8578.125,-1.77578759e-06,0.175182403,15.6230098,0
parametric-eq,complex-minimax,48000,129,1024,16,8625,-1.87361214e-06,0.202840312,15.5677885,0
parametric-eq,complex-minimax,48000,129,1024,16,8671.875,-1.93509902e-06,0.227512292,15.5045184,0
parametric-eq,complex-minimax,48000,129,1024,16,8718.75,-1.92673133e-06,0.249622192,15.4418517,0
parametric-eq,complex-minimax,48000,129,1024,16,8765.625,-1.85663073e-06,0.269745912,15.3900661,0
parametric-eq,complex-minimax,48000,129,1024,16,8812.5,-1.76791677e-06,0.288258264,15.3564851,0
parametric-eq,complex-minimax,48000,129,1024,16,8859.375,-1.71234693e-06,0.305082574,15.3422226,0
parametric-eq,complex-minimax,48000,129,1024,16,8906.25,-1.7202573e-06,0.319658893,15.3417731,0
parametric-eq,complex-minimax,48000,129,1024,16,8953.125,-1.78418026e-06,0.331145358,15.3456385,0
parametric-eq,complex-minimax,48000,129,1024,16,9000,-1.86487472e-06,0.338759022,15.3447529,0
parametric-eq,complex-minimax,48000,129,1024,16,9046.875,-1.91527615e-06,0.342099361,15.3346619,0
parametric-eq,complex-minimax,48000,129,1024,16,9093.75,-1.90782937e-06,0.341307447,15.3175711,0
parametric-eq,complex-minimax,48000,129,1024,16,9140.625,-1.84940028e-06,0.336989146,15.3013575,0
parametric-eq,complex-minimax,48000,129,1024,16,9187.5,-1.77579207e-06,0.329936973,15.2959827,0
parametric-eq,complex-minimax,48000,129,1024,16,9234.375,-1.72992589e-06,0.320776585,15.3089125,0
parametric-eq,complex-minimax,48000,129,1024,16,9281.25,-1.73691421e-06,0.309699838,15.3416424,0
parametric-eq,complex-minimax,48000,129,1024,16,9328.125,-1.79044326e-06,0.296408067,15.3889547,0
parametric-eq,complex-minimax,48000,129,1024,16,9375,-1.85776705e-06,0.280292181,15.4412602,0
parametric-eq,complex-minimax,48000,129,1024,16,9421.875,-1.89963635e-06,0.260766122,15.4889257,0
parametric-eq,complex-minimax,48000,129,1024,16,9468.75,-1.89309375e-06,0.237600244,15.526584,0
parametric-eq,complex-minimax,48000,129,1024,16,9515.625,-1.84394727e-06,0.211102705,15.5554796,0
parametric-eq,complex-minimax,48000,129,1024,16,9562.5,-1.78221603e-06,0.182066487,15.5828016,0
parametric-eq,complex-minimax,48000,129,1024,16,9609.375,-1.74388356e-06,0.151504972,15.6182931,0
parametric-eq,complex-minimax,48000,129,1024,16,9656.25,-1.74999813e-06,0.120294672,15.6696418,0
parametric-eq,complex-minimax,48000,129,1024,16,9703.125,-1.79521436e-06,0.0888876732,15.7387536,0
parametric-eq,complex-minimax,48000,129,1024,16,9750,-1.85195249e-06,0.057226301,15.8206488,0
parametric-eq,complex-minimax,48000,129,1024,16,9796.875,-1.88714312e-06,0.0248996155,15.9055106,0
parametric-eq,complex-minimax,48000,129,1024,16,9843.75,-1.88143589e-06,-0.00853091167,15.9829293,0
parametric-eq,complex-minimax,48000,129,1024,16,9890.625,-1.83975329e-06,-0.0431867386,16.0463855,0
parametric-eq,complex-minimax,48000,129,1024,16,9937.5,-1.7874869e-06,-0.0786662739,16.0959475,0
parametric-eq,complex-minimax,48000,129,1024,16,9984.375,-1.75509747e-06,-0.114072011,16.1379846,0
parametric-eq,complex-minimax,48000,129,1024,16,10031.25,-1.7604197e-06,-0.148260984,16.1820163,0
parametric-eq,complex-minimax,48000,129,1024,16,10078.125,-1.79891745e-06,-0.18020838,16.2360865,0
parametric-eq,complex-minimax,48000,129,1024,16,10125,-1.84716721e-06,-0.209321262,16.3027613,0
parametric-eq,complex-minimax,48000,129,1024,16,10171.875,-1.87705049e-06,-0.23556,16.3776125,0
parametric-eq,complex-minimax,48000,129,1024,16,10218.75,-1.87209026e-06,-0.259312638,16.4509115,0
parametric-eq,complex-minimax,48000,129,1024,16,10265.625,-1.83646973e-06,-0.281081605,16.5117523,0
parametric-eq,complex-minimax,48000,129,1024,16,10312.5,-1.79183793e-06,-0.301127966,16.5527065,0
parametric-eq,complex-minimax,48000,129,1024,16,10359.375,-1.76420424e-06,-0.319236149,16.5729157,0
parametric-eq,complex-minimax,48000,129,1024,16,10406.25,-1.76882549e-06,-0.334706656,16.5782597,0
parametric-eq,complex-minimax,48000,129,1024,16,10453.125,-1.80184082e-06,-0.346582215,16.5785247,0
parametric-eq,complex-minimax,48000,129,1024,16,10500,-1.84320507e-06,-0.354008277,16.5828192,0
parametric-eq,complex-minimax,48000,129,1024,16,10546.875,-1.86881313e-06,-0.356566592,16.5953014,0
parametric-eq,complex-minimax,48000,129,1024,16,10593.75,-1.86450831e-06,-0.354430401,16.6131905,0
parametric-eq,complex-minimax,48000,129,1024,16,10640.625,-1.83385696e-06,-0.348270281,16.6279966,0
parametric-eq,complex-minimax,48000,129,1024,16,10687.5,-1.79545132e-06,-0.338954202,16.6293955,0
parametric-eq,complex-minimax,48000,129,1024,16,10734.375,-1.77167266e-06,-0.327178994,16.6099532,0
parametric-eq,complex-minimax,48000,129,1024,16,10781.25,-1.77568287e-06,-0.313199435,16.5685647,0
parametric-eq,complex-minimax,48000,129,1024,16,10828.125,-1.80418464e-06,-0.296775209,16.511084,0
parametric-eq,complex-minimax,48000,129,1024,16,10875,-1.83990488e-06,-0.277357983,16.4478735,0
parametric-eq,complex-minimax,48000,129,1024,16,10921.875,-1.86202665e-06,-0.254433594,16.389342,0
parametric-eq,complex-minimax,48000,129,1024,16,10968.75,-1.85829023e-06,-0.227863534,16.3414693,0
parametric-eq,complex-minimax,48000,129,1024,16,11015.625,-1.83174696e-06,-0.198068338,16.3033621,0
parametric-eq,complex-minimax,48000,129,1024,16,11062.5,-1.7984698e-06,-0.165966872,16.2679742,0
parametric-eq,complex-minimax,48000,129,1024,16,11109.375,-1.77785275e-06,-0.132698009,16.2256427,0
parametric-eq,complex-minimax,48000,129,1024,16,11156.25,-1.78133516e-06,-0.0992508093,16.1687838,0
parametric-eq,complex-minimax,48000,129,1024,16,11203.125,-1.80609058e-06,-0.0661691384,16.0956099,0
parametric-eq,complex-minimax,48000,129,1024,16,11250,-1.83714016e-06,-0.0334609826,16.011216,0
parametric-eq,complex-minimax,48000,129,1024,16,11296.875,-1.85638715e-06,-0.000750379084,15.9255642,0
parametric-eq,complex-minimax,48000,129,1024,16,11343.75,-1.85314011e-06,0.032398316,15.8492563,0
parametric-eq,complex-minimax,48000,129,1024,16,11390.625,-1.83001974e-06,0.0661319487,15.7889861,0
parametric-eq,complex-minimax,48000,129,1024,16,11437.5,-1.80100559e-06,0.100096269,15.7447546,0
parametric-eq,complex-minimax,48000,129,1024,16,11484.375,-1.78300915e-06,0.133458455,15.7101411,0
parametric-eq,complex-minimax,48000,129,1024,16,11531.25,-1.78603833e-06,0.165154389,15.6754961,0
parametric-eq,complex-minimax,48000,129,1024,16,11578.125,-1.80766071e-06,0.194247025,15.6325547,0
parametric-eq,complex-minimax,48000,129,1024,16,11625,-1.83481122e-06,0.220232866,15.5783613,0
parametric-eq,complex-minimax,48000,129,1024,16,11671.875,-1.85166348e-06,0.24315915,15.5167512,0
parametric-eq,complex-minimax,48000,129,1024,16,11718.75,-1.84883579e-06,0.263500352,15.4567477,0
parametric-eq,complex-minimax,48000,129,1024,16,11765.625,-1.82858817e-06,0.281850355,15.4085846,0
parametric-eq,complex-minimax,48000,129,1024,16,11812.5,-1.80314737e-06,0.298570082,15.3791424,0
parametric-eq,complex-minimax,48000,129,1024,16,11859.375,-1.78734433e-06,0.313552012,15.3688895,0
parametric-eq,complex-minimax,48000,129,1024,16,11906.25,-1.78998582e-06,0.32621036,15.3717586,0
parametric-eq,complex-minimax,48000,129,1024,16,11953.125,-1.80896969e-06,0.335701235,15.378014,0
parametric-eq,complex-minimax,48000,129,1024,16,12000,-1.83283904e-06,0.341270708,15.3787624,0
parametric-eq,complex-minimax,48000,129,1024,16,12046.875,-1.84767783e-06,0.342571202,15.3700332,0
parametric-eq,complex-minimax,48000,129,1024,16,12093.75,-1.84520832e-06,0.339802885,15.3545956,0
parametric-eq,complex-minimax,48000,129,1024,16,12140.625,-1.82738799e-06,0.333616602,15.3407116,0
parametric-eq,complex-minimax,48000,129,1024,16,12187.5,-1.80496563e-06,0.324821951,15.3383736,0
parametric-eq,complex-minimax,48000,129,1024,16,12234.375,-1.79101487e-06,0.314032508,15.3547112,0
parametric-eq,complex-minimax,48000,129,1024,16,12281.25,-1.79332562e-06,0.301410517,15.3906697,0
parametric-eq,complex-minimax,48000,129,1024,16,12328.125,-1.81007303e-06,0.286629209,15.4405147,0
parametric-eq,complex-minimax,48000,129,1024,16,12375,-1.83116067e-06,0.269070485,15.4944,0
parametric-eq,complex-minimax,48000,129,1024,16,12421.875,-1.84429195e-06,0.248166595,15.5427946,0
parametric-eq,complex-minimax,48000,129,1024,16,12468.75,-1.8421277e-06,0.22372902,15.580731,0
parametric-eq,complex-minimax,48000,129,1024,16,12515.625,-1.8263711e-06,0.196115099,15.6099574,0
parametric-eq,complex-minimax,48000,129,1024,16,12562.5,-1.80651669e-06,0.166156808,15.6380402,0
parametric-eq,complex-minimax,48000,129,1024,16,12609.375,-1.7941431e-06,0.134882683,15.6748002,0
parametric-eq,complex-minimax,48000,129,1024,16,12656.25,-1.79617225e-06,0.103157447,15.7276679,0
parametric-eq,complex-minimax,48000,129,1024,16,12703.125,-1.81101254e-06,0.0714031107,15.7980734,0
parametric-eq,complex-minimax,48000,129,1024,16,12750,-1.82972563e-06,0.0395298995,15.8805563,0
parametric-eq,complex-minimax,48000,129,1024,16,12796.875,-1.84139736e-06,0.00710899957,15.9650254,0
parametric-eq,complex-minimax,48000,129,1024,16,12843.75,-1.83949276e-06,-0.0262929535,16.0411147,0
parametric-eq,complex-minimax,48000,129,1024,16,12890.625,-1.82550103e-06,-0.0607715778,16.1026326,0
parametric-eq,complex-minimax,48000,129,1024,16,12937.5,-1.80784585e-06,-0.0958908965,16.1501035,0
parametric-eq,complex-minimax,48000,129,1024,16,12984.375,-1.79682546e-06,-0.130726783,16.1902745,0
parametric-eq,complex-minimax,48000,129,1024,16,13031.25,-1.79861528e-06,-0.164130689,16.2327975,0
parametric-eq,complex-minimax,48000,129,1024,16,13078.125,-1.81182013e-06,-0.195097699,16.285551,0
parametric-eq,complex-minimax,48000,129,1024,16,13125,-1.82849323e-06,-0.223074,16.3507211,0
parametric-eq,complex-minimax,48000,129,1024,16,13171.875,-1.83890812e-06,-0.248064365,16.4234676,0
parametric-eq,complex-minimax,48000,129,1024,16,13218.75,-1.837224e-06,-0.270491372,16.4938136,0
parametric-eq,complex-minimax,48000,129,1024,16,13265.625,-1.82474978e-06,-0.290872665,16.5508847,0
parametric-eq,complex-minimax,48000,129,1024,16,13312.5,-1.80898972e-06,-0.309465445,16.5875542,0
parametric-eq,complex-minimax,48000,129,1024,16,13359.375,-1.79913866e-06,-0.326040586,16.6034087,0
parametric-eq,complex-minimax,48000,129,1024,16,13406.25,-1.80072547e-06,-0.339889361,16.6047321,0
parametric-eq,complex-minimax,48000,129,1024,16,13453.125,-1.81252046e-06,-0.350061863,16.6015129,0
parametric-eq,complex-minimax,48000,129,1024,16,13500,-1.82743047e-06,-0.355732464,16.6027927,0
parametric-eq,complex-minimax,48000,129,1024,16,13546.875,-1.83675562e-06,-0.356528776,16.6124489,0
parametric-eq,complex-minimax,48000,129,1024,16,13593.75,-1.83525836e-06,-0.3526747,16.6273582,0
parametric-eq,complex-minimax,48000,129,1024,16,13640.625,-1.82409558e-06,-0.344882105,16.6388042,0
parametric-eq,complex-minimax,48000,129,1024,16,13687.5,-1.80997806e-06,-0.334041062,16.6364701,0
parametric-eq,complex-minimax,48000,129,1024,16,13734.375,-1.80114423e-06,-0.320849962,16.6131716,0
parametric-eq,complex-minimax,48000,129,1024,16,13781.25,-1.80255917e-06,-0.305551893,16.5681931,0
parametric-eq,complex-minimax,48000,129,1024,16,13828.125,-1.8131328e-06,-0.287893905,16.5077571,0
parametric-eq,complex-minimax,48000,129,1024,16,13875,-1.82651047e-06,-0.267325783,16.4424206,0
parametric-eq,complex-minimax,48000,129,1024,16,13921.875,-1.8348846e-06,-0.243348062,16.3825384,0
parametric-eq,complex-minimax,48000,129,1024,16,13968.75,-1.83354531e-06,-0.215850858,16.3338229,0
parametric-eq,complex-minimax,48000,129,1024,16,14015.625,-1.82352132e-06,-0.185287388,16.2950288,0
parametric-eq,complex-minimax,48000,129,1024,16,14062.5,-1.81083522e-06,-0.15260078,16.2588379,0
parametric-eq,complex-minimax,48000,129,1024,16,14109.375,-1.80289185e-06,-0.118936469,16.215514,0
parametric-eq,complex-minimax,48000,129,1024,16,14156.25,-1.80416171e-06,-0.0852704129,16.1576243,0
parametric-eq,complex-minimax,48000,129,1024,16,14203.125,-1.81367236e-06,-0.0521197832,16.0836781,0
parametric-eq,complex-minimax,48000,129,1024,16,14250,-1.82571118e-06,-0.0194635069,15.9990717,0
parametric-eq,complex-minimax,48000,129,1024,16,14296.875,-1.83325029e-06,0.0130944181,15.9139311,0
parametric-eq,complex-minimax,48000,129,1024,16,14343.75,-1.83204413e-06,0.0459940724,15.8388042,0
parametric-eq,complex-minimax,48000,129,1024,16,14390.625,-1.82301342e-06,0.07937219,15.7801309,0
parametric-eq,complex-minimax,48000,129,1024,16,14437.5,-1.81158118e-06,0.112857934,15.7375668,0
parametric-eq,complex-minimax,48000,129,1024,16,14484.375,-1.80442197e-06,0.145606654,15.7044038,0
parametric-eq,complex-minimax,48000,129,1024,16,14531.25,-1.80556979e-06,0.176556281,15.6708809,0
parametric-eq,complex-minimax,48000,129,1024,16,14578.125,-1.8141513e-06,0.204788548,15.6288348,0
parametric-eq,complex-minimax,48000,129,1024,16,14625,-1.82501444e-06,0.229830903,15.5755639,0
parametric-eq,complex-minimax,48000,129,1024,16,14671.875,-1.83181612e-06,0.251763914,15.5151864,0
parametric-eq,complex-minimax,48000,129,1024,16,14718.75,-1.83072168e-06,0.271087146,15.4569014,0
parametric-eq,complex-minimax,48000,129,1024,16,14765.625,-1.822561e-06,0.288404555,15.4109272,0
parametric-eq,complex-minimax,48000,129,1024,16,14812.5,-1.81223245e-06,0.30407216,15.3839387,0
parametric-eq,complex-minimax,48000,129,1024,16,14859.375,-1.8057677e-06,0.317969339,15.3760978,0
parametric-eq,complex-minimax,48000,129,1024,16,14906.25,-1.80681338e-06,0.329499341,15.3810647,0
parametric-eq,complex-minimax,48000,129,1024,16,14953.125,-1.81457941e-06,0.337818537,15.3889816,0
parametric-eq,complex-minimax,48000,129,1024,16,15000,-1.82440522e-06,0.342188231,15.3910294,0
parametric-eq,complex-minimax,48000,129,1024,16,15046.875,-1.83055202e-06,0.342287907,15.3834655,0
parametric-eq,complex-minimax,48000,129,1024,16,15093.75,-1.82955081e-06,0.338348198,15.3693318,0
parametric-eq,complex-minimax,48000,129,1024,16,15140.625,-1.82215523e-06,0.331043927,15.3570805,0
parametric-eq,complex-minimax,48000,129,1024,16,15187.5,-1.81280272e-06,0.321195226,15.3567236,0
parametric-eq,complex-minimax,48000,129,1024,16,15234.375,-1.80695636e-06,0.30941182,15.3752282,0
parametric-eq,complex-minimax,48000,129,1024,16,15281.25,-1.8079171e-06,0.295843194,15.413266,0
parametric-eq,complex-minimax,48000,129,1024,16,15328.125,-1.81496463e-06,0.280150237,15.4648399,0
parametric-eq,complex-minimax,48000,129,1024,16,15375,-1.82387104e-06,0.26171179,15.5199657,0
parametric-eq,complex-minimax,48000,129,1024,16,15421.875,-1.82943316e-06,0.239970678,15.5691535,0
parametric-eq,complex-minimax,48000,129,1024,16,15468.75,-1.82850915e-06,0.214760628,15.607629,0
parametric-eq,complex-minimax,48000,129,1024,16,15515.625,-1.82178891e-06,0.186465628,15.637392,0
parametric-eq,complex-minimax,48000,129,1024,16,15562.5,-1.81330342e-06,0.155939456,15.6662013,0
parametric-eq,complex-minimax,48000,129,1024,16,15609.375,-1.80801057e-06,0.124220456,15.7039206,0
parametric-eq,complex-minimax,48000,129,1024,16,15656.25,-1.80890134e-06,0.0921692529,15.7578518,0
parametric-eq,complex-minimax,48000,129,1024,16,15703.125,-1.81531352e-06,0.0601939968,15.8291792,0
parametric-eq,complex-minimax,48000,129,1024,16,15750,-1.82340144e-06,0.0281895076,15.912189,0
parametric-eq,complex-minimax,48000,129,1024,16,15796.875,-1.82843887e-06,-0.00428154195,15.9966386,0
parametric-eq,complex-minimax,48000,129,1024,16,15843.75,-1.8275781e-06,-0.037649364,16.0721745,0
parametric-eq,complex-minimax,48000,129,1024,16,15890.625,-1.82145611e-06,-0.0719957289,16.1327683,0
parametric-eq,complex-minimax,48000,129,1024,16,15937.5,-1.81374409e-06,-0.106866267,16.1791798,0
parametric-eq,complex-minimax,48000,129,1024,16,15984.375,-1.80894923e-06,-0.141322446,16.2183562,0
parametric-eq,complex-minimax,48000,129,1024,16,16031.25,-1.80978306e-06,-0.174212443,16.2600248,0
parametric-eq,complex-minimax,48000,129,1024,16,16078.125,-1.81563147e-06,-0.204541815,16.3119823,0
parametric-eq,complex-minimax,48000,129,1024,16,16125,-1.82298769e-06,-0.231777928,16.376217,0
parametric-eq,complex-minimax,48000,129,1024,16,16171.875,-1.82755189e-06,-0.255950173,16.4476703,0
parametric-eq,complex-minimax,48000,129,1024,16,16218.75,-1.82674216e-06,-0.277501084,16.5162305,0
parametric-eq,complex-minimax,48000,129,1024,16,16265.625,-1.82115188e-06,-0.296958364,16.5710375,0
parametric-eq,complex-minimax,48000,129,1024,16,16312.5,-1.81413276e-06,-0.314579243,16.6051257,0
parametric-eq,complex-minimax,48000,129,1024,16,16359.375,-1.80978816e-06,-0.330129436,16.6183247,0
parametric-eq,complex-minimax,48000,129,1024,16,16406.25,-1.81057648e-06,-0.342897342,16.617144,0
parametric-eq,complex-minimax,48000,129,1024,16,16453.125,-1.815923e-06,-0.35193914,16.6116918,0
parametric-eq,complex-minimax,48000,129,1024,16,16500,-1.82262242e-06,-0.356447091,16.6109841,0
parametric-eq,complex-minimax,48000,129,1024,16,16546.875,-1.82675769e-06,-0.356076133,16.6187538,0
parametric-eq,complex-minimax,48000,129,1024,16,16593.75,-1.82598829e-06,-0.351080348,16.6316966,0
parametric-eq,complex-minimax,48000,129,1024,16,16640.625,-1.8208721e-06,-0.342196837,16.6409753,0
parametric-eq,complex-minimax,48000,129,1024,16,16687.5,-1.8144762e-06,-0.330330392,16.6362797,0
parametric-eq,complex-minimax,48000,129,1024,16,16734.375,-1.81054069e-06,-0.316182671,16.6105652,0
parametric-eq,complex-minimax,48000,129,1024,16,16781.25,-1.81129356e-06,-0.299992438,16.5633361,0
parametric-eq,complex-minimax,48000,129,1024,16,16828.125,-1.81619191e-06,-0.281501578,16.5010246,0
parametric-eq,complex-minimax,48000,129,1024,16,16875,-1.82229939e-06,-0.2601604,16.4343017,0
parametric-eq,complex-minimax,48000,129,1024,16,16921.875,-1.82604401e-06,-0.235478988,16.3734973,0
parametric-eq,complex-minimax,48000,129,1024,16,16968.75,-1.82530546e-06,-0.20736465,16.3241767,0
parametric-eq,complex-minimax,48000,129,1024,16,17015.625,-1.82061327e-06,-0.176289941,16.2848984,0
parametric-eq,complex-minimax,48000,129,1024,16,17062.5,-1.81478013e-06,-0.143212444,16.2481901,0
parametric-eq,complex-minimax,48000,129,1024,16,17109.375,-1.81121812e-06,-0.109281847,16.2042733,0
parametric-eq,complex-minimax,48000,129,1024,16,17156.25,-1.81194446e-06,-0.0754669847,16.1458001,0
parametric-eq,complex-minimax,48000,129,1024,16,17203.125,-1.81644141e-06,-0.0422699213,16.0714485,0
parametric-eq,complex-minimax,48000,129,1024,16,17250,-1.82201335e-06,-0.00965290518,15.9867874,0
parametric-eq,complex-minimax,48000,129,1024,16,17296.875,-1.82540045e-06,0.0227917486,15.9020368,0
parametric-eq,complex-minimax,48000,129,1024,16,17343.75,-1.82468432e-06,0.0555069545,15.8277125,0
parametric-eq,complex-minimax,48000,129,1024,16,17390.625,-1.8203724e-06,0.0886239798,15.7701063,0
parametric-eq,complex-minimax,48000,129,1024,16,17437.5,-1.81504941e-06,0.121762863,15.7286718,0
parametric-eq,complex-minimax,48000,129,1024,16,17484.375,-1.81183004e-06,0.154072697,15.6965313,0
parametric-eq,complex-minimax,48000,129,1024,16,17531.25,-1.81253783e-06,0.184493366,15.6638573,0
parametric-eq,complex-minimax,48000,129,1024,16,17578.125,-1.81667428e-06,0.212118455,15.6225447,0
parametric-eq,complex-minimax,48000,129,1024,16,17625,-1.82175979e-06,0.236494498,15.5700409,0
parametric-eq,complex-minimax,48000,129,1024,16,17671.875,-1.82481812e-06,0.25772261,15.5106298,0
parametric-eq,complex-minimax,48000,129,1024,16,17718.75,-1.82411688e-06,0.27631806,15.453614,0
parametric-eq,complex-minimax,48000,129,1024,16,17765.625,-1.82014694e-06,0.292891611,15.4092006,0
parametric-eq,complex-minimax,48000,129,1024,16,17812.5,-1.81528819e-06,0.307797196,15.3839399,0
parametric-eq,complex-minimax,48000,129,1024,16,17859.375,-1.81238467e-06,0.320907259,15.3778086,0
parametric-eq,complex-minimax,48000,129,1024,16,17906.25,-1.81308106e-06,0.331619464,15.3843017,0
parametric-eq,complex-minimax,48000,129,1024,16,17953.125,-1.81689288e-06,0.339091425,15.3934868,0
parametric-eq,complex-minimax,48000,129,1024,16,18000,-1.8215349e-06,0.342594784,15.3965892,0
parametric-eq,complex-minimax,48000,129,1024,16,18046.875,-1.82428944e-06,0.34182656,15.3900038,0
parametric-eq,complex-minimax,48000,129,1024,16,18093.75,-1.82359627e-06,0.337036995,15.3769369,0
parametric-eq,complex-minimax,48000,129,1024,16,18140.625,-1.81993468e-06,0.328916565,15.3659555,0
parametric-eq,complex-minimax,48000,129,1024,16,18187.5,-1.8155e-06,0.318292845,15.3670815,0
parametric-eq,complex-minimax,48000,129,1024,16,18234.375,-1.81288904e-06,0.305774207,15.3871797,0
parametric-eq,complex-minimax,48000,129,1024,16,18281.25,-1.81358053e-06,0.291503349,15.4267517,0
parametric-eq,complex-minimax,48000,129,1024,16,18328.125,-1.81709929e-06,0.275134691,15.4796363,0
parametric-eq,complex-minimax,48000,129,1024,16,18375,-1.82133542e-06,0.256046378,15.5357625,0
parametric-eq,complex-minimax,48000,129,1024,16,18421.875,-1.82380787e-06,0.233689013,15.585665,0
parametric-eq,complex-minimax,48000,129,1024,16,18468.75,-1.82311656e-06,0.207911329,15.6246876,0
parametric-eq,complex-minimax,48000,129,1024,16,18515.625,-1.81973367e-06,0.179115018,15.6549851,0
parametric-eq,complex-minimax,48000,129,1024,16,18562.5,-1.81568786e-06,0.148168471,15.6844336,0
parametric-eq,complex-minimax,48000,129,1024,16,18609.375,-1.81334922e-06,0.116117079,15.7229209,0
parametric-eq,complex-minimax,48000,129,1024,16,18656.25,-1.81404177e-06,0.0838197451,15.7776646,0
parametric-eq,complex-minimax,48000,129,1024,16,18703.125,-1.81729533e-06,0.0516767332,15.8496918,0
parametric-eq,complex-minimax,48000,129,1024,16,18750,-1.82115854e-06,0.0195739737,15.9331267,0
parametric-eq,complex-minimax,48000,129,1024,16,18796.875,-1.82336776e-06,-0.0129304567,16.0176302,0
parametric-eq,complex-minimax,48000,129,1024,16,18843.75,-1.8226726e-06,-0.0462640964,16.0928556,0
parametric-eq,complex-minimax,48000,129,1024,16,18890.625,-1.8195422e-06,-0.0804994337,16.1528771,0
parametric-eq,complex-minimax,48000,129,1024,16,18937.5,-1.81585436e-06,-0.115170154,16.1986029,0
parametric-eq,complex-minimax,48000,129,1024,16,18984.375,-1.81377046e-06,-0.149328563,16.2371059,0
parametric-eq,complex-minimax,48000,129,1024,16,19031.25,-1.81446957e-06,-0.181821007,16.2781588,0
parametric-eq,complex-minimax,48000,129,1024,16,19078.125,-1.81748261e-06,-0.211660183,16.3295044,0
parametric-eq,complex-minimax,48000,129,1024,16,19125,-1.82100187e-06,-0.238327592,16.3930041,0
parametric-eq,complex-minimax,48000,129,1024,16,19171.875,-1.82296424e-06,-0.261869065,16.4634603,0
parametric-eq,complex-minimax,48000,129,1024,16,19218.75,-1.82225991e-06,-0.282740696,16.5306781,0
parametric-eq,complex-minimax,48000,129,1024,16,19265.625,-1.81935875e-06,-0.301477546,16.583811,0
parametric-eq,complex-minimax,48000,129,1024,16,19312.5,-1.81600172e-06,-0.318337976,16.6160022,0
parametric-eq,complex-minimax,48000,129,1024,16,19359.375,-1.81415733e-06,-0.333085767,16.6272419,0
parametric-eq,complex-minimax,48000,129,1024,16,19406.25,-1.81486814e-06,-0.345009152,16.6241879,0
parametric-eq,complex-minimax,48000,129,1024,16,19453.125,-1.81766257e-06,-0.353170182,16.6170273,0
parametric-eq,complex-minimax,48000,129,1024,16,19500,-1.82086335e-06,-0.356774755,16.6147602,0
parametric-eq,complex-minimax,48000,129,1024,16,19546.875,-1.82259303e-06,-0.355497526,16.6210277,0
parametric-eq,complex-minimax,48000,129,1024,16,19593.75,-1.82187454e-06,-0.349613997,16.6324119,0
parametric-eq,complex-minimax,48000,129,1024,16,19640.625,-1.81918196e-06,-0.339879249,16.6400036,0
parametric-eq,complex-minimax,48000,129,1024,16,19687.5,-1.81613184e-06,-0.327209029,16.6335046,0
parametric-eq,complex-minimax,48000,129,1024,16,19734.375,-1.8145138e-06,-0.3123084,16.6059698,0
parametric-eq,complex-minimax,48000,129,1024,16,19781.25,-1.81524117e-06,-0.295414615,16.5570529,0
parametric-eq,complex-minimax,48000,129,1024,16,19828.125,-1.81783651e-06,-0.276267612,16.4933258,0
parametric-eq,complex-minimax,48000,129,1024,16,19875,-1.82074122e-06,-0.254319571,16.4255331,0
parametric-eq,complex-minimax,48000,129,1024,16,19921.875,-1.82225042e-06,-0.229088333,16.363985,0
parametric-eq,complex-minimax,48000,129,1024,16,19968.75,-1.82151301e-06,-0.200493761,16.3141469,0
parametric-eq,complex-minimax,48000,129,1024,16,20015.625,-1.81901057e-06,-0.169021979,16.2744468,0
parametric-eq,complex-minimax,48000,129,1024,16,20062.5,-1.81624635e-06,-0.135640438,16.2373131,0
parametric-eq,complex-minimax,48000,129,1024,16,20109.375,-1.81484336e-06,-0.10150155,16.1929449,0
parametric-eq,complex-minimax,48000,129,1024,16,20156.25,-1.81559195e-06,-0.0675691079,16.1340563,0
parametric-eq,complex-minimax,48000,129,1024,16,20203.125,-1.81800563e-06,-0.0343348474,16.0594417,0
parametric-eq,complex-minimax,48000,129,1024,16,20250,-1.82063397e-06,-0.00174981411,15.9747845,0
parametric-eq,complex-minimax,48000,129,1024,16,20296.875,-1.82193315e-06,0.0306013334,15.8903628,0
parametric-eq,complex-minimax,48000,129,1024,16,20343.75,-1.82117224e-06,0.0631631501,15.8166637,0
parametric-eq,complex-minimax,48000,129,1024,16,20390.625,-1.81884344e-06,0.0960630963,15.7598721,0
parametric-eq,complex-minimax,48000,129,1024,16,20437.5,-1.81634667e-06,0.128915277,15.7193009,0
parametric-eq,complex-minimax,48000,129,1024,16,20484.375,-1.81514908e-06,0.160865227,15.6879587,0
parametric-eq,complex-minimax,48000,129,1024,16,20531.25,-1.81592341e-06,0.190855193,15.6559771,0
parametric-eq,complex-minimax,48000,129,1024,16,20578.125,-1.81817104e-06,0.217988006,15.6152967,0
parametric-eq,complex-minimax,48000,129,1024,16,20625,-1.82054029e-06,0.241824273,15.5634702,0
parametric-eq,complex-minimax,48000,129,1024,16,20671.875,-1.82163833e-06,0.262479894,15.5048953,0
parametric-eq,complex-minimax,48000,129,1024,16,20718.75,-1.82084946e-06,0.280481275,15.4489401,0
parametric-eq,complex-minimax,48000,129,1024,16,20765.625,-1.8186795e-06,0.296444011,15.4057965,0
parametric-eq,complex-minimax,48000,129,1024,16,20812.5,-1.81643397e-06,0.310720779,15.3819212,0
parametric-eq,complex-minimax,48000,129,1024,16,20859.375,-1.81543365e-06,0.323179697,15.3771581,0
parametric-eq,complex-minimax,48000,129,1024,16,20906.25,-1.81623815e-06,0.333215443,15.3848882,0
parametric-eq,complex-minimax,48000,129,1024,16,20953.125,-1.81833376e-06,0.339987742,15.3951319,0
parametric-eq,complex-minimax,48000,129,1024,16,21000,-1.8204591e-06,0.342776826,15.3991516,0
parametric-eq,complex-minimax,48000,129,1024,16,21046.875,-1.8213634e-06,0.341293223,15.3934428,0
parametric-eq,complex-minimax,48000,129,1024,16,21093.75,-1.82054218e-06,0.335801829,15.3813277,0
parametric-eq,complex-minimax,48000,129,1024,16,21140.625,-1.81851775e-06,0.327004651,15.371449,0
parametric-eq,complex-minimax,48000,129,1024,16,21187.5,-1.81650929e-06,0.315734783,15.3738277,0
parametric-eq,complex-minimax,48000,129,1024,16,21234.375,-1.81569948e-06,0.302599927,15.3952484,0
parametric-eq,complex-minimax,48000,129,1024,16,21281.25,-1.81653854e-06,0.287738531,15.4360868,0
parametric-eq,complex-minimax,48000,129,1024,16,21328.125,-1.81849478e-06,0.270801377,15.4900654,0
parametric-eq,complex-minimax,48000,129,1024,16,21375,-1.82038945e-06,0.251167429,15.5470555,0
parametric-eq,complex-minimax,48000,129,1024,16,21421.875,-1.82110612e-06,0.228294283,15.5976149,0
parametric-eq,complex-minimax,48000,129,1024,16,21468.75,-1.82024813e-06,0.202042703,15.6371763,0
parametric-eq,complex-minimax,48000,129,1024,16,21515.625,-1.81835723e-06,0.172828005,15.6680051,0
parametric-eq,complex-minimax,48000,129,1024,16,21562.5,-1.81657347e-06,0.14152959,15.6980566,0
parametric-eq,complex-minimax,48000,129,1024,16,21609.375,-1.81594871e-06,0.109198125,15.7372271,0
parametric-eq,complex-minimax,48000,129,1024,16,21656.25,-1.81682675e-06,0.0766914289,15.7926642,0
parametric-eq,complex-minimax,48000,129,1024,16,21703.125,-1.81865503e-06,0.0444044197,15.8652758,0
parametric-eq,complex-minimax,48000,129,1024,16,21750,-1.82033056e-06,0.0122172877,15.949068,0
parametric-eq,complex-minimax,48000,129,1024,16,21796.875,-1.82086446e-06,-0.0203142382,16.0336355,0
parametric-eq,complex-minimax,48000,129,1024,16,21843.75,-1.81996525e-06,-0.0536147006,16.108643,0
parametric-eq,complex-minimax,48000,129,1024,16,21890.625,-1.81819701e-06,-0.0877490115,16.1682444,0
parametric-eq,complex-minimax,48000,129,1024,16,21937.5,-1.81662724e-06,-0.122241804,16.2134567,0
parametric-eq,complex-minimax,48000,129,1024,16,21984.375,-1.81618326e-06,-0.156138914,16.2514401,0
parametric-eq,complex-minimax,48000,129,1024,16,22031.25,-1.81710478e-06,-0.188286021,16.291993,0
parametric-eq,complex-minimax,48000,129,1024,16,22078.125,-1.81881544e-06,-0.217701925,16.3428103,0
parametric-eq,complex-minimax,48000,129,1024,16,22125,-1.82028176e-06,-0.243879261,16.4056552,0
parametric-eq,complex-minimax,48000,129,1024,16,22171.875,-1.82063659e-06,-0.266876427,16.4752297,0
parametric-eq,complex-minimax,48000,129,1024,16,22218.75,-1.81969163e-06,-0.287159708,16.5412843,0
parametric-eq,complex-minimax,48000,129,1024,16,22265.625,-1.81803618e-06,-0.305269728,16.5929931,0
parametric-eq,complex-minimax,48000,129,1024,16,22312.5,-1.81667119e-06,-0.321466055,16.6235893,0
parametric-eq,complex-minimax,48000,129,1024,16,22359.375,-1.81640485e-06,-0.335511916,16.6331874,0
parametric-eq,complex-minimax,48000,129,1024,16,22406.25,-1.81737445e-06,-0.346696893,16.6285548,0
parametric-eq,complex-minimax,48000,129,1024,16,22453.125,-1.81897691e-06,-0.354089334,16.619932,0
parametric-eq,complex-minimax,48000,129,1024,16,22500,-1.82024253e-06,-0.356907366,16.6163007,0
parametric-eq,complex-minimax,48000,129,1024,16,22546.875,-1.82042089e-06,-0.354842207,16.6212306,0
parametric-eq,complex-minimax,48000,129,1024,16,22593.75,-1.81942548e-06,-0.34818672,16.6312216,0
parametric-eq,complex-minimax,48000,129,1024,16,22640.625,-1.81787385e-06,-0.337710264,16.6373198,0
parametric-eq,complex-minimax,48000,129,1024,16,22687.5,-1.8167058e-06,-0.324337271,16.6292491,0
parametric-eq,complex-minimax,48000,129,1024,16,22734.375,-1.81661504e-06,-0.308775823,16.6001513,0
parametric-eq,complex-minimax,48000,129,1024,16,22781.25,-1.81763749e-06,-0.2912628,16.5497995,0
parametric-eq,complex-minimax,48000,129,1024,16,22828.125,-1.81914034e-06,-0.271537901,16.4848707,0
parametric-eq,complex-minimax,48000,129,1024,16,22875,-1.82021245e-06,-0.249056314,16.4161586,0
parametric-eq,complex-minimax,48000,129,1024,16,22921.875,-1.82021586e-06,-0.223343414,16.3539487,0
parametric-eq,complex-minimax,48000,129,1024,16,22968.75,-1.81916512e-06,-0.194329902,16.3036232,0
parametric-eq,complex-minimax,48000,129,1024,16,23015.625,-1.81770909e-06,-0.162512884,16.2635096,0
parametric-eq,complex-minimax,48000,129,1024,16,23062.5,-1.81673144e-06,-0.128867277,16.2259666,0
parametric-eq,complex-minimax,48000,129,1024,16,23109.375,-1.81681526e-06,-0.0945469899,16.181187,0
parametric-eq,complex-minimax,48000,129,1024,16,23156.25,-1.81789556e-06,-0.0605112533,16.1219434,0
parametric-eq,complex-minimax,48000,129,1024,16,23203.125,-1.81930666e-06,-0.0272434418,16.0471255,0
parametric-eq,complex-minimax,48000,129,1024,16,23250,-1.82019119e-06,0.00531393071,15.9625034,0
parametric-eq,complex-minimax,48000,129,1024,16,23296.875,-1.82002014e-06,0.037581535,15.8783913,0
parametric-eq,complex-minimax,48000,129,1024,16,23343.75,-1.81890895e-06,0.0700044174,15.8052414,0
parametric-eq,complex-minimax,48000,129,1024,16,23390.625,-1.81754098e-06,0.102706526,15.7491452,0
parametric-eq,complex-minimax,48000,129,1024,16,23437.5,-1.81674838e-06,0.135297366,15.709302,0
parametric-eq,complex-minimax,48000,129,1024,16,23484.375,-1.81700679e-06,0.166920398,15.6786353,0
parametric-eq,complex-minimax,48000,129,1024,16,23531.25,-1.81815022e-06,0.196520939,15.6472552,0
parametric-eq,complex-minimax,48000,129,1024,16,23578.125,-1.8194768e-06,0.223210403,15.6071486,0
parametric-eq,complex-minimax,48000,129,1024,16,23625,-1.82017852e-06,0.24656149,15.5559584,0
parametric-eq,complex-minimax,48000,129,1024,16,23671.875,-1.81983248e-06,0.266702187,15.4981708,0
parametric-eq,complex-minimax,48000,129,1024,16,23718.75,-1.81865541e-06,0.284167552,15.4431978,0
parametric-eq,complex-minimax,48000,129,1024,16,23765.625,-1.81736857e-06,0.299576536,15.4012066,0
parametric-eq,complex-minimax,48000,129,1024,16,23812.5,-1.81675681e-06,0.313280465,15.378568,0
parametric-eq,complex-minimax,48000,129,1024,16,23859.375,-1.81719086e-06,0.325144165,15.375015,0
parametric-eq,complex-minimax,48000,129,1024,16,23906.25,-1.81840301e-06,0.334560752,15.3838404,0
parametric-eq,complex-minimax,48000,129,1024,16,23953.125,-1.81965173e-06,0.340692993,15.3950367,0
parametric-eq,complex-minimax,48000,129,1024,16,24000,-1.82017431e-06,0.342829531,15.3999074,0
parametric-eq,minphase-truncation,48000,129,1024,0,0,3.85730987e-15,-0.000425094869,-0.558268601,0
parametric-eq,minphase-truncation,48000,129,1024,0,46.875,-5.43410295e-07,-0.000305966222,-0.556988547,0
parametric-eq,minphase-truncation,48000,129,1024,0,93.75,-1.85412125e-06,-1.5076164e-05,-0.55410253,0
parametric-eq,minphase-truncation,48000,129,1024,0,140.625,-3.15814005e-06,0.00028485998,-0.551949408,0
parametric-eq,minphase-truncation,48000,129,1024,0,187.5,-3.67615948e-06,0.000425084365,-0.552967602,0
parametric-eq,minphase-truncation,48000,129,1024,0,234.375,-3.08160572e-06,0.000324911153,-0.558349589,0
parametric-eq,minphase-truncation,48000,129,1024,0,281.25,-1.70319478e-06,3.78476311e-05,-0.567373519,0
parametric-eq,minphase-truncation,48000,129,1024,0,328.125,-3.48502546e-07,-0.000276413895,-0.577788416,0
parametric-eq,minphase-truncation,48000,129,1024,0,375,1.60136208e-07,-0.000439865245,-0.587060693,0
parametric-eq,minphase-truncation,48000,129,1024,0,421.875,-5.23627377e-07,-0.000356212245,-0.593811559,0
parametric-eq,minphase-truncation,48000,129,1024,0,468.75,-2.04025109e-06,-6.73513849e-05,-0.598648915,0
parametric-eq,minphase-truncation,48000,129,1024,0,515.625,-3.50416827e-06,0.000266688625,-0.603908926,0
parametric-eq,minphase-truncation,48000,129,1024,0,562.5,-4.00961963e-06,0.000455361866,-0.612417619,0
parametric-eq,minphase-truncation,48000,129,1024,0,609.375,-3.18067592e-06,0.000385438271,-0.625937462,0
parametric-eq,minphase-truncation,48000,129,1024,0,656.25,-1.43814884e-06,8.86040379e-05,-0.644165285,0
parametric-eq,minphase-truncation,48000,129,1024,0,703.125,1.98947445e-07,-0.00027123993,-0.664873074,0
parametric-eq,minphase-truncation,48000,129,1024,0,750,6.94377398e-07,-0.000487193195,-0.685165441,0
parametric-eq,minphase-truncation,48000,129,1024,0,796.875,-3.63516966e-07,-0.000427402514,-0.703191144,0
parametric-eq,minphase-truncation,48000,129,1024,0,843.75,-2.44755019e-06,-0.000115187136,-0.719347092,0
parametric-eq,minphase-truncation,48000,129,1024,0,890.625,-4.33090881e-06,0.000277210996,-0.736249823,0
parametric-eq,minphase-truncation,48000,129,1024,0,937.5,-4.78850591e-06,0.00052218696,-0.757424049,0
parametric-eq,minphase-truncation,48000,129,1024,0,984.375,-3.37310619e-06,0.000467728979,-0.78540341,0
parametric-eq,minphase-truncation,48000,129,1024,0,1031.25,-7.87992184e-07,0.000131155211,-0.820322162,0
parametric-eq,minphase-truncation,48000,129,1024,0,1078.125,1.42686665e-06,-0.000301669004,-0.859857183,0
parametric-eq,minphase-truncation,48000,129,1024,0,1125,1.78191371e-06,-0.00057706261,-0.900648484,0
parametric-eq,minphase-truncation,48000,129,1024,0,1171.875,-1.91028239e-07,-0.000520967139,-0.940466543,0
parametric-eq,minphase-truncation,48000,129,1024,0,1218.75,-3.48869958e-06,-0.000148273385,-0.97989604,0
parametric-eq,minphase-truncation,48000,129,1024,0,1265.625,-6.04949083e-06,0.000334183998,-1.02250135,0
parametric-eq,minphase-truncation,48000,129,1024,0,1312.5,-5.82037448e-06,0.000640290121,-1.07327889,0
parametric-eq,minphase-truncation,48000,129,1024,0,1359.375,-1.68058645e-06,0.000573371585,-1.13622747,0
parametric-eq,minphase-truncation,48000,129,1024,0,1406.25,6.94501598e-06,0.000153452348,-1.21247033,0
parametric-eq,minphase-truncation,48000,129,1024,0,1453.125,2.30449825e-05,-0.000376103185,-1.30015251,0
parametric-eq,minphase-truncation,48000,129,1024,0,1500,5.88798838e-05,-0.000673326706,-1.39637896,0
parametric-eq,minphase-truncation,48000,129,1024,0,1546.875,0.000148562119,-0.00048233226,-1.50024802,0
parametric-eq,minphase-truncation,48000,129,1024,0,1593.75,0.000369491928,0.000241601611,-1.61526727,0
parametric-eq,minphase-truncation,48000,129,1024,0,1640.625,0.000877883735,0.00136752446,-1.74963499,0
parametric-eq,minphase-truncation,48000,129,1024,0,1687.5,0.0019658269,0.00280554398,-1.91401413,0
parametric-eq,minphase-truncation,48000,129,1024,0,1734.375,0.00414842236,0.00482771763,-2.11788144,0
parametric-eq,minphase-truncation,48000,129,1024,0,1781.25,0.00828818364,0.00835981398,-2.36641301,0
parametric-eq,minphase-truncation,48000,129,1024,0,1828.125,0.0157592335,0.0151333088,-2.65958336,1.00078382
parametric-eq,minphase-truncation,48000,129,1024,0,1875,0.0286459369,0.0276803252,-2.99377969,1.00171926
parametric-eq,minphase-truncation,48000,129,1024,0,1921.875,0.0499604709,0.0492657806,-3.36446502,1.00355647
parametric-eq,minphase-truncation,48000,129,1024,0,1968.75,0.0838528187,0.0839085355,-3.76731137,1.00696686
parametric-eq,minphase-truncation,48000,129,1024,0,2015.625,0.135775804,0.136594305,-4.1956496,1.0129755
parametric-eq,minphase-truncation,48000,129,1024,0,2062.5,0.212557349,0.213633002,-4.63416258,1.02306631
parametric-eq,minphase-truncation,48000,129,1024,0,2109.375,0.322322373,0.322937438,-5.05152445,1.03929061
parametric-eq,minphase-truncation,48000,129,1024,0,2156.25,0.474199843,0.473912527,-5.39648775,1.06438007
parametric-eq,minphase-truncation,48000,129,1024,0,2203.125,0.67775312,0.676731494,-5.60121986,1.10187377
parametric-eq,minphase-truncation,48000,129,1024,0,2250,0.942096207,0.941030346,-5.59217625,1.15627778
parametric-eq,minphase-truncation,48000,129,1024,0,2296.875,1.27471803,1.27433903,-5.30429388,1.23327628
parametric-eq,minphase-truncation,48000,129,1024,0,2343.75,1.68013384,1.68068654,-4.69234967,1.33999996
parametric-eq,minphase-truncation,48000,129,1024,0,2390.625,2.15859353,2.1596703,-3.7361882,1.485322
parametric-eq,minphase-truncation,48000,129,1024,0,2437.5,2.7051489,2.70600834,-2.44169033,1.68008744
parametric-eq,minphase-truncation,48000,129,1024,0,2484.375,3.3093565,3.30946016,-0.841336141,1.9370829
parametric-eq,minphase-truncation,48000,129,1024,0,2531.25,3.95575134,3.95510281,1.00496602,2.27042586
parametric-eq,minphase-truncation,48000,129,1024,0,2578.125,4.62501678,4.62408998,3.0121334,2.69393556
parametric-eq,minphase-truncation,48000,129,1024,0,2625,5.29559324,5.29496953,5.07828123,3.21803963
parametric-eq,minphase-truncation,48000,129,1024,0,2671.875,5.94539149,5.94539726,7.09795834,3.84503744
parametric-eq,minphase-truncation,48000,129,1024,0,2718.75,6.5533206,6.55388375,8.97546917,4.56324306
parametric-eq,minphase-truncation,48000,129,1024,0,2765.625,7.10045845,7.10121243,10.6338245,5.34163836
parametric-eq,minphase-truncation,48000,129,1024,0,2812.5,7.57082025,7.57134134,12.0178119,6.12772374
parametric-eq,minphase-truncation,48000,129,1024,0,2859.375,7.95177226,7.95180205,13.0924213,6.85136693
parametric-eq,minphase-truncation,48000,129,1024,0,2906.25,8.23418069,8.23373404,13.8389468,7.43580626
parametric-eq,minphase-truncation,48000,129,1024,0,2953.125,8.41239003,8.41172228,14.2508035,7.81374097
parametric-eq,minphase-truncation,48000,129,1024,0,3000,8.48410625,8.4835743,14.3302981,7.94328235
parametric-eq,minphase-truncation,48000,129,1024,0,3046.875,8.45023363,8.45011928,14.0868612,7.81767985
parametric-eq,minphase-truncation,48000,129,1024,0,3093.75,8.31468663,8.31505803,13.5367502,7.4651635
parametric-eq,minphase-truncation,48000,129,1024,0,3140.625,8.0841761,8.08484697,12.7039031,6.93961997
parametric-eq,minphase-truncation,48000,129,1024,0,3187.5,7.76795251,7.76856357,11.6213419,6.30645232
parametric-eq,minphase-truncation,48000,129,1024,0,3234.375,7.37747997,7.3776774,10.3322498,5.62894446
parametric-eq,minphase-truncation,48000,129,1024,0,3281.25,6.92601502,6.9256495,8.88966923,4.95886024
parametric-eq,minphase-truncation,48000,129,1024,0,3328.125,6.42807445,6.42731492,7.35392389,4.33239286
parametric-eq,minphase-truncation,48000,129,1024,0,3375,5.8987975,5.89807367,5.78761134,3.7705025
parametric-eq,minphase-truncation,48000,129,1024,0,3421.875,5.35323549,5.35300608,4.24929014,3.2818013
parametric-eq,minphase-truncation,48000,129,1024,0,3468.75,4.80563021,4.80608981,2.78812691,2.86627174
parametric-eq,minphase-truncation,48000,129,1024,0,3515.625,4.26875966,4.26967228,1.4417129,2.51869932
parametric-eq,minphase-truncation,48000,129,1024,0,3562.5,3.7534283,3.75423114,0.237487937,2.23131642
parametric-eq,minphase-truncation,48000,129,1024,0,3609.375,3.26815595,3.26830764,-0.804300069,1.99558181
parametric-eq,minphase-truncation,48000,129,1024,0,3656.25,2.81908171,2.8184392,-1.66932547,1.80323519
parametric-eq,minphase-truncation,48000,129,1024,0,3703.125,2.4100602,2.40901145,-2.35124542,1.64683073
parametric-eq,minphase-truncation,48000,129,1024,0,3750,2.04290086,2.04213039,-2.85538086,1.51993678
parametric-eq,minphase-truncation,48000,129,1024,0,3796.875,1.71769215,1.71772186,-3.20008619,1.41714408
parametric-eq,minphase-truncation,48000,129,1024,0,3843.75,1.43315947,1.43398467,-3.41304471,1.33397795
parametric-eq,minphase-truncation,48000,129,1024,0,3890.625,1.18701926,1.18810258,-3.52354769,1.26677272
parametric-eq,minphase-truncation,48000,129,1024,0,3937.5,0.976305773,0.976937065,-3.55504482,1.21254063
parametric-eq,minphase-truncation,48000,129,1024,0,3984.375,0.797656013,0.797427666,-3.52221278,1.16885118
parametric-eq,minphase-truncation,48000,129,1024,0,4031.25,0.647545018,0.646616797,-3.43365186,1.13372709
parametric-eq,minphase-truncation,48000,129,1024,0,4078.125,0.522467951,0.521449373,-3.2975836,1.10555798
parametric-eq,minphase-truncation,48000,129,1024,0,4125,0.419070441,0.418612557,-3.12623048,1.08303036
parametric-eq,minphase-truncation,48000,129,1024,0,4171.875,0.334233078,0.334609388,-2.93590152,1.06507144
parametric-eq,minphase-truncation,48000,129,1024,0,4218.75,0.265119105,0.266066632,-2.74301199,1.05080437
parametric-eq,minphase-truncation,48000,129,1024,0,4265.625,0.209195306,0.210102917,-2.55897988,1.03951245
parametric-eq,minphase-truncation,48000,129,1024,0,4312.5,0.164234804,0.164540462,-2.38743718,1.03061035
parametric-eq,minphase-truncation,48000,129,1024,0,4359.375,0.128308006,0.127845341,-2.22546027,1.0236209
parametric-eq,minphase-truncation,48000,129,1024,0,4406.25,0.0997654667,0.0988482311,-2.06792351,1.01815608
parametric-eq,minphase-truncation,48000,129,1024,0,4453.125,0.0772149256,0.0764221905,-1.91224912,1.01390139
parametric-eq,minphase-truncation,48000,129,1024,0,4500,0.0594942996,0.0593044632,-1.76076833,1.01060295
parametric-eq,minphase-truncation,48000,129,1024,0,4546.875,0.0456426379,0.0461473015,-1.61953478,1.00805667
parametric-eq,minphase-truncation,48000,129,1024,0,4593.75,0.0348712323,0.0357376364,-1.49464298,1.00609927
parametric-eq,minphase-truncation,48000,129,1024,0,4640.625,0.0265368361,0.0272278708,-1.38850867,1.00460079
parametric-eq,minphase-truncation,48000,129,1024,0,4687.5,0.0201181863,0.0202244503,-1.29839359,1.00345826
parametric-eq,minphase-truncation,48000,129,1024,0,4734.375,0.0151960664,0.0146758965,-1.21796576,1.00259058
parametric-eq,minphase-truncation,48000,129,1024,0,4781.25,0.0114363877,0.0106251959,-1.14084961,1.00193417
parametric-eq,minphase-truncation,48000,129,1024,0,4828.125,0.00857549204,0.00796962565,-1.06399837,1.00143945
parametric-eq,minphase-truncation,48000,129,1024,0,4875,0.00640707264,0.00636111089,-0.988921263,1.00106794
parametric-eq,minphase-truncation,48000,129,1024,0,4921.875,0.00477054299,0.00529182403,-0.920156789,1.00078993
parametric-eq,minphase-truncation,48000,129,1024,0,4968.75,0.00354104641,0.00429898379,-0.862042437,1.0005826
parametric-eq,minphase-truncation,48000,129,1024,0,5015.625,0.00262137843,0.00315672164,-0.815776911,0
parametric-eq,minphase-truncation,48000,129,1024,0,5062.5,0.00193588419,0.00193789832,-0.778489213,0
parametric-eq,minphase-truncation,48000,129,1024,0,5109.375,0.0014260509,0.000911276193,-0.74477178,0
parametric-eq,minphase-truncation,48000,129,1024,0,5156.25,0.00104725829,0.000338114579,-0.709679157,0
parametric-eq,minphase-truncation,48000,129,1024,0,5203.125,0.000766119664,0.000289411078,-0.671373508,0
parametric-eq,minphase-truncation,48000,129,1024,0,5250,0.00055804276,0.000588903479,-0.631867914,0
parametric-eq,minphase-truncation,48000,129,1024,0,5296.875,0.000404936919,0.000909309891,-0.595496882,0
parametric-eq,minphase-truncation,48000,129,1024,0,5343.75,0.000293224389,0.000958191773,-0.566100673,0
parametric-eq,minphase-truncation,48000,129,1024,0,5390.625,0.000212369276,0.00063983945,-0.544625125,0
parametric-eq,minphase-truncation,48000,129,1024,0,5437.5,0.000154017249,9.8255787e-05,-0.52852355,0
parametric-eq,minphase-truncation,48000,129,1024,0,5484.375,0.000111639432,-0.000380464057,-0.513244084,0
parametric-eq,minphase-truncation,48000,129,1024,0,5531.25,8.04233579e-05,-0.000544944409,-0.494862658,0
parametric-eq,minphase-truncation,48000,129,1024,0,5578.125,5.71376127e-05,-0.000328500521,-0.472279852,0
parametric-eq,minphase-truncation,48000,129,1024,0,5625,3.98146114e-05,0.000114921665,-0.447699686,0
parametric-eq,minphase-truncation,48000,129,1024,0,5671.875,2.7271828e-05,0.000506324425,-0.425159353,0
parametric-eq,minphase-truncation,48000,129,1024,0,5718.75,1.86245961e-05,0.00060832152,-0.40803617,0
parametric-eq,minphase-truncation,48000,129,1024,0,5765.625,1.29662919e-05,0.000362708359,-0.397026236,0
parametric-eq,minphase-truncation,48000,129,1024,0,5812.5,9.30514663e-06,-8.09178583e-05,-0.389760764,0
parametric-eq,minphase-truncation,48000,129,1024,0,5859.375,6.71253498e-06,-0.000459172125,-0.382234843,0
parametric-eq,minphase-truncation,48000,129,1024,0,5906.25,4.53697924e-06,-0.000553101815,-0.371163146,0
parametric-eq,minphase-truncation,48000,129,1024,0,5953.125,2.52565233e-06,-0.000316067402,-0.355856449,0
parametric-eq,minphase-truncation,48000,129,1024,0,6000,7.70282457e-07,0.000103083243,-0.338526674,0
parametric-eq,minphase-truncation,48000,129,1024,0,6046.875,-4.92745686e-07,0.000452413733,-0.322881638,0
parametric-eq,minphase-truncation,48000,129,1024,0,6093.75,-1.11411178e-06,0.000527481697,-0.311882379,0
parametric-eq,minphase-truncation,48000,129,1024,0,6140.625,-1.16998813e-06,0.000290187969,-0.306000843,0
parametric-eq,minphase-truncation,48000,129,1024,0,6187.5,-9.43375276e-07,-0.000112924954,-0.302982471,0
parametric-eq,minphase-truncation,48000,129,1024,0,6234.375,-7.77139614e-07,-0.000441139042,-0.299213838,0
parametric-eq,minphase-truncation,48000,129,1024,0,6281.25,-8.96366391e-07,-0.000503198338,-0.291857685,0
parametric-eq,minphase-truncation,48000,129,1024,0,6328.125,-1.30583066e-06,-0.000268607247,-0.280485862,0
parametric-eq,minphase-truncation,48000,129,1024,0,6375,-1.81638466e-06,0.000118076172,-0.267260743,0
parametric-eq,minphase-truncation,48000,129,1024,0,6421.875,-2.17615601e-06,0.000426123503,-0.255591581,0
parametric-eq,minphase-truncation,48000,129,1024,0,6468.75,-2.22467635e-06,0.000476071889,-0.248092194,0
parametric-eq,minphase-truncation,48000,129,1024,0,6515.625,-1.98133658e-06,0.000243957453,-0.245054016,0
parametric-eq,minphase-truncation,48000,129,1024,0,6562.5,-1.6235596e-06,-0.00012795751,-0.244314776,0
parametric-eq,minphase-truncation,48000,129,1024,0,6609.375,-1.37590999e-06,-0.000418194227,-0.242568351,0
parametric-eq,minphase-truncation,48000,129,1024,0,6656.25,-1.38011916e-06,-0.000457769312,-0.237319805,0
parametric-eq,minphase-truncation,48000,129,1024,0,6703.125,-1.62145071e-06,-0.000228410687,-0.228326024,0
parametric-eq,minphase-truncation,48000,129,1024,0,6750,-1.94918394e-06,0.000129753818,-0.21768473,0
parametric-eq,minphase-truncation,48000,129,1024,0,6796.875,-2.17277611e-06,0.00040370268,-0.20854711,0
parametric-eq,minphase-truncation,48000,129,1024,0,6843.75,-2.17364722e-06,0.00043406096,-0.203240127,0
parametric-eq,minphase-truncation,48000,129,1024,0,6890.625,-1.96798146e-06,0.000207596182,-0.201911902,0
parametric-eq,minphase-truncation,48000,129,1024,0,6937.5,-1.68833822e-06,-0.000137826164,-0.202481154,0
parametric-eq,minphase-truncation,48000,129,1024,0,6984.375,-1.50022201e-06,-0.000397016999,-0.201894383,0
parametric-eq,minphase-truncation,48000,129,1024,0,7031.25,-1.50556353e-06,-0.000419207291,-0.197931078,0
parametric-eq,minphase-truncation,48000,129,1024,0,7078.125,-1.68891393e-06,-0.000195621126,-0.190488046,0
parametric-eq,minphase-truncation,48000,129,1024,0,7125,-1.93408442e-06,0.000137958145,-0.181596618,0
parametric-eq,minphase-truncation,48000,129,1024,0,7171.875,-2.09706353e-06,0.000383572024,-0.174185955,0
parametric-eq,minphase-truncation,48000,129,1024,0,7218.75,-2.09000245e-06,0.000398441037,-0.170343455,0
parametric-eq,minphase-truncation,48000,129,1024,0,7265.625,-1.92774517e-06,0.000177791867,-0.170101876,0
parametric-eq,minphase-truncation,48000,129,1024,0,7312.5,-1.71283905e-06,-0.000144742554,-0.171452559,0
parametric-eq,minphase-truncation,48000,129,1024,0,7359.375,-1.57149858e-06,-0.000377930741,-0.171555211,0
parametric-eq,minphase-truncation,48000,129,1024,0,7406.25,-1.58009583e-06,-0.000386213132,-0.168416172,0
parametric-eq,minphase-truncation,48000,129,1024,0,7453.125,-1.72464066e-06,-0.000168411623,-0.162042665,0
parametric-eq,minphase-truncation,48000,129,1024,0,7500,-1.91428714e-06,0.000143807002,-0.154402396,0
parametric-eq,minphase-truncation,48000,129,1024,0,7546.875,-2.0378532e-06,0.000365468686,-0.148232289,0
parametric-eq,minphase-truncation,48000,129,1024,0,7593.75,-2.02853059e-06,0.00036778179,-0.145416713,0
parametric-eq,minphase-truncation,48000,129,1024,0,7640.625,-1.89941116e-06,0.000152830825,-0.145893739,0
parametric-eq,minphase-truncation,48000,129,1024,0,7687.5,-1.73131789e-06,-0.000149723611,-0.147720264,0
parametric-eq,minphase-truncation,48000,129,1024,0,7734.375,-1.62269428e-06,-0.00036075467,-0.148239234,0
parametric-eq,minphase-truncation,48000,129,1024,0,7781.25,-1.63234489e-06,-0.000357633926,-0.145648744,0
parametric-eq,minphase-truncation,48000,129,1024,0,7828.125,-1.74809674e-06,-0.000145417154,-0.140045928,0
parametric-eq,minphase-truncation,48000,129,1024,0,7875,-1.89777011e-06,0.000148065251,-0.133339098,0
parametric-eq,minphase-truncation,48000,129,1024,0,7921.875,-1.99379529e-06,0.000349162583,-0.128097237,0
parametric-eq,minphase-truncation,48000,129,1024,0,7968.75,-1.98412348e-06,0.000341070462,-0.126030178,0
parametric-eq,minphase-truncation,48000,129,1024,0,8015.625,-1.88002739e-06,0.000131562895,-0.126996788,0
parametric-eq,minphase-truncation,48000,129,1024,0,8062.5,-1.74620223e-06,-0.000153385391,-0.129113351,0
parametric-eq,minphase-truncation,48000,129,1024,0,8109.375,-1.66088347e-06,-0.000345260652,-0.129882533,0
parametric-eq,minphase-truncation,48000,129,1024,0,8156.25,-1.67037939e-06,-0.000332597344,-0.127667384,0
parametric-eq,minphase-truncation,48000,129,1024,0,8203.125,-1.76428104e-06,-0.000125675238,-0.12264006,0
parametric-eq,minphase-truncation,48000,129,1024,0,8250,-1.8844039e-06,0.000151223982,-0.116654027,0
parametric-eq,minphase-truncation,48000,129,1024,0,8296.875,-1.96056966e-06,0.000334427222,-0.112130193,0
parametric-eq,minphase-truncation,48000,129,1024,0,8343.75,-1.95138011e-06,0.000317548371,-0.110626405,0
parametric-eq,minphase-truncation,48000,129,1024,0,8390.625,-1.86642816e-06,0.000113174111,-0.111934131,0
parametric-eq,minphase-truncation,48000,129,1024,0,8437.5,-1.75821121e-06,-0.00015612468,-0.114223629,0
parametric-eq,minphase-truncation,48000,129,1024,0,8484.375,-1.68991721e-06,-0.000331231061,-0.115138413,0
parametric-eq,minphase-truncation,48000,129,1024,0,8531.25,-1.69871931e-06,-0.000310441988,-0.113185471,0
parametric-eq,minphase-truncation,48000,129,1024,0,8578.125,-1.77578759e-06,-0.000108493868,-0.108600821,0
parametric-eq,minphase-truncation,48000,129,1024,0,8625,-1.87361214e-06,0.000153605346,-0.103187464,0
parametric-eq,minphase-truncation,48000,129,1024,0,8671.875,-1.93509902e-06,0.000321056103,-0.0992346179,0
parametric-eq,minphase-truncation,48000,129,1024,0,8718.75,-1.92673133e-06,0.000296636726,-0.0981662527,0
parametric-eq,minphase-truncation,48000,129,1024,0,8765.625,-1.85663073e-06,9.70725433e-05,-0.0997156142,0
parametric-eq,minphase-truncation,48000,129,1024,0,8812.5,-1.76791677e-06,-0.000158205049,-0.10210218,0
parametric-eq,minphase-truncation,48000,129,1024,0,8859.375,-1.71234693e-06,-0.000318472051,-0.103094903,0
parametric-eq,minphase-truncation,48000,129,1024,0,8906.25,-1.7202573e-06,-0.000290659399,-0.101327889,0
parametric-eq,minphase-truncation,48000,129,1024,0,8953.125,-1.78418026e-06,-9.33639147e-05,-0.097092416,0
parametric-eq,minphase-truncation,48000,129,1024,0,9000,-1.86487472e-06,0.000155426131,-0.0921450776,0
parametric-eq,minphase-truncation,48000,129,1024,0,9046.875,-1.91527615e-06,0.000308868429,-0.0886570183,0
parametric-eq,minphase-truncation,48000,129,1024,0,9093.75,-1.90782937e-06,0.000277887396,-0.0879330997,0
parametric-eq,minphase-truncation,48000,129,1024,0,9140.625,-1.84940028e-06,8.28180054e-05,-0.089655596,0
parametric-eq,minphase-truncation,48000,129,1024,0,9187.5,-1.77579207e-06,-0.000159805965,-0.092089034,0
parametric-eq,minphase-truncation,48000,129,1024,0,9234.375,-1.72992589e-06,-0.000306815786,-0.0931150442,0
parametric-eq,minphase-truncation,48000,129,1024,0,9281.25,-1.73691421e-06,-0.000272853117,-0.091481151,0
parametric-eq,minphase-truncation,48000,129,1024,0,9328.125,-1.79044326e-06,-7.99029072e-05,-0.0875271191,0
parametric-eq,minphase-truncation,48000,129,1024,0,9375,-1.85776705e-06,0.000156835593,-0.0829668028,0
parametric-eq,minphase-truncation,48000,129,1024,0,9421.875,-1.89963635e-06,0.000297708852,-0.0798647124,0
parametric-eq,minphase-truncation,48000,129,1024,0,9468.75,-1.89309375e-06,0.000260948572,-0.079418788,0
parametric-eq,minphase-truncation,48000,129,1024,0,9515.625,-1.84394727e-06,7.00766399e-05,-0.0812661609,0
parametric-eq,minphase-truncation,48000,129,1024,0,9562.5,-1.78221603e-06,-0.000161052282,-0.083712743,0
parametric-eq,minphase-truncation,48000,129,1024,0,9609.375,-1.74388356e-06,-0.000296118768,-0.0847421447,0
parametric-eq,minphase-truncation,48000,129,1024,0,9656.25,-1.74999813e-06,-0.000256709851,-0.0832039898,0
parametric-eq,minphase-truncation,48000,129,1024,0,9703.125,-1.79521436e-06,-6.78181362e-05,-0.0794810969,0
parametric-eq,minphase-truncation,48000,129,1024,0,9750,-1.85195249e-06,0.000157938588,-0.0752478677,0
parametric-eq,minphase-truncation,48000,129,1024,0,9796.875,-1.88714312e-06,0.000287444966,-0.0724718643,0
parametric-eq,minphase-truncation,48000,129,1024,0,9843.75,-1.88143589e-06,0.000245540479,-0.0722542861,0
parametric-eq,minphase-truncation,48000,129,1024,0,9890.625,-1.83975329e-06,5.8590753e-05,-0.0741918733,0
parametric-eq,minphase-truncation,48000,129,1024,0,9937.5,-1.7874869e-06,-0.000162032529,-0.0766286981,0
parametric-eq,minphase-truncation,48000,129,1024,0,9984.375,-1.75509747e-06,-0.0002862589,-0.0776412918,0
parametric-eq,minphase-truncation,48000,129,1024,0,10031.25,-1.7604197e-06,-0.000241978942,-0.0761719068,0
parametric-eq,minphase-truncation,48000,129,1024,0,10078.125,-1.79891745e-06,-5.68818408e-05,-0.0726419854,0
parametric-eq,minphase-truncation,48000,129,1024,0,10125,-1.84716721e-06,0.000158810108,-0.0686894091,0
parametric-eq,minphase-truncation,48000,129,1024,0,10171.875,-1.87705049e-06,0.000277964192,-0.0661930626,0
parametric-eq,minphase-truncation,48000,129,1024,0,10218.75,-1.87209026e-06,0.000231437957,-0.0661659974,0
parametric-eq,minphase-truncation,48000,129,1024,0,10265.625,-1.83646973e-06,4.81582894e-05,-0.0681684879,0
parametric-eq,minphase-truncation,48000,129,1024,0,10312.5,-1.79183793e-06,-0.000162810543,-0.070579921,0
parametric-eq,minphase-truncation,48000,129,1024,0,10359.375,-1.76420424e-06,-0.000277132357,-0.0715620076,0
parametric-eq,minphase-truncation,48000,129,1024,0,10406.25,-1.76882549e-06,-0.000228457522,-0.0701416186,0
parametric-eq,minphase-truncation,48000,129,1024,0,10453.125,-1.80184082e-06,-4.69141372e-05,-0.0667751568,0
parametric-eq,minphase-truncation,48000,129,1024,0,10500,-1.84320507e-06,0.000159504655,-0.0630665962,0
parametric-eq,minphase-truncation,48000,129,1024,0,10546.875,-1.86881313e-06,0.000269170741,-0.0608132596,0
parametric-eq,minphase-truncation,48000,129,1024,0,10593.75,-1.86450831e-06,0.000218457793,-0.0609473705,0
parametric-eq,minphase-truncation,48000,129,1024,0,10640.625,-1.83385696e-06,3.86185642e-05,-0.0629960177,0
parametric-eq,minphase-truncation,48000,129,1024,0,10687.5,-1.79545132e-06,-0.000163433064,-0.0653713867,0
parametric-eq,minphase-truncation,48000,129,1024,0,10734.375,-1.77167266e-06,-0.000268650708,-0.0663136984,0
parametric-eq,minphase-truncation,48000,129,1024,0,10781.25,-1.77568287e-06,-0.000215979663,-0.064927603,0
parametric-eq,minphase-truncation,48000,129,1024,0,10828.125,-1.80418464e-06,-3.77710342e-05,-0.0617013982,0
parametric-eq,minphase-truncation,48000,129,1024,0,10875,-1.83990488e-06,0.000160062409,-0.0582074781,0
parametric-eq,minphase-truncation,48000,129,1024,0,10921.875,-1.86202665e-06,0.000260982914,-0.0561677678,0
parametric-eq,minphase-truncation,48000,129,1024,0,10968.75,-1.85829023e-06,0.000206449385,-0.0564399509,0
parametric-eq,minphase-truncation,48000,129,1024,0,11015.625,-1.83174696e-06,2.984215e-05,-0.0585207006,0
parametric-eq,minphase-truncation,48000,129,1024,0,11062.5,-1.7984698e-06,-0.000163934781,-0.0608527688,0
parametric-eq,minphase-truncation,48000,129,1024,0,11109.375,-1.77785275e-06,-0.000260738403,-0.0617490998,0
parametric-eq,minphase-truncation,48000,129,1024,0,11156.25,-1.78133516e-06,-0.000204408319,-0.0603862345,0
parametric-eq,minphase-truncation,48000,129,1024,0,11203.125,-1.80609058e-06,-2.93358613e-05,-0.0572817716,0
parametric-eq,minphase-truncation,48000,129,1024,0,11250,-1.83714016e-06,0.00016051338,-0.0539786028,0
parametric-eq,minphase-truncation,48000,129,1024,0,11296.875,-1.85638715e-06,0.000253330787,-0.0521286286,0
parametric-eq,minphase-truncation,48000,129,1024,0,11343.75,-1.85314011e-06,0.000195287773,-0.0525204349,0
parametric-eq,minphase-truncation,48000,129,1024,0,11390.625,-1.83001974e-06,2.17235812e-05,-0.0546226405,0
parametric-eq,minphase-truncation,48000,129,1024,0,11437.5,-1.80100559e-06,-0.000164341756,-0.0569065771,0
parametric-eq,minphase-truncation,48000,129,1024,0,11484.375,-1.78300915e-06,-0.000253330657,-0.0577528602,0
parametric-eq,minphase-truncation,48000,129,1024,0,11531.25,-1.78603833e-06,-0.000193629277,-0.0564048129,0
parametric-eq,minphase-truncation,48000,129,1024,0,11578.125,-1.80766071e-06,-2.15130335e-05,-0.0534071207,0
parametric-eq,minphase-truncation,48000,129,1024,0,11625,-1.83481122e-06,0.000160880244,-0.0502750292,0
parametric-eq,minphase-truncation,48000,129,1024,0,11671.875,-1.85166348e-06,0.000246154275,-0.0485951251,0
parametric-eq,minphase-truncation,48000,129,1024,0,11718.75,-1.84883579e-06,0.000184868372,-0.049091638,0
parametric-eq,minphase-truncation,48000,129,1024,0,11765.625,-1.82858817e-06,1.41760052e-05,-0.0512071619,0
parametric-eq,minphase-truncation,48000,129,1024,0,11812.5,-1.80314737e-06,-0.000164673798,-0.0534398358,0
parametric-eq,minphase-truncation,48000,129,1024,0,11859.375,-1.78734433e-06,-0.000246371682,-0.0542335093,0
parametric-eq,minphase-truncation,48000,129,1024,0,11906.25,-1.78998582e-06,-0.000183546558,-0.0528938275,0
parametric-eq,minphase-truncation,48000,129,1024,0,11953.125,-1.80896969e-06,-1.42234456e-05,-0.0499906552,0
parametric-eq,minphase-truncation,48000,129,1024,0,12000,-1.83283904e-06,0.000161180325,-0.0470132554,0
parametric-eq,minphase-truncation,48000,129,1024,0,12046.875,-1.84767783e-06,0.000239401526,-0.0454870521,0
parametric-eq,minphase-truncation,48000,129,1024,0,12093.75,-1.84520832e-06,0.000175102951,-0.0460760751,0
parametric-eq,minphase-truncation,48000,129,1024,0,12140.625,-1.82738799e-06,7.12720317e-06,-0.0481986503,0
parametric-eq,minphase-truncation,48000,129,1024,0,12187.5,-1.80496563e-06,-0.000164946109,-0.0503781385,0
parametric-eq,minphase-truncation,48000,129,1024,0,12234.375,-1.79101487e-06,-0.000239813227,-0.051117706,0
parametric-eq,minphase-truncation,48000,129,1024,0,12281.25,-1.79332562e-06,-0.000174078881,-0.0497814027,0
parametric-eq,minphase-truncation,48000,129,1024,0,12328.125,-1.81007303e-06,-7.40102248e-06,-0.046962618,0
parametric-eq,minphase-truncation,48000,129,1024,0,12375,-1.83116067e-06,0.000161426983,-0.0441261254,0
parametric-eq,minphase-truncation,48000,129,1024,0,12421.875,-1.84429195e-06,0.000233027597,-0.0427398621,0
parametric-eq,minphase-truncation,48000,129,1024,0,12468.75,-1.8421277e-06,0.000165916512,-0.0434113204,0
parametric-eq,minphase-truncation,48000,129,1024,0,12515.625,-1.8263711e-06,5.16588326e-07,-0.0455360904,0
parametric-eq,minphase-truncation,48000,129,1024,0,12562.5,-1.80651669e-06,-0.000165170473,-0.0476613311,0
parametric-eq,minphase-truncation,48000,129,1024,0,12609.375,-1.7941431e-06,-0.000233613379,-0.0483460517,0
parametric-eq,minphase-truncation,48000,129,1024,0,12656.25,-1.79617225e-06,-0.000165156917,-0.0470092481,0
parametric-eq,minphase-truncation,48000,129,1024,0,12703.125,-1.81101254e-06,-9.90099538e-07,-0.0442663896,0
parametric-eq,minphase-truncation,48000,129,1024,0,12750,-1.82972563e-06,0.000161630619,-0.0415591033,0
parametric-eq,minphase-truncation,48000,129,1024,0,12796.875,-1.84139736e-06,0.000226993359,-0.0403011083,0
parametric-eq,minphase-truncation,48000,129,1024,0,12843.75,-1.83949276e-06,0.000157244872,-0.041046603,0
parametric-eq,minphase-truncation,48000,129,1024,0,12890.625,-1.82550103e-06,-5.70708535e-06,-0.043169785,0
parametric-eq,minphase-truncation,48000,129,1024,0,12937.5,-1.80784585e-06,-0.0001653561,-0.0452403305,0
parametric-eq,minphase-truncation,48000,129,1024,0,12984.375,-1.79682546e-06,-0.000227735565,-0.0458699986,0
parametric-eq,minphase-truncation,48000,129,1024,0,13031.25,-1.79861528e-06,-0.000156721133,-0.0445296623,0
parametric-eq,minphase-truncation,48000,129,1024,0,13078.125,-1.81182013e-06,5.05658813e-06,-0.0418556014,0
parametric-eq,minphase-truncation,48000,129,1024,0,13125,-1.82849323e-06,0.000161799393,-0.039267509,0
parametric-eq,minphase-truncation,48000,129,1024,0,13171.875,-1.83890812e-06,0.000221264594,-0.0381278032,0
parametric-eq,minphase-truncation,48000,129,1024,0,13218.75,-1.837224e-06,0.000149032738,-0.0389402734,0
parametric-eq,minphase-truncation,48000,129,1024,0,13265.625,-1.82474978e-06,-1.15874936e-05,-0.0410589089,0
parametric-eq,minphase-truncation,48000,129,1024,0,13312.5,-1.80898972e-06,-0.000165510245,-0.0430747483,0
parametric-eq,minphase-truncation,48000,129,1024,0,13359.375,-1.79913866e-06,-0.000222147736,-0.0436495349,0
parametric-eq,minphase-truncation,48000,129,1024,0,13406.25,-1.80072547e-06,-0.000148720089,-0.0423032853,0
parametric-eq,minphase-truncation,48000,129,1024,0,13453.125,-1.81252046e-06,1.07794681e-05,-0.0396919692,0
parametric-eq,minphase-truncation,48000,129,1024,0,13500,-1.82743047e-06,0.00016193976,-0.0372144406,0
parametric-eq,minphase-truncation,48000,129,1024,0,13546.875,-1.83675562e-06,0.000215811254,-0.0361844303,0
parametric-eq,minphase-truncation,48000,129,1024,0,13593.75,-1.83525836e-06,0.000141232192,-0.0370578946,0
parametric-eq,minphase-truncation,48000,129,1024,0,13640.625,-1.82409558e-06,-1.71621239e-05,-0.0391696635,0
parametric-eq,minphase-truncation,48000,129,1024,0,13687.5,-1.80997806e-06,-0.000165638668,-0.0411310935,0
parametric-eq,minphase-truncation,48000,129,1024,0,13734.375,-1.80114423e-06,-0.000216821684,-0.0416514318,0
parametric-eq,minphase-truncation,48000,129,1024,0,13781.25,-1.80255917e-06,-0.000141109075,-0.0402973943,0
parametric-eq,minphase-truncation,48000,129,1024,0,13828.125,-1.8131328e-06,1.62133564e-05,-0.0377436462,0
parametric-eq,minphase-truncation,48000,129,1024,0,13875,-1.82651047e-06,0.00016205686,-0.0353691947,0
parametric-eq,minphase-truncation,48000,129,1024,0,13921.875,-1.8348846e-06,0.000210606836,-0.0344414314,0
parametric-eq,minphase-truncation,48000,129,1024,0,13968.75,-1.83354531e-06,0.000133801465,-0.0353707875,0
parametric-eq,minphase-truncation,48000,129,1024,0,14015.625,-1.82352132e-06,-2.24633651e-05,-0.037473867,0
parametric-eq,minphase-truncation,48000,129,1024,0,14062.5,-1.81083522e-06,-0.000165745969,-0.039381398,0
parametric-eq,minphase-truncation,48000,129,1024,0,14109.375,-1.80289185e-06,-0.000211732481,-0.0398479,0
parametric-eq,minphase-truncation,48000,129,1024,0,14156.25,-1.80416171e-06,-0.000133849011,-0.0384845954,0
parametric-eq,minphase-truncation,48000,129,1024,0,14203.125,-1.81367236e-06,2.13884284e-05,-0.0359839592,0
parametric-eq,minphase-truncation,48000,129,1024,0,14250,-1.82571118e-06,0.000162154812,-0.0337060518,0
parametric-eq,minphase-truncation,48000,129,1024,0,14296.875,-1.83325029e-06,0.000205627869,-0.032874042,0
parametric-eq,minphase-truncation,48000,129,1024,0,14343.75,-1.83204413e-06,0.000126703954,-0.0338549101,0
parametric-eq,minphase-truncation,48000,129,1024,0,14390.625,-1.82301342e-06,-2.75193748e-05,-0.0359478672,0
parametric-eq,minphase-truncation,48000,129,1024,0,14437.5,-1.81158118e-06,-0.000165835851,-0.0378021542,0
parametric-eq,minphase-truncation,48000,129,1024,0,14484.375,-1.80442197e-06,-0.000206858005,-0.0382155499,0
parametric-eq,minphase-truncation,48000,129,1024,0,14531.25,-1.80556979e-06,-0.000126905561,-0.0368418096,0
parametric-eq,minphase-truncation,48000,129,1024,0,14578.125,-1.8141513e-06,2.6330995e-05,-0.0343904267,0
parametric-eq,minphase-truncation,48000,129,1024,0,14625,-1.82501444e-06,0.00016223694,-0.0322033332,0
parametric-eq,minphase-truncation,48000,129,1024,0,14671.875,-1.83181612e-06,0.000200853484,-0.0314613864,0
parametric-eq,minphase-truncation,48000,129,1024,0,14718.75,-1.83072168e-06,0.000119907413,-0.0324899853,0
parametric-eq,minphase-truncation,48000,129,1024,0,14765.625,-1.822561e-06,-3.23547753e-05,-0.0345716944,0
parametric-eq,minphase-truncation,48000,129,1024,0,14812.5,-1.81223245e-06,-0.000165911305,-0.0363734862,0
parametric-eq,minphase-truncation,48000,129,1024,0,14859.375,-1.8057677e-06,-0.000202178548,-0.0367345786,0
parametric-eq,minphase-truncation,48000,129,1024,0,14906.25,-1.80681338e-06,-0.000120248405,-0.0353494796,0
parametric-eq,minphase-truncation,48000,129,1024,0,14953.125,-1.81457941e-06,3.10641283e-05,-0.0329439913,0
parametric-eq,minphase-truncation,48000,129,1024,0,15000,-1.82440522e-06,0.000162305939,-0.0308426621,0
parametric-eq,minphase-truncation,48000,129,1024,0,15046.875,-1.83055202e-06,0.000196265053,-0.0301857685,0
parametric-eq,minphase-truncation,48000,129,1024,0,15093.75,-1.82955081e-06,0.000113383301,-0.0312588168,0
parametric-eq,minphase-truncation,48000,129,1024,0,15140.625,-1.82215523e-06,-3.69912169e-05,-0.0333283955,0
parametric-eq,minphase-truncation,48000,129,1024,0,15187.5,-1.81280272e-06,-0.000165974766,-0.0350784969,0
parametric-eq,minphase-truncation,48000,129,1024,0,15234.375,-1.80695636e-06,-0.00019767648,-0.0353881293,0
parametric-eq,minphase-truncation,48000,129,1024,0,15281.25,-1.8079171e-06,-0.000113850637,-0.0339909435,0
parametric-eq,minphase-truncation,48000,129,1024,0,15328.125,-1.81496463e-06,3.56081695e-05,-0.031628412,0
parametric-eq,minphase-truncation,48000,129,1024,0,15375,-1.82387104e-06,0.000162364006,-0.0296083789,0
parametric-eq,minphase-truncation,48000,129,1024,0,15421.875,-1.82943316e-06,0.000191845879,-0.0290321099,0
parametric-eq,minphase-truncation,48000,129,1024,0,15468.75,-1.82850915e-06,0.000107106232,-0.0301467468,0
parametric-eq,minphase-truncation,48000,129,1024,0,15515.625,-1.82178891e-06,-4.14478373e-05,-0.0322035058,0
parametric-eq,minphase-truncation,48000,129,1024,0,15562.5,-1.81330342e-06,-0.000166028225,-0.0339027505,0
parametric-eq,minphase-truncation,48000,129,1024,0,15609.375,-1.80801057e-06,-0.000193335976,-0.0341617821,0
parametric-eq,minphase-truncation,48000,129,1024,0,15656.25,-1.80890134e-06,-0.000107688275,-0.0327519363,0
parametric-eq,minphase-truncation,48000,129,1024,0,15703.125,-1.81531352e-06,3.99811448e-05,-0.0304297811,0
parametric-eq,minphase-truncation,48000,129,1024,0,15750,-1.82340144e-06,0.000162412942,-0.0284870764,0
parametric-eq,minphase-truncation,48000,129,1024,0,15796.875,-1.82843887e-06,0.000187580946,-0.0279875028,0
parametric-eq,minphase-truncation,48000,129,1024,0,15843.75,-1.8275781e-06,0.000101053527,-0.0291412239,0
parametric-eq,minphase-truncation,48000,129,1024,0,15890.625,-1.82145611e-06,-4.57416382e-05,-0.031184628,0
parametric-eq,minphase-truncation,48000,129,1024,0,15937.5,-1.81374409e-06,-0.000166073314,-0.0328338573,0
parametric-eq,minphase-truncation,48000,129,1024,0,15984.375,-1.80894923e-06,-0.000189142769,-0.0330431456,0
parametric-eq,minphase-truncation,48000,129,1024,0,16031.25,-1.80978306e-06,-0.000101739844,-0.0316201904,0
parametric-eq,minphase-truncation,48000,129,1024,0,16078.125,-1.81563147e-06,4.41991082e-05,-0.0293361363,0
parametric-eq,minphase-truncation,48000,129,1024,0,16125,-1.82298769e-06,0.000162454228,-0.0274672255,0
parametric-eq,minphase-truncation,48000,129,1024,0,16171.875,-1.82755189e-06,0.000183456692,-0.0270408505,0
parametric-eq,minphase-truncation,48000,129,1024,0,16218.75,-1.82674216e-06,9.52048338e-05,-0.0282314551,0
parametric-eq,minphase-truncation,48000,129,1024,0,16265.625,-1.82115188e-06,-4.9887798e-05,-0.0302610919,0
parametric-eq,minphase-truncation,48000,129,1024,0,16312.5,-1.81413276e-06,-0.000166111382,-0.0318611403,0
parametric-eq,minphase-truncation,48000,129,1024,0,16359.375,-1.80978816e-06,-0.000185083955,-0.0320215281,0
parametric-eq,minphase-truncation,48000,129,1024,0,16406.25,-1.81057648e-06,-9.59860342e-05,-0.0305851132,0
parametric-eq,minphase-truncation,48000,129,1024,0,16453.125,-1.815923e-06,4.82764253e-05,-0.0283371474,0
parametric-eq,minphase-truncation,48000,129,1024,0,16500,-1.82262242e-06,0.00016248909,-0.0265388734,0
parametric-eq,minphase-truncation,48000,129,1024,0,16546.875,-1.82675769e-06,0.000179460828,-0.0261825768,0
parametric-eq,minphase-truncation,48000,129,1024,0,16593.75,-1.82598829e-06,8.95418108e-05,-0.0274081253,0
parametric-eq,minphase-truncation,48000,129,1024,0,16640.625,-1.8208721e-06,-5.38999303e-05,-0.0294236806,0
parametric-eq,minphase-truncation,48000,129,1024,0,16687.5,-1.8144762e-06,-0.000166143546,-0.0309753641,0
parametric-eq,minphase-truncation,48000,129,1024,0,16734.375,-1.81054069e-06,-0.000181147819,-0.0310876702,0
parametric-eq,minphase-truncation,48000,129,1024,0,16781.25,-1.81129356e-06,-9.04094037e-05,-0.0296375243,0
parametric-eq,minphase-truncation,48000,129,1024,0,16828.125,-1.81619191e-06,5.22260111e-05,-0.0274238613,0
parametric-eq,minphase-truncation,48000,129,1024,0,16875,-1.82229939e-06,0.000162518544,-0.0256933982,0
parametric-eq,minphase-truncation,48000,129,1024,0,16921.875,-1.82604401e-06,0.000175582174,-0.0254043897,0
parametric-eq,minphase-truncation,48000,129,1024,0,16968.75,-1.82530546e-06,8.40478592e-05,-0.0266631676,0
parametric-eq,minphase-truncation,48000,129,1024,0,17015.625,-1.82061327e-06,-5.7790302e-05,-0.0286644058,0
parametric-eq,minphase-truncation,48000,129,1024,0,17062.5,-1.81478013e-06,-0.000166170732,-0.0301685144,0
parametric-eq,minphase-truncation,48000,129,1024,0,17109.375,-1.81121812e-06,-0.000177323682,-0.0302335267,0
parametric-eq,minphase-truncation,48000,129,1024,0,17156.25,-1.81194446e-06,-8.49941362e-05,-0.028769442,0
parametric-eq,minphase-truncation,48000,129,1024,0,17203.125,-1.81644141e-06,5.60595288e-05,-0.0265884938,0
parametric-eq,minphase-truncation,48000,129,1024,0,17250,-1.82201335e-06,0.000162543435,-0.0249233075,0
parametric-eq,minphase-truncation,48000,129,1024,0,17296.875,-1.82540045e-06,0.000171810524,-0.0246990876,0
parametric-eq,minphase-truncation,48000,129,1024,0,17343.75,-1.82468432e-06,7.87078942e-05,-0.0259895762,0
parametric-eq,minphase-truncation,48000,129,1024,0,17390.625,-1.8203724e-06,-6.15700159e-05,-0.0279763243,0
parametric-eq,minphase-truncation,48000,129,1024,0,17437.5,-1.81504941e-06,-0.000166193715,-0.0294336161,0
parametric-eq,minphase-truncation,48000,129,1024,0,17484.375,-1.81183004e-06,-0.000173601777,-0.0294520869,0
parametric-eq,minphase-truncation,48000,129,1024,0,17531.25,-1.81253783e-06,-7.97258285e-05,-0.0279739061,0
parametric-eq,minphase-truncation,48000,129,1024,0,17578.125,-1.81667428e-06,5.97875582e-05,-0.025824258,0
parametric-eq,minphase-truncation,48000,129,1024,0,17625,-1.82175979e-06,0.00016256447,-0.0242220734,0
parametric-eq,minphase-truncation,48000,129,1024,0,17671.875,-1.82481812e-06,0.000168136522,-0.0240604003,0
parametric-eq,minphase-truncation,48000,129,1024,0,17718.75,-1.82411688e-06,7.35081511e-05,-0.0253812523,0
parametric-eq,minphase-truncation,48000,129,1024,0,17765.625,-1.82014694e-06,-6.52491657e-05,-0.0273533872,0
parametric-eq,minphase-truncation,48000,129,1024,0,17812.5,-1.81528819e-06,-0.000166213143,-0.0287645841,0
parametric-eq,minphase-truncation,48000,129,1024,0,17859.375,-1.81238467e-06,-0.000169973136,-0.0287372269,0
parametric-eq,minphase-truncation,48000,129,1024,0,17906.25,-1.81308106e-06,-7.45913107e-05,-0.027244833,0
parametric-eq,minphase-truncation,48000,129,1024,0,17953.125,-1.81689288e-06,6.34197389e-05,-0.0251252227,0
parametric-eq,minphase-truncation,48000,129,1024,0,18000,-1.8215349e-06,0.000162582242,-0.0235839955,0
parametric-eq,minphase-truncation,48000,129,1024,0,18046.875,-1.82428944e-06,0.000164551566,-0.0234828573,0
parametric-eq,minphase-truncation,48000,129,1024,0,18093.75,-1.82359627e-06,6.84360174e-05,-0.0248328756,0
parametric-eq,minphase-truncation,48000,129,1024,0,18140.625,-1.81993468e-06,-6.8836968e-05,-0.026790314,0
parametric-eq,minphase-truncation,48000,129,1024,0,18187.5,-1.8155e-06,-0.000166229559,-0.0281560991,0
parametric-eq,minphase-truncation,48000,129,1024,0,18234.375,-1.81288904e-06,-0.000166429494,-0.0280835865,0
parametric-eq,minphase-truncation,48000,129,1024,0,18281.25,-1.81358053e-06,-6.95784907e-05,-0.0265768944,0
parametric-eq,minphase-truncation,48000,129,1024,0,18328.125,-1.81709929e-06,6.69648922e-05,-0.0244861946,0
parametric-eq,minphase-truncation,48000,129,1024,0,18375,-1.82133542e-06,0.000162597249,-0.0230040875,0
parametric-eq,minphase-truncation,48000,129,1024,0,18421.875,-1.82380787e-06,0.00016104771,-0.0229616783,0
parametric-eq,minphase-truncation,48000,129,1024,0,18468.75,-1.82311656e-06,6.34798893e-05,-0.024339799,0
parametric-eq,minphase-truncation,48000,129,1024,0,18515.625,-1.81973367e-06,-7.23418758e-05,-0.0262824888,0
parametric-eq,minphase-truncation,48000,129,1024,0,18562.5,-1.81568786e-06,-0.00016624342,-0.0276035045,0
parametric-eq,minphase-truncation,48000,129,1024,0,18609.375,-1.81334922e-06,-0.000162963207,-0.0274864668,0
parametric-eq,minphase-truncation,48000,129,1024,0,18656.25,-1.81404177e-06,-6.46762203e-05,-0.0259654163,0
parametric-eq,minphase-truncation,48000,129,1024,0,18703.125,-1.81729533e-06,7.0431126e-05,-0.02390262,0
parametric-eq,minphase-truncation,48000,129,1024,0,18750,-1.82115854e-06,0.000162609908,-0.0224779826,0
parametric-eq,minphase-truncation,48000,129,1024,0,18796.875,-1.82336776e-06,0.00015761759,-0.0224926822,0
parametric-eq,minphase-truncation,48000,129,1024,0,18843.75,-1.8226726e-06,5.86290464e-05,-0.0238979597,0
parametric-eq,minphase-truncation,48000,129,1024,0,18890.625,-1.8195422e-06,-7.57716756e-05,-0.0258258731,0
parametric-eq,minphase-truncation,48000,129,1024,0,18937.5,-1.81585436e-06,-0.000166255111,-0.0271027203,0
parametric-eq,minphase-truncation,48000,129,1024,0,18984.375,-1.81377046e-06,-0.000159567174,-0.0269417446,0
parametric-eq,minphase-truncation,48000,129,1024,0,19031.25,-1.81446957e-06,-5.98741782e-05,-0.0254062951,0
parametric-eq,minphase-truncation,48000,129,1024,0,19078.125,-1.81748261e-06,7.38259256e-05,-0.023370503,0
parametric-eq,minphase-truncation,48000,129,1024,0,19125,-1.82100187e-06,0.000162620574,-0.0220018541,0
parametric-eq,minphase-truncation,48000,129,1024,0,19171.875,-1.82296424e-06,0.000154254353,-0.0220722103,0
parametric-eq,minphase-truncation,48000,129,1024,0,19218.75,-1.82225991e-06,5.38735423e-05,-0.0235038051,0
parametric-eq,minphase-truncation,48000,129,1024,0,19265.625,-1.81935875e-06,-7.91335717e-05,-0.0254169334,0
parametric-eq,minphase-truncation,48000,129,1024,0,19312.5,-1.81600172e-06,-0.000166264958,-0.0266501703,0
parametric-eq,minphase-truncation,48000,129,1024,0,19359.375,-1.81415733e-06,-0.000156234773,-0.0264458004,0
parametric-eq,minphase-truncation,48000,129,1024,0,19406.25,-1.81486814e-06,-5.51627685e-05,-0.0248959263,0
parametric-eq,minphase-truncation,48000,129,1024,0,19453.125,-1.81766257e-06,7.71562321e-05,-0.0228863363,0
parametric-eq,minphase-truncation,48000,129,1024,0,19500,-1.82086335e-06,0.000162629544,-0.0215723489,0
parametric-eq,minphase-truncation,48000,129,1024,0,19546.875,-1.82259303e-06,0.000150951596,-0.0216970631,0
parametric-eq,minphase-truncation,48000,129,1024,0,19593.75,-1.82187454e-06,4.92041097e-05,-0.0231542309,0
parametric-eq,minphase-truncation,48000,129,1024,0,19640.625,-1.81918196e-06,-8.243426e-05,-0.0250525795,0
parametric-eq,minphase-truncation,48000,129,1024,0,19687.5,-1.81613184e-06,-0.000166273234,-0.0262427219,0
parametric-eq,minphase-truncation,48000,129,1024,0,19734.375,-1.8145138e-06,-0.000152959805,-0.0259954582,0
parametric-eq,minphase-truncation,48000,129,1024,0,19781.25,-1.81524117e-06,-5.05330305e-05,-0.0244311451,0
parametric-eq,minphase-truncation,48000,129,1024,0,19828.125,-1.81783651e-06,8.04285115e-05,-0.0224470428,0
parametric-eq,minphase-truncation,48000,129,1024,0,19875,-1.82074122e-06,0.000162637071,-0.0211865314,0
parametric-eq,minphase-truncation,48000,129,1024,0,19921.875,-1.82225042e-06,0.000147703311,-0.0213644456,0
parametric-eq,minphase-truncation,48000,129,1024,0,19968.75,-1.82151301e-06,4.46120757e-05,-0.0228465283,0
parametric-eq,minphase-truncation,48000,129,1024,0,20015.625,-1.81901057e-06,-8.56799922e-05,-0.0247301136,0
parametric-eq,minphase-truncation,48000,129,1024,0,20062.5,-1.81624635e-06,-0.000166280171,-0.0258776346,0
parametric-eq,minphase-truncation,48000,129,1024,0,20109.375,-1.81484336e-06,-0.000149736441,-0.0255879345,0
parametric-eq,minphase-truncation,48000,129,1024,0,20156.25,-1.81559195e-06,-4.59765596e-05,-0.0240091761,0
parametric-eq,minphase-truncation,48000,129,1024,0,20203.125,-1.81800563e-06,8.36488146e-05,-0.0220499273,0
parametric-eq,minphase-truncation,48000,129,1024,0,20250,-1.82063397e-06,0.000162643367,-0.0208418368,0
parametric-eq,minphase-truncation,48000,129,1024,0,20296.875,-1.82193315e-06,0.000144503839,-0.0210719224,0
parametric-eq,minphase-truncation,48000,129,1024,0,20343.75,-1.82117224e-06,4.00892873e-05,-0.0225783407,0
parametric-eq,minphase-truncation,48000,129,1024,0,20390.625,-1.81884344e-06,-8.88766322e-05,-0.0244471864,0
parametric-eq,minphase-truncation,48000,129,1024,0,20437.5,-1.81634667e-06,-0.000166285966,-0.0255525168,0
parametric-eq,minphase-truncation,48000,129,1024,0,20484.375,-1.81514908e-06,-0.000146559177,-0.025220795,0
parametric-eq,minphase-truncation,48000,129,1024,0,20531.25,-1.81592341e-06,-4.14854371e-05,-0.0236275904,0
parametric-eq,minphase-truncation,48000,129,1024,0,20578.125,-1.81817104e-06,8.68228307e-05,-0.0216926345,0
parametric-eq,minphase-truncation,48000,129,1024,0,20625,-1.82054029e-06,0.000162648612,-0.0205360306,0
parametric-eq,minphase-truncation,48000,129,1024,0,20671.875,-1.82163833e-06,0.00014134782,-0.0208173793,0
parametric-eq,minphase-truncation,48000,129,1024,0,20718.75,-1.82084946e-06,3.56280448e-05,-0.022347626,0
parametric-eq,minphase-truncation,48000,129,1024,0,20765.625,-1.8186795e-06,-9.20297069e-05,-0.024201761,0
parametric-eq,minphase-truncation,48000,129,1024,0,20812.5,-1.81643397e-06,-0.000166290783,-0.0252652896,0
parametric-eq,minphase-truncation,48000,129,1024,0,20859.375,-1.81543365e-06,-0.000143422793,-0.0248919183,0
parametric-eq,minphase-truncation,48000,129,1024,0,20906.25,-1.81623815e-06,-3.70521672e-05,-0.0232842705,0
parametric-eq,minphase-truncation,48000,129,1024,0,20953.125,-1.81833376e-06,8.99559346e-05,-0.0213731146,0
parametric-eq,minphase-truncation,48000,129,1024,0,21000,-1.8204591e-06,0.000162652957,-0.0202671757,0
parametric-eq,minphase-truncation,48000,129,1024,0,21046.875,-1.8213634e-06,0.000138230162,-0.0205989912,0
parametric-eq,minphase-truncation,48000,129,1024,0,21093.75,-1.82054218e-06,3.12210425e-05,-0.0221526258,0
parametric-eq,minphase-truncation,48000,129,1024,0,21140.625,-1.81851775e-06,-9.51444505e-05,-0.023992082,0
parametric-eq,minphase-truncation,48000,129,1024,0,21187.5,-1.81650929e-06,-0.000166294761,-0.025014156,0
parametric-eq,minphase-truncation,48000,129,1024,0,21234.375,-1.81569948e-06,-0.00014032231,-0.0245994658,0
parametric-eq,minphase-truncation,48000,129,1024,0,21281.25,-1.81653854e-06,-3.26696198e-05,-0.0229773792,0
parametric-eq,minphase-truncation,48000,129,1024,0,21328.125,-1.81849478e-06,9.30532296e-05,-0.0210895935,0
parametric-eq,minphase-truncation,48000,129,1024,0,21375,-1.82038945e-06,0.000162656528,-0.020033604,0
parametric-eq,minphase-truncation,48000,129,1024,0,21421.875,-1.82110612e-06,0.000135145997,-0.0204151953,0
parametric-eq,minphase-truncation,48000,129,1024,0,21468.75,-1.82024813e-06,2.68613141e-05,-0.021991839,0
parametric-eq,minphase-truncation,48000,129,1024,0,21515.625,-1.81835723e-06,-9.82258454e-05,-0.0238166497,0
parametric-eq,minphase-truncation,48000,129,1024,0,21562.5,-1.81657347e-06,-0.000166298016,-0.0247975751,0
parametric-eq,minphase-truncation,48000,129,1024,0,21609.375,-1.81594871e-06,-0.000137252964,-0.0243418552,0
parametric-eq,minphase-truncation,48000,129,1024,0,21656.25,-1.81682675e-06,-2.83309798e-05,-0.0227053349,0
parametric-eq,minphase-truncation,48000,129,1024,0,21703.125,-1.81865503e-06,9.61195856e-05,-0.0208405486,0
parametric-eq,minphase-truncation,48000,129,1024,0,21750,-1.82033056e-06,0.000162659431,-0.0198338926,0
parametric-eq,minphase-truncation,48000,129,1024,0,21796.875,-1.82086446e-06,0.000132090654,-0.0202646681,0
parametric-eq,minphase-truncation,48000,129,1024,0,21843.75,-1.81996525e-06,2.25421838e-05,-0.0218640003,0
parametric-eq,minphase-truncation,48000,129,1024,0,21890.625,-1.81819701e-06,-0.000101278658,-0.0236741988,0
parametric-eq,minphase-truncation,48000,129,1024,0,21937.5,-1.81662724e-06,-0.000166300644,-0.024614241,0
parametric-eq,minphase-truncation,48000,129,1024,0,21984.375,-1.81618326e-06,-0.00013421017,-0.0241177397,0
parametric-eq,minphase-truncation,48000,129,1024,0,22031.25,-1.81710478e-06,-2.40296993e-05,-0.0224667899,0
parametric-eq,minphase-truncation,48000,129,1024,0,22078.125,-1.81881544e-06,9.91596736e-05,-0.0206246877,0
parametric-eq,minphase-truncation,48000,129,1024,0,22125,-1.82028176e-06,0.000162661752,-0.0196668444,0
parametric-eq,minphase-truncation,48000,129,1024,0,22171.875,-1.82063659e-06,0.000129059626,-0.020146307,0
parametric-eq,minphase-truncation,48000,129,1024,0,22218.75,-1.81969163e-06,1.82572214e-05,-0.0217680617,0
parametric-eq,minphase-truncation,48000,129,1024,0,22265.625,-1.81803618e-06,-0.000104307473,-0.0235636803,0
parametric-eq,minphase-truncation,48000,129,1024,0,22312.5,-1.81667119e-06,-0.000166302722,-0.0244630642,0
parametric-eq,minphase-truncation,48000,129,1024,0,22359.375,-1.81640485e-06,-0.000131189491,-0.0239259898,0
parametric-eq,minphase-truncation,48000,129,1024,0,22406.25,-1.81737445e-06,-1.97594548e-05,-0.022260613,0
parametric-eq,minphase-truncation,48000,129,1024,0,22453.125,-1.81897691e-06,0.000102177998,-0.0204409324,0
parametric-eq,minphase-truncation,48000,129,1024,0,22500,-1.82024253e-06,0.000162663561,-0.0195314719,0
parametric-eq,minphase-truncation,48000,129,1024,0,22546.875,-1.82042089e-06,0.000126048542,-0.020059215,0
parametric-eq,minphase-truncation,48000,129,1024,0,22593.75,-1.81942548e-06,1.40002001e-05,-0.0217031782,0
parametric-eq,minphase-truncation,48000,129,1024,0,22640.625,-1.81787385e-06,-0.000107316721,-0.0234842472,0
parametric-eq,minphase-truncation,48000,129,1024,0,22687.5,-1.8167058e-06,-0.000166304313,-0.024343158,0
parametric-eq,minphase-truncation,48000,129,1024,0,22734.375,-1.81661504e-06,-0.000128186614,-0.0237656785,0
parametric-eq,minphase-truncation,48000,129,1024,0,22781.25,-1.81763749e-06,-1.55141065e-05,-0.0220858749,0
parametric-eq,minphase-truncation,48000,129,1024,0,22828.125,-1.81914034e-06,0.000105178926,-0.0202884039,0
parametric-eq,minphase-truncation,48000,129,1024,0,22875,-1.82021245e-06,0.000162664913,-0.0194269839,0
parametric-eq,minphase-truncation,48000,129,1024,0,22921.875,-1.82021586e-06,0.000123053139,-0.0200026883,0
parametric-eq,minphase-truncation,48000,129,1024,0,22968.75,-1.81916512e-06,9.76505789e-06,-0.0216686959,0
parametric-eq,minphase-truncation,48000,129,1024,0,23015.625,-1.81770909e-06,-0.000110310714,-0.0234352429,0
parametric-eq,minphase-truncation,48000,129,1024,0,23062.5,-1.81673144e-06,-0.000166305465,-0.0242538261,0
parametric-eq,minphase-truncation,48000,129,1024,0,23109.375,-1.81681526e-06,-0.000125197321,-0.02363607,0
parametric-eq,minphase-truncation,48000,129,1024,0,23156.25,-1.81789556e-06,-1.12876605e-05,-0.0219418368,0
parametric-eq,minphase-truncation,48000,129,1024,0,23203.125,-1.81930666e-06,0.000108166716,-0.0201664121,0
parametric-eq,minphase-truncation,48000,129,1024,0,23250,-1.82019119e-06,0.00016266585,-0.0193527753,0
parametric-eq,minphase-truncation,48000,129,1024,0,23296.875,-1.82002014e-06,0.000120069241,-0.0199762064,0
parametric-eq,minphase-truncation,48000,129,1024,0,23343.75,-1.81890895e-06,5.54586008e-06,-0.0216641427,0
parametric-eq,minphase-truncation,48000,129,1024,0,23390.625,-1.81754098e-06,-0.000113293664,-0.0234161923,0
parametric-eq,minphase-truncation,48000,129,1024,0,23437.5,-1.81674838e-06,-0.000166306214,-0.024194554,0
parametric-eq,minphase-truncation,48000,129,1024,0,23484.375,-1.81700679e-06,-0.000122217468,-0.0235366105,0
parametric-eq,minphase-truncation,48000,129,1024,0,23531.25,-1.81815022e-06,-7.0742324e-06,-0.0218279417,0
parametric-eq,minphase-truncation,48000,129,1024,0,23578.125,-1.8194768e-06,0.000111145541,-0.0200744473,0
parametric-eq,minphase-truncation,48000,129,1024,0,23625,-1.82017852e-06,0.0001626664,-0.0193084194,0
parametric-eq,minphase-truncation,48000,129,1024,0,23671.875,-1.81983248e-06,0.000117092728,-0.0199794256,0
parametric-eq,minphase-truncation,48000,129,1024,0,23718.75,-1.81865541e-06,1.33676439e-06,-0.0216892217,0
parametric-eq,minphase-truncation,48000,129,1024,0,23765.625,-1.81736857e-06,-0.000116269713,-0.023426795,0
parametric-eq,minphase-truncation,48000,129,1024,0,23812.5,-1.81675681e-06,-0.000166306583,-0.0241650023,0
parametric-eq,minphase-truncation,48000,129,1024,0,23859.375,-1.81719086e-06,-0.000119242957,-0.0234669214,0
parametric-eq,minphase-truncation,48000,129,1024,0,23906.25,-1.81840301e-06,-2.86801332e-06,-0.0217438071,0
parametric-eq,minphase-truncation,48000,129,1024,0,23953.125,-1.81965173e-06,0.000114119518,-0.0200121736,0
parametric-eq,minphase-truncation,48000,129,1024,0,24000,-1.82017431e-06,0.000162666582,-0.0192936622,0
parametric-eq,low-group-delay,48000,129,1024,,0,3.85730987e-15,1.91523476,-0.785149296,0
parametric-eq,low-group-delay,48000,129,1024,,46.875,-5.43410295e-07,1.9314368,-0.51506878,0
parametric-eq,low-group-delay,48000,129,1024,,93.75,-1.85412125e-06,1.96843342,0.109134434,0
parametric-eq,low-group-delay,48000,129,1024,,140.625,-3.15814005e-06,1.99940177,0.664529661,0
parametric-eq,low-group-delay,48000,129,1024,,187.5,-3.67615948e-06,2.00005152,0.771995864,0
parametric-eq,low-group-delay,48000,129,1024,,234.375,-3.08160572e-06,1.96408256,0.318151764,0
parametric-eq,low-group-delay,48000,129,1024,,281.25,-1.70319478e-06,1.90816663,-0.470917977,0
parametric-eq,low-group-delay,48000,129,1024,,328.125,-3.48502546e-07,1.86376537,-1.12684243,0
parametric-eq,low-group-delay,48000,129,1024,,375,1.60136208e-07,1.85839428,-1.21099002,0
parametric-eq,low-group-delay,48000,129,1024,,421.875,-5.23627377e-07,1.89677035,-0.628556353,0
parametric-eq,low-group-delay,48000,129,1024,,468.75,-2.04025109e-06,1.95612362,0.283452793,0
parametric-eq,low-group-delay,48000,129,1024,,515.625,-3.50416827e-06,1.99999868,0.983628704,0
parametric-eq,low-group-delay,48000,129,1024,,562.5,-4.00961963e-06,2.00000869,1.05440055,0
parametric-eq,low-group-delay,48000,129,1024,,609.375,-3.18067592e-06,1.95206844,0.417631114,0
parametric-eq,low-group-delay,48000,129,1024,,656.25,-1.43814884e-06,1.88005753,-0.607535456,0
parametric-eq,low-group-delay,48000,129,1024,,703.125,1.98947445e-07,1.82468104,-1.42466357,0
parametric-eq,low-group-delay,48000,129,1024,,750,6.94377398e-07,1.81998908,-1.4952586,0
parametric-eq,low-group-delay,48000,129,1024,,796.875,-3.63516966e-07,1.87023754,-0.731507211,0
parametric-eq,low-group-delay,48000,129,1024,,843.75,-2.44755019e-06,1.94542206,0.415588313,0
parametric-eq,low-group-delay,48000,129,1024,,890.625,-4.33090881e-06,2.00000629,1.27083813,0
parametric-eq,low-group-delay,48000,129,1024,,937.5,-4.78850591e-06,1.99998932,1.33986318,0
parametric-eq,low-group-delay,48000,129,1024,,984.375,-3.37310619e-06,1.94187578,0.550214893,0
parametric-eq,low-group-delay,48000,129,1024,,1031.25,-7.87992184e-07,1.85639443,-0.684638902,0
parametric-eq,low-group-delay,48000,129,1024,,1078.125,1.42686665e-06,1.79429989,-1.60555292,0
parametric-eq,low-group-delay,48000,129,1024,,1125,1.78191371e-06,1.79614813,-1.5426215,0
parametric-eq,low-group-delay,48000,129,1024,,1171.875,-1.91028239e-07,1.8625924,-0.44009948,0
parametric-eq,low-group-delay,48000,129,1024,,1218.75,-3.48869958e-06,1.9505601,1.0556245,0
parametric-eq,low-group-delay,48000,129,1024,,1265.625,-6.04949083e-06,2.00006863,2.04849943,0
parametric-eq,low-group-delay,48000,129,1024,,1312.5,-5.82037448e-06,1.97007617,1.91179072,0
parametric-eq,low-group-delay,48000,129,1024,,1359.375,-1.68058645e-06,1.86341926,0.594452074,0
parametric-eq,low-group-delay,48000,129,1024,,1406.25,6.94501598e-06,1.73324972,-1.21647276,0
parametric-eq,low-group-delay,48000,129,1024,,1453.125,2.30449825e-05,1.66246202,-2.20371545,0
parametric-eq,low-group-delay,48000,129,1024,,1500,5.88798838e-05,1.71051343,-1.18861781,0
parametric-eq,low-group-delay,48000,129,1024,,1546.875,0.000148562119,1.85753593,1.81247844,0
parametric-eq,low-group-delay,48000,129,1024,,1593.75,0.000369491928,2.00039842,5.53813702,0
parametric-eq,low-group-delay,48000,129,1024,,1640.625,0.000877883735,2.00100876,8.42047556,0
parametric-eq,low-group-delay,48000,129,1024,,1687.5,0.0019658269,1.73335582,9.16134637,0
parametric-eq,low-group-delay,48000,129,1024,,1734.375,0.00414842236,1.10494567,6.50964243,0
parametric-eq,low-group-delay,48000,129,1024,,1781.25,0.00828818364,0.0781704799,-1.27661355,0
parametric-eq,low-group-delay,48000,129,1024,,1828.125,0.0157592335,-1.24604481,-16.1064346,1.00078382
parametric-eq,low-group-delay,48000,129,1024,,1875,0.0286459369,-2.40609267,-34.3802006,1.00171926
parametric-eq,low-group-delay,48000,129,1024,,1921.875,0.0499604709,-2.55284084,-37.9732396,1.00355647
parametric-eq,low-group-delay,48000,129,1024,,1968.75,0.0838528187,-1.50132063,-21.8470612,1.00696686
parametric-eq,low-group-delay,48000,129,1024,,2015.625,0.135775804,-0.055272149,-5.2617021,1.0129755
parametric-eq,low-group-delay,48000,129,1024,,2062.5,0.212557349,1.17358462,4.07631108,1.02306631
parametric-eq,low-group-delay,48000,129,1024,,2109.375,0.322322373,2.00932251,7.38332389,1.03929061
parametric-eq,low-group-delay,48000,129,1024,,2156.25,0.474199843,2.47428085,6.53801321,1.06438007
parametric-eq,low-group-delay,48000,129,1024,,2203.125,0.67775312,2.67755256,3.04294628,1.10187377
parametric-eq,low-group-delay,48000,129,1024,,2250,0.942096207,2.78799105,-1.21490834,1.15627778
parametric-eq,low-group-delay,48000,129,1024,,2296.875,1.27471803,2.99699033,-3.66463484,1.23327628
parametric-eq,low-group-delay,48000,129,1024,,2343.75,1.68013384,3.42519025,-2.48335286,1.33999996
parametric-eq,low-group-delay,48000,129,1024,,2390.625,2.15859353,4.04199005,1.62839444,1.485322
parametric-eq,low-group-delay,48000,129,1024,,2437.5,2.7051489,4.70536366,6.36939003,1.68008744
parametric-eq,low-group-delay,48000,129,1024,,2484.375,3.3093565,5.26810054,9.93248275,1.9370829
parametric-eq,low-group-delay,48000,129,1024,,2531.25,3.95575134,5.63730302,11.5671847,2.27042586
parametric-eq,low-group-delay,48000,129,1024,,2578.125,4.62501678,5.77996155,11.1511224,2.69393556
parametric-eq,low-group-delay,48000,129,1024,,2625,5.29559324,5.71451413,8.86570686,3.21803963
parametric-eq,low-group-delay,48000,129,1024,,2671.875,5.94539149,5.50739861,5.23400575,3.84503744
parametric-eq,low-group-delay,48000,129,1024,,2718.75,6.5533206,5.26879834,1.36038512,4.56324306
parametric-eq,low-group-delay,48000,129,1024,,2765.625,7.10045845,5.12591447,-1.13206889,5.34163836
parametric-eq,low-group-delay,48000,129,1024,,2812.5,7.57082025,5.16193844,-1.03797463,6.12772374
parametric-eq,low-group-delay,48000,129,1024,,2859.375,7.95177226,5.36220691,1.32684996,6.85136693
parametric-eq,low-group-delay,48000,129,1024,,2906.25,8.23418069,5.629446,4.44184926,7.43580626
parametric-eq,low-group-delay,48000,129,1024,,2953.125,8.41239003,5.85023815,6.83716269,7.81374097
parametric-eq,low-group-delay,48000,129,1024,,3000,8.48410625,5.94637663,7.71799947,7.94328235
parametric-eq,low-group-delay,48000,129,1024,,3046.875,8.45023363,5.89157942,6.88481066,7.81767985
parametric-eq,low-group-delay,48000,129,1024,,3093.75,8.31468663,5.71169,4.59118401,7.4651635
parametric-eq,low-group-delay,48000,129,1024,,3140.625,8.0841761,5.47988172,1.5919209,6.93961997
parametric-eq,low-group-delay,48000,129,1024,,3187.5,7.76795251,5.29943471,-0.838342516,6.30645232
parametric-eq,low-group-delay,48000,129,1024,,3234.375,7.37747997,5.26107905,-1.39896993,5.62894446
parametric-eq,low-group-delay,48000,129,1024,,3281.25,6.92601502,5.38947479,0.282223751,4.95886024
parametric-eq,low-group-delay,48000,129,1024,,3328.125,6.42807445,5.62754146,3.34234048,4.33239286
parametric-eq,low-group-delay,48000,129,1024,,3375,5.8987975,5.87575365,6.47600537,3.7705025
parametric-eq,low-group-delay,48000,129,1024,,3421.875,5.35323549,6.04292649,8.74664477,3.2818013
parametric-eq,low-group-delay,48000,129,1024,,3468.75,4.80563021,6.07158684,9.74744887,2.86627174
parametric-eq,low-group-delay,48000,129,1024,,3515.625,4.26875966,5.94069178,9.4278537,2.51869932
parametric-eq,low-group-delay,48000,129,1024,,3562.5,3.7534283,5.66069519,7.9484748,2.23131642
parametric-eq,low-group-delay,48000,129,1024,,3609.375,3.26815595,5.26818029,5.64763777,1.99558181
parametric-eq,low-group-delay,48000,129,1024,,3656.25,2.81908171,4.81893658,3.04969729,1.80323519
parametric-eq,low-group-delay,48000,129,1024,,3703.125,2.4100602,4.3750443,0.786651845,1.64683073
parametric-eq,low-group-delay,48000,129,1024,,3750,2.04290086,3.98527699,-0.648171841,1.51993678
parametric-eq,low-group-delay,48000,129,1024,,3796.875,1.71769215,3.66807403,-1.17828805,1.41714408
parametric-eq,low-group-delay,48000,129,1024,,3843.75,1.43315947,3.41074333,-1.16253966,1.33397795
parametric-eq,low-group-delay,48000,129,1024,,3890.625,1.18701926,3.18661599,-1.09932055,1.26677272
parametric-eq,low-group-delay,48000,129,1024,,3937.5,0.976305773,2.97640005,-1.28946118,1.21254063
parametric-eq,low-group-delay,48000,129,1024,,3984.375,0.797656013,2.77927488,-1.69479529,1.16885118
parametric-eq,low-group-delay,48000,129,1024,,4031.25,0.647545018,2.6090625,-2.02626283,1.13372709
parametric-eq,low-group-delay,48000,129,1024,,4078.125,0.522467951,2.47989872,-1.98848763,1.10555798
parametric-eq,low-group-delay,48000,129,1024,,4125,0.419070441,2.3919338,-1.52736654,1.08303036
parametric-eq,low-group-delay,48000,129,1024,,4171.875,0.334233078,2.32818525,-0.887531308,1.06507144
parametric-eq,low-group-delay,48000,129,1024,,4218.75,0.265119105,2.26519377,-0.431261551,1.05080437
parametric-eq,low-group-delay,48000,129,1024,,4265.625,0.209195306,2.18927008,-0.370552634,1.03951245
parametric-eq,low-group-delay,48000,129,1024,,4312.5,0.164234804,2.10693966,-0.5855048,1.03061035
parametric-eq,low-group-delay,48000,129,1024,,4359.375,0.128308006,2.04188399,-0.627133815,1.0236209
parametric-eq,low-group-delay,48000,129,1024,,4406.25,0.0997654667,2.01689619,0.0406568915,1.01815608
parametric-eq,low-group-delay,48000,129,1024,,4453.125,0.0772149256,2.02931494,1.6450806,1.01390139
parametric-eq,low-group-delay,48000,129,1024,,4500,0.0594942996,2.03723746,3.86623436,1.01060295
parametric-eq,low-group-delay,48000,129,1024,,4546.875,0.0456426379,1.96701541,5.96579799,1.00805667
parametric-eq,low-group-delay,48000,129,1024,,4593.75,0.0348712323,1.73384888,7.06806171,1.00609927
parametric-eq,low-group-delay,48000,129,1024,,4640.625,0.0265368361,1.26135591,6.26543317,1.00460079
parametric-eq,low-group-delay,48000,129,1024,,4687.5,0.0201181863,0.498834162,2.49077149,1.00345826
parametric-eq,low-group-delay,48000,129,1024,,4734.375,0.0151960664,-0.54586383,-5.56316566,1.00259058
parametric-eq,low-group-delay,48000,129,1024,,4781.25,0.0114363877,-1.72055379,-18.3568244,1.00193417
parametric-eq,low-group-delay,48000,129,1024,,4828.125,0.00857549204,-2.59371557,-30.8534278,1.00143945
parametric-eq,low-group-delay,48000,129,1024,,4875,0.00640707264,-2.59652735,-31.0156063,1.00106794
parametric-eq,low-group-delay,48000,129,1024,,4921.875,0.00477054299,-1.71407456,-18.4295546,1.00078993
parametric-eq,low-group-delay,48000,129,1024,,4968.75,0.00354104641,-0.511293322,-5.13221199,1.0005826
parametric-eq,low-group-delay,48000,129,1024,,5015.625,0.00262137843,0.562770044,3.45676372,0
parametric-eq,low-group-delay,48000,129,1024,,5062.5,0.00193588419,1.34120007,7.65600054,0
parametric-eq,low-group-delay,48000,129,1024,,5109.375,0.0014260509,1.80602784,8.71033411,0
parametric-eq,low-group-delay,48000,129,1024,,5156.25,0.00104725829,2.00096514,7.6053211,0
parametric-eq,low-group-delay,48000,129,1024,,5203.125,0.000766119664,2.00089025,5.17168663,0
parametric-eq,low-group-delay,48000,129,1024,,5250,0.00055804276,1.89971314,2.3220274,0
parametric-eq,low-group-delay,48000,129,1024,,5296.875,0.000404936919,1.79312679,0.0565934676,0
parametric-eq,low-group-delay,48000,129,1024,,5343.75,0.000293224389,1.74972454,-0.901231412,0
parametric-eq,low-group-delay,48000,129,1024,,5390.625,0.000212369276,1.7863436,-0.542473432,0
parametric-eq,low-group-delay,48000,129,1024,,5437.5,0.000154017249,1.87140498,0.478187096,0
parametric-eq,low-group-delay,48000,129,1024,,5484.375,0.000111639432,1.95497358,1.36769016,0
parametric-eq,low-group-delay,48000,129,1024,,5531.25,8.04233579e-05,2.00014138,1.64611535,0
parametric-eq,low-group-delay,48000,129,1024,,5578.125,5.71376127e-05,1.99790098,1.26810919,0
parametric-eq,low-group-delay,48000,129,1024,,5625,3.98146114e-05,1.96503025,0.529244475,0
parametric-eq,low-group-delay,48000,129,1024,,5671.875,2.7271828e-05,1.93081906,-0.128567351,0
parametric-eq,low-group-delay,48000,129,1024,,5718.75,1.86245961e-05,1.91939783,-0.364393233,0
parametric-eq,low-group-delay,48000,129,1024,,5765.625,1.29662919e-05,1.93659834,-0.129433016,0
parametric-eq,low-group-delay,48000,129,1024,,5812.5,9.30514663e-06,1.96913207,0.336738193,0
parametric-eq,low-group-delay,48000,129,1024,,5859.375,6.71253498e-06,1.99550971,0.694653902,0
parametric-eq,low-group-delay,48000,129,1024,,5906.25,4.53697924e-06,2.00003517,0.716963839,0
parametric-eq,low-group-delay,48000,129,1024,,5953.125,2.52565233e-06,1.98128636,0.395836767,0
parametric-eq,low-group-delay,48000,129,1024,,6000,7.70282457e-07,1.95171999,-0.0760283173,0
parametric-eq,low-group-delay,48000,129,1024,,6046.875,-4.92745686e-07,1.92965687,-0.424154281,0
parametric-eq,low-group-delay,48000,129,1024,,6093.75,-1.11411178e-06,1.92818312,-0.457341582,0
parametric-eq,low-group-delay,48000,129,1024,,6140.625,-1.16998813e-06,1.94753232,-0.183047213,0
parametric-eq,low-group-delay,48000,129,1024,,6187.5,-9.43375276e-07,1.97577198,0.210103882,0
parametric-eq,low-group-delay,48000,129,1024,,6234.375,-7.77139614e-07,1.99681806,0.482857783,0
parametric-eq,low-group-delay,48000,129,1024,,6281.25,-8.96366391e-07,2.00000678,0.486979874,0
parametric-eq,low-group-delay,48000,129,1024,,6328.125,-1.30583066e-06,1.98559357,0.236606071,0
parametric-eq,low-group-delay,48000,129,1024,,6375,-1.81638466e-06,1.96381561,-0.111400633,0
parametric-eq,low-group-delay,48000,129,1024,,6421.875,-2.17615601e-06,1.94849706,-0.351358748,0
parametric-eq,low-group-delay,48000,129,1024,,6468.75,-2.22467635e-06,1.94880968,-0.351103047,0
parametric-eq,low-group-delay,48000,129,1024,,6515.625,-1.98133658e-06,1.96408554,-0.129456959,0
parametric-eq,low-group-delay,48000,129,1024,,6562.5,-1.6235596e-06,1.98488257,0.165028051,0
parametric-eq,low-group-delay,48000,129,1024,,6609.375,-1.37590999e-06,1.99924894,0.354131898,0
parametric-eq,low-group-delay,48000,129,1024,,6656.25,-1.38011916e-06,1.99986173,0.335421553,0
parametric-eq,low-group-delay,48000,129,1024,,6703.125,-1.62145071e-06,1.98786164,0.133074847,0
parametric-eq,low-group-delay,48000,129,1024,,6750,-1.94918394e-06,1.97163463,-0.123795334,0
parametric-eq,low-group-delay,48000,129,1024,,6796.875,-2.17277611e-06,1.96151622,-0.28017661,0
parametric-eq,low-group-delay,48000,129,1024,,6843.75,-2.17364722e-06,1.96353313,-0.249176989,0
parametric-eq,low-group-delay,48000,129,1024,,6890.625,-1.96798146e-06,1.97599396,-0.0627363134,0
parametric-eq,low-group-delay,48000,129,1024,,6937.5,-1.68833822e-06,1.99100822,0.15523646,0
parametric-eq,low-group-delay,48000,129,1024,,6984.375,-1.50022201e-06,1.99969126,0.270998645,0
parametric-eq,low-group-delay,48000,129,1024,,7031.25,-1.50556353e-06,1.99756199,0.221095949,0
parametric-eq,low-group-delay,48000,129,1024,,7078.125,-1.68891393e-06,1.98695529,0.0451346962,0
parametric-eq,low-group-delay,48000,129,1024,,7125,-1.93408442e-06,1.97528281,-0.141858664,0
parametric-eq,low-group-delay,48000,129,1024,,7171.875,-2.09706353e-06,1.97028907,-0.22106587,0
parametric-eq,low-group-delay,48000,129,1024,,7218.75,-2.09000245e-06,1.97517469,-0.144447764,0
parametric-eq,low-group-delay,48000,129,1024,,7265.625,-1.92774517e-06,1.98666029,0.035976203,0
parametric-eq,low-group-delay,48000,129,1024,,7312.5,-1.71283905e-06,1.99719885,0.203859378,0
parametric-eq,low-group-delay,48000,129,1024,,7359.375,-1.57149858e-06,1.99977676,0.252547906,0
parametric-eq,low-group-delay,48000,129,1024,,7406.25,-1.58009583e-06,1.99222837,0.148852131,0
parametric-eq,low-group-delay,48000,129,1024,,7453.125,-1.72464066e-06,1.97855563,-0.048366891,0
parametric-eq,low-group-delay,48000,129,1024,,7500,-1.91428714e-06,1.96657044,-0.222896556,0
parametric-eq,low-group-delay,48000,129,1024,,7546.875,-2.0378532e-06,1.96321664,-0.27092828,0
parametric-eq,low-group-delay,48000,129,1024,,7593.75,-2.02853059e-06,1.970362,-0.16527607,0
parametric-eq,low-group-delay,48000,129,1024,,7640.625,-1.89941116e-06,1.98372183,0.0284940064,0
parametric-eq,low-group-delay,48000,129,1024,,7687.5,-1.73131789e-06,1.99557755,0.194890823,0
parametric-eq,low-group-delay,48000,129,1024,,7734.375,-1.62269428e-06,1.99945765,0.239512512,0
parametric-eq,low-group-delay,48000,129,1024,,7781.25,-1.63234489e-06,1.99386977,0.143259978,0
parametric-eq,low-group-delay,48000,129,1024,,7828.125,-1.74809674e-06,1.98298036,-0.0289269587,0
parametric-eq,low-group-delay,48000,129,1024,,7875,-1.89777011e-06,1.97394636,-0.167856401,0
parametric-eq,low-group-delay,48000,129,1024,,7921.875,-1.99379529e-06,1.97246598,-0.18699916,0
parametric-eq,low-group-delay,48000,129,1024,,7968.75,-1.98412348e-06,1.97924459,-0.0766753505,0
parametric-eq,low-group-delay,48000,129,1024,,8015.625,-1.88002739e-06,1.98962758,0.0906587343,0
parametric-eq,low-group-delay,48000,129,1024,,8062.5,-1.74620223e-06,1.99661137,0.207387083,0
parametric-eq,low-group-delay,48000,129,1024,,8109.375,-1.66088347e-06,1.99525049,0.197514996,0
parametric-eq,low-group-delay,48000,129,1024,,8156.25,-1.67037939e-06,1.98574553,0.0622450029,0
parametric-eq,low-group-delay,48000,129,1024,,8203.125,-1.76428104e-06,1.97343017,-0.119939529,0
parametric-eq,low-group-delay,48000,129,1024,,8250,-1.8844039e-06,1.96564917,-0.238829559,0
parametric-eq,low-group-delay,48000,129,1024,,8296.875,-1.96056966e-06,1.96729925,-0.219592647,0
parametric-eq,low-group-delay,48000,129,1024,,8343.75,-1.95138011e-06,1.97775238,-0.0703873494,0
parametric-eq,low-group-delay,48000,129,1024,,8390.625,-1.86642816e-06,1.99115975,0.122133503,0
parametric-eq,low-group-delay,48000,129,1024,,8437.5,-1.75821121e-06,1.99994783,0.246196902,0
parametric-eq,low-group-delay,48000,129,1024,,8484.375,-1.68991721e-06,1.99928507,0.231218634,0
parametric-eq,low-group-delay,48000,129,1024,,8531.25,-1.69871931e-06,1.98986756,0.087939853,0
parametric-eq,low-group-delay,48000,129,1024,,8578.125,-1.77578759e-06,1.97748614,-0.0978618035,0
parametric-eq,low-group-delay,48000,129,1024,,8625,-1.87361214e-06,1.96961668,-0.214940518,0
parametric-eq,low-group-delay,48000,129,1024,,8671.875,-1.93509902e-06,1.97095345,-0.193379871,0
parametric-eq,low-group-delay,48000,129,1024,,8718.75,-1.92673133e-06,1.98058375,-0.0478181251,0
parametric-eq,low-group-delay,48000,129,1024,,8765.625,-1.85663073e-06,1.99260822,0.132398294,0
parametric-eq,low-group-delay,48000,129,1024,,8812.5,-1.76791677e-06,1.99978553,0.239059708,0
parametric-eq,low-group-delay,48000,129,1024,,8859.375,-1.71234693e-06,1.99788078,0.209687274,0
parametric-eq,low-group-delay,48000,129,1024,,8906.25,-1.7202573e-06,1.98814052,0.0632194644,0
parametric-eq,low-group-delay,48000,129,1024,,8953.125,-1.78418026e-06,1.97652938,-0.111119878,0
parametric-eq,low-group-delay,48000,129,1024,,9000,-1.86487472e-06,1.97015643,-0.206179042,0
parametric-eq,low-group-delay,48000,129,1024,,9046.875,-1.91527615e-06,1.9729355,-0.16227645,0
parametric-eq,low-group-delay,48000,129,1024,,9093.75,-1.90782937e-06,1.98313818,-0.0049688639,0
parametric-eq,low-group-delay,48000,129,1024,,9140.625,-1.84940028e-06,1.99442262,0.170762829,0
parametric-eq,low-group-delay,48000,129,1024,,9187.5,-1.77579207e-06,1.99967111,0.258750398,0
parametric-eq,low-group-delay,48000,129,1024,,9234.375,-1.72992589e-06,1.99523565,0.204197958,0
parametric-eq,low-group-delay,48000,129,1024,,9281.25,-1.73691421e-06,1.98311854,0.0350406785,0
parametric-eq,low-group-delay,48000,129,1024,,9328.125,-1.79044326e-06,1.96989542,-0.153326808,0
parametric-eq,low-group-delay,48000,129,1024,,9375,-1.85776705e-06,1.9629578,-0.252594301,0
parametric-eq,low-group-delay,48000,129,1024,,9421.875,-1.89963635e-06,1.96619645,-0.206049459,0
parametric-eq,low-group-delay,48000,129,1024,,9468.75,-1.89309375e-06,1.97774323,-0.0427903254,0
parametric-eq,low-group-delay,48000,129,1024,,9515.625,-1.84394727e-06,1.99119464,0.141748455,0
parametric-eq,low-group-delay,48000,129,1024,,9562.5,-1.78221603e-06,1.99947887,0.244830289,0
parametric-eq,low-group-delay,48000,129,1024,,9609.375,-1.74388356e-06,1.99891963,0.216062068,0
parametric-eq,low-group-delay,48000,129,1024,,9656.25,-1.74999813e-06,1.99113989,0.083781998,0
parametric-eq,low-group-delay,48000,129,1024,,9703.125,-1.79521436e-06,1.98182703,-0.0641012936,0
parametric-eq,low-group-delay,48000,129,1024,,9750,-1.85195249e-06,1.97713399,-0.13401464,0
parametric-eq,low-group-delay,48000,129,1024,,9796.875,-1.88714312e-06,1.97986441,-0.0847104667,0
parametric-eq,low-group-delay,48000,129,1024,,9843.75,-1.88143589e-06,1.98782041,0.0475956668,0
parametric-eq,low-group-delay,48000,129,1024,,9890.625,-1.83975329e-06,1.99536034,0.174089793,0
parametric-eq,low-group-delay,48000,129,1024,,9937.5,-1.7874869e-06,1.99710488,0.210721708,0
parametric-eq,low-group-delay,48000,129,1024,,9984.375,-1.75509747e-06,1.99141056,0.130752143,0
parametric-eq,low-group-delay,48000,129,1024,,10031.25,-1.7604197e-06,1.98149753,-0.0180820111,0
parametric-eq,low-group-delay,48000,129,1024,,10078.125,-1.79891745e-06,1.97354471,-0.141326579,0
parametric-eq,low-group-delay,48000,129,1024,,10125,-1.84716721e-06,1.97282702,-0.156098715,0
parametric-eq,low-group-delay,48000,129,1024,,10171.875,-1.87705049e-06,1.98024691,-0.0452514998,0
parametric-eq,low-group-delay,48000,129,1024,,10218.75,-1.87209026e-06,1.99153465,0.129077693,0
parametric-eq,low-group-delay,48000,129,1024,,10265.625,-1.83646973e-06,1.99971728,0.262701997,0
parametric-eq,low-group-delay,48000,129,1024,,10312.5,-1.79183793e-06,1.99931704,0.272426077,0
parametric-eq,low-group-delay,48000,129,1024,,10359.375,-1.76420424e-06,1.98972358,0.146036625,0
parametric-eq,low-group-delay,48000,129,1024,,10406.25,-1.76882549e-06,1.9757694,-0.0481871288,0
parametric-eq,low-group-delay,48000,129,1024,,10453.125,-1.80184082e-06,1.96510527,-0.198390919,0
parametric-eq,low-group-delay,48000,129,1024,,10500,-1.84320507e-06,1.96376189,-0.214690031,0
parametric-eq,low-group-delay,48000,129,1024,,10546.875,-1.86881313e-06,1.97251155,-0.0849237399,0
parametric-eq,low-group-delay,48000,129,1024,,10593.75,-1.86450831e-06,1.98635841,0.117183545,0
parametric-eq,low-group-delay,48000,129,1024,,10640.625,-1.83385696e-06,1.9975139,0.277627059,0
parametric-eq,low-group-delay,48000,129,1024,,10687.5,-1.79545132e-06,1.99994823,0.31019973,0
parametric-eq,low-group-delay,48000,129,1024,,10734.375,-1.77167266e-06,1.99276059,0.205165444,0
parametric-eq,low-group-delay,48000,129,1024,,10781.25,-1.77568287e-06,1.98048287,0.0328670574,0
parametric-eq,low-group-delay,48000,129,1024,,10828.125,-1.80418464e-06,1.97019552,-0.0991264667,0
parametric-eq,low-group-delay,48000,129,1024,,10875,-1.83990488e-06,1.96713548,-0.112560988,0
parametric-eq,low-group-delay,48000,129,1024,,10921.875,-1.86202665e-06,1.97150064,-0.00811481585,0
parametric-eq,low-group-delay,48000,129,1024,,10968.75,-1.85829023e-06,1.97854776,0.136346976,0
parametric-eq,low-group-delay,48000,129,1024,,11015.625,-1.83174696e-06,1.98192225,0.218365306,0
parametric-eq,low-group-delay,48000,129,1024,,11062.5,-1.7984698e-06,1.97800228,0.178580382,0
parametric-eq,low-group-delay,48000,129,1024,,11109.375,-1.77785275e-06,1.96845581,0.0409826817,0
parametric-eq,low-group-delay,48000,129,1024,,11156.25,-1.78133516e-06,1.95934331,-0.0986208451,0
parametric-eq,low-group-delay,48000,129,1024,,11203.125,-1.80609058e-06,1.95714294,-0.132468212,0
parametric-eq,low-group-delay,48000,129,1024,,11250,-1.83714016e-06,1.96408145,-0.0154346318,0
parametric-eq,low-group-delay,48000,129,1024,,11296.875,-1.85638715e-06,1.97593607,0.196156408,0
parametric-eq,low-group-delay,48000,129,1024,,11343.75,-1.85314011e-06,1.98407888,0.37230722,0
parametric-eq,low-group-delay,48000,129,1024,,11390.625,-1.83001974e-06,1.98071008,0.387348161,0
parametric-eq,low-group-delay,48000,129,1024,,11437.5,-1.80100559e-06,1.9641435,0.20022968,0
parametric-eq,low-group-delay,48000,129,1024,,11484.375,-1.78300915e-06,1.94093968,-0.107753975,0
parametric-eq,low-group-delay,48000,129,1024,,11531.25,-1.78603833e-06,1.92321999,-0.362902365,0
parametric-eq,low-group-delay,48000,129,1024,,11578.125,-1.80766071e-06,1.92197195,-0.393396022,0
parametric-eq,low-group-delay,48000,129,1024,,11625,-1.83481122e-06,1.93990609,-0.140794083,0
parametric-eq,low-group-delay,48000,129,1024,,11671.875,-1.85166348e-06,1.96857773,0.288808685,0
parametric-eq,low-group-delay,48000,129,1024,,11718.75,-1.84883579e-06,1.99213217,0.676562328,0
parametric-eq,low-group-delay,48000,129,1024,,11765.625,-1.82858817e-06,1.99560038,0.809556396,0
parametric-eq,low-group-delay,48000,129,1024,,11812.5,-1.80314737e-06,1.9730548,0.593528933,0
parametric-eq,low-group-delay,48000,129,1024,,11859.375,-1.78734433e-06,1.93150892,0.109461544,0
parametric-eq,low-group-delay,48000,129,1024,,11906.25,-1.78998582e-06,1.88846225,-0.408907763,0
parametric-eq,low-group-delay,48000,129,1024,,11953.125,-1.80896969e-06,1.86343219,-0.684207435,0
parametric-eq,low-group-delay,48000,129,1024,,12000,-1.83283904e-06,1.86714471,-0.554791913,0
parametric-eq,low-group-delay,48000,129,1024,,12046.875,-1.84767783e-06,1.89483923,-0.0830466253,0
parametric-eq,low-group-delay,48000,129,1024,,12093.75,-1.84520832e-06,1.92852335,0.476799712,0
parametric-eq,low-group-delay,48000,129,1024,,12140.625,-1.82738799e-06,1.9468378,0.826368332,0
parametric-eq,low-group-delay,48000,129,1024,,12187.5,-1.80496563e-06,1.93635129,0.779735759,0
parametric-eq,low-group-delay,48000,129,1024,,12234.375,-1.79101487e-06,1.89844416,0.35184275,0
parametric-eq,low-group-delay,48000,129,1024,,12281.25,-1.79332562e-06,1.84892252,-0.243054661,0
parametric-eq,low-group-delay,48000,129,1024,,12328.125,-1.81007303e-06,1.81025234,-0.688155941,0
parametric-eq,low-group-delay,48000,129,1024,,12375,-1.83116067e-06,1.79942004,-0.736005873,0
parametric-eq,low-group-delay,48000,129,1024,,12421.875,-1.84429195e-06,1.81801089,-0.363283405,0
parametric-eq,low-group-delay,48000,129,1024,,12468.75,-1.8421277e-06,1.85122373,0.212336329,0
parametric-eq,low-group-delay,48000,129,1024,,12515.625,-1.8263711e-06,1.8766195,0.669063996,0
parametric-eq,low-group-delay,48000,129,1024,,12562.5,-1.80651669e-06,1.8766349,0.762459869,0
parametric-eq,low-group-delay,48000,129,1024,,12609.375,-1.7941431e-06,1.84769294,0.44445104,0
parametric-eq,low-group-delay,48000,129,1024,,12656.25,-1.79617225e-06,1.80193194,-0.11557866,0
parametric-eq,low-group-delay,48000,129,1024,,12703.125,-1.81101254e-06,1.76093226,-0.610030617,0
parametric-eq,low-group-delay,48000,129,1024,,12750,-1.82972563e-06,1.74390549,-0.757761378,0
parametric-eq,low-group-delay,48000,129,1024,,12796.875,-1.84139736e-06,1.75646254,-0.476391484,0
parametric-eq,low-group-delay,48000,129,1024,,12843.75,-1.83949276e-06,1.78727279,0.0640045195,0
parametric-eq,low-group-delay,48000,129,1024,,12890.625,-1.82550103e-06,1.81503047,0.552296986,0
parametric-eq,low-group-delay,48000,129,1024,,12937.5,-1.80784585e-06,1.82078405,0.720433766,0
parametric-eq,low-group-delay,48000,129,1024,,12984.375,-1.79682546e-06,1.79810397,0.480494963,0
parametric-eq,low-group-delay,48000,129,1024,,13031.25,-1.79861528e-06,1.75628082,-0.0360100463,0
parametric-eq,low-group-delay,48000,129,1024,,13078.125,-1.81182013e-06,1.71538883,-0.541478788,0
parametric-eq,low-group-delay,48000,129,1024,,13125,-1.82849323e-06,1.69522029,-0.745506217,0
parametric-eq,low-group-delay,48000,129,1024,,13171.875,-1.83890812e-06,1.70369415,-0.530998309,0
parametric-eq,low-group-delay,48000,129,1024,,13218.75,-1.837224e-06,1.73210034,-0.0301399924,0
parametric-eq,low-group-delay,48000,129,1024,,13265.625,-1.82474978e-06,1.76056644,0.463918527,0
parametric-eq,low-group-delay,48000,129,1024,,13312.5,-1.80898972e-06,1.76979749,0.675342917,0
parametric-eq,low-group-delay,48000,129,1024,,13359.375,-1.79913866e-06,1.7516655,0.491586346,0
parametric-eq,low-group-delay,48000,129,1024,,13406.25,-1.80072547e-06,1.71335551,0.0154213654,0
parametric-eq,low-group-delay,48000,129,1024,,13453.125,-1.81252046e-06,1.67346761,-0.485797228,0
parametric-eq,low-group-delay,48000,129,1024,,13500,-1.82743047e-06,1.65171349,-0.722434047,0
parametric-eq,low-group-delay,48000,129,1024,,13546.875,-1.83675562e-06,1.65736458,-0.556867672,0
parametric-eq,low-group-delay,48000,129,1024,,13593.75,-1.83525836e-06,1.68365654,-0.0925229459,0
parametric-eq,low-group-delay,48000,129,1024,,13640.625,-1.82409558e-06,1.71209279,0.396033472,0
parametric-eq,low-group-delay,48000,129,1024,,13687.5,-1.80997806e-06,1.72351071,0.632838189,0
parametric-eq,low-group-delay,48000,129,1024,,13734.375,-1.80114423e-06,1.70876517,0.490137637,0
parametric-eq,low-group-delay,48000,129,1024,,13781.25,-1.80255917e-06,1.67348052,0.0490939037,0
parametric-eq,low-group-delay,48000,129,1024,,13828.125,-1.8131328e-06,1.63494441,-0.441195211,0
parametric-eq,low-group-delay,48000,129,1024,,13875,-1.82651047e-06,1.61249343,-0.696348854,0
parametric-eq,low-group-delay,48000,129,1024,,13921.875,-1.8348846e-06,1.61617764,-0.566859118,0
parametric-eq,low-group-delay,48000,129,1024,,13968.75,-1.83354531e-06,1.64067927,-0.134509713,0
parametric-eq,low-group-delay,48000,129,1024,,14015.625,-1.82352132e-06,1.66873123,0.343335971,0
parametric-eq,low-group-delay,48000,129,1024,,14062.5,-1.81083522e-06,1.6815324,0.594485103,0
parametric-eq,low-group-delay,48000,129,1024,,14109.375,-1.80289185e-06,1.6693488,0.48206224,0
parametric-eq,low-group-delay,48000,129,1024,,14156.25,-1.80416171e-06,1.63664286,0.0709764179,0
parametric-eq,low-group-delay,48000,129,1024,,14203.125,-1.81367236e-06,1.59956902,-0.405541735,0
parametric-eq,low-group-delay,48000,129,1024,,14250,-1.82571118e-06,1.57695863,-0.670356063,0
parametric-eq,low-group-delay,48000,129,1024,,14296.875,-1.83325029e-06,1.5792778,-0.567559499,0
parametric-eq,low-group-delay,48000,129,1024,,14343.75,-1.83204413e-06,1.6022856,-0.162700756,0
parametric-eq,low-group-delay,48000,129,1024,,14390.625,-1.82301342e-06,1.62978415,0.302133368,0
parametric-eq,low-group-delay,48000,129,1024,,14437.5,-1.81158118e-06,1.64344159,0.560503074,0
parametric-eq,low-group-delay,48000,129,1024,,14484.375,-1.80442197e-06,1.63321538,0.47047512,0
parametric-eq,low-group-delay,48000,129,1024,,14531.25,-1.80556979e-06,1.6027024,0.0847510021,0
parametric-eq,low-group-delay,48000,129,1024,,14578.125,-1.8141513e-06,1.56709025,-0.377029765,0
parametric-eq,low-group-delay,48000,129,1024,,14625,-1.82501444e-06,1.54465565,-0.64574223,0
parametric-eq,low-group-delay,48000,129,1024,,14671.875,-1.83181612e-06,1.54604392,-0.562670731,0
parametric-eq,low-group-delay,48000,129,1024,,14718.75,-1.83072168e-06,1.56781386,-0.181237411,0
parametric-eq,low-group-delay,48000,129,1024,,14765.625,-1.822561e-06,1.59468616,0.269780488,0
parametric-eq,low-group-delay,48000,129,1024,,14812.5,-1.81223245e-06,1.60884218,0.530635881,0
parametric-eq,low-group-delay,48000,129,1024,,14859.375,-1.8057677e-06,1.60011928,0.457116309,0
parametric-eq,low-group-delay,48000,129,1024,,14906.25,-1.80681338e-06,1.57147238,0.0928049928,0
parametric-eq,low-group-delay,48000,129,1024,,14953.125,-1.81457941e-06,1.53726842,-0.354226309,0
parametric-eq,low-group-delay,48000,129,1024,,15000,-1.82440522e-06,1.51522157,-0.623002793,0
parametric-eq,low-group-delay,48000,129,1024,,15046.875,-1.83055202e-06,1.51599823,-0.554398132,0
parametric-eq,low-group-delay,48000,129,1024,,15093.75,-1.82955081e-06,1.53674654,-0.192853457,0
parametric-eq,low-group-delay,48000,129,1024,,15140.625,-1.82215523e-06,1.56297178,0.244337749,0
parametric-eq,low-group-delay,48000,129,1024,,15187.5,-1.81280272e-06,1.57737773,0.504473415,0
parametric-eq,low-group-delay,48000,129,1024,,15234.375,-1.80695636e-06,1.56981048,0.442991673,0
parametric-eq,low-group-delay,48000,129,1024,,15281.25,-1.8079171e-06,1.54275427,0.0967441571,0
parametric-eq,low-group-delay,48000,129,1024,,15328.125,-1.81496463e-06,1.50988091,-0.336013107,0
parametric-eq,low-group-delay,48000,129,1024,,15375,-1.82387104e-06,1.48835574,-0.602268696,0
parametric-eq,low-group-delay,48000,129,1024,,15421.875,-1.82943316e-06,1.48875923,-0.544107608,0
parametric-eq,low-group-delay,48000,129,1024,,15468.75,-1.82850915e-06,1.5086672,-0.199420121,0
parametric-eq,low-group-delay,48000,129,1024,,15515.625,-1.82178891e-06,1.53425302,0.224355533,0
parametric-eq,low-group-delay,48000,129,1024,,15562.5,-1.81330342e-06,1.5487331,0.481578988,0
parametric-eq,low-group-delay,48000,129,1024,,15609.375,-1.80801057e-06,1.54205122,0.428692319,0
parametric-eq,low-group-delay,48000,129,1024,,15656.25,-1.80890134e-06,1.51635366,0.0976793466,0
parametric-eq,low-group-delay,48000,129,1024,,15703.125,-1.81531352e-06,1.48472417,-0.321518227,0
parametric-eq,low-group-delay,48000,129,1024,,15750,-1.82340144e-06,1.46380386,-0.583500598,0
parametric-eq,low-group-delay,48000,129,1024,,15796.875,-1.82843887e-06,1.46401443,-0.532667785,0
parametric-eq,low-group-delay,48000,129,1024,,15843.75,-1.8275781e-06,1.48323383,-0.202253642,0
parametric-eq,low-group-delay,48000,129,1024,,15890.625,-1.82145611e-06,1.50820325,0.20873307,0
parametric-eq,low-group-delay,48000,129,1024,,15937.5,-1.81374409e-06,1.52263167,0.461539729,0
parametric-eq,low-group-delay,48000,129,1024,,15984.375,-1.80894923e-06,1.51662232,0.414565628,0
parametric-eq,low-group-delay,48000,129,1024,,16031.25,-1.80978306e-06,1.4920874,0.0963962039,0
parametric-eq,low-group-delay,48000,129,1024,,16078.125,-1.81563147e-06,1.46161376,-0.310058706,0
parametric-eq,low-group-delay,48000,129,1024,,16125,-1.82298769e-06,1.44134788,-0.566582534,0
parametric-eq,low-group-delay,48000,129,1024,,16171.875,-1.82755189e-06,1.44150321,-0.520640599,0
parametric-eq,low-group-delay,48000,129,1024,,16218.75,-1.82674216e-06,1.46016129,-0.202299772,0
parametric-eq,low-group-delay,48000,129,1024,,16265.625,-1.82115188e-06,1.48454519,0.196623207,0
parametric-eq,low-group-delay,48000,129,1024,,16312.5,-1.81413276e-06,1.49883132,0.443984586,0
parametric-eq,low-group-delay,48000,129,1024,,16359.375,-1.80978816e-06,1.49332501,0.400811768,0
parametric-eq,low-group-delay,48000,129,1024,,16406.25,-1.81057648e-06,1.4697866,0.0934602889,0
parametric-eq,low-group-delay,48000,129,1024,,16453.125,-1.815923e-06,1.44038355,-0.30109617,0
parametric-eq,low-group-delay,48000,129,1024,,16500,-1.82262242e-06,1.42079919,-0.551368584,0
parametric-eq,low-group-delay,48000,129,1024,,16546.875,-1.82675769e-06,1.42100529,-0.508393027,0
parametric-eq,low-group-delay,48000,129,1024,,16593.75,-1.82598829e-06,1.43920912,-0.200249694,0
parametric-eq,low-group-delay,48000,129,1024,,16640.625,-1.8208721e-06,1.46304192,0.187366455,0
parametric-eq,low-group-delay,48000,129,1024,,16687.5,-1.8144762e-06,1.47712022,0.428588316,0
parametric-eq,low-group-delay,48000,129,1024,,16734.375,-1.81054069e-06,1.47198071,0.387540378,0
parametric-eq,low-group-delay,48000,129,1024,,16781.25,-1.81129356e-06,1.44929733,0.0892846031,0
parametric-eq,low-group-delay,48000,129,1024,,16828.125,-1.81619191e-06,1.42088444,-0.294203301,0
parametric-eq,low-group-delay,48000,129,1024,,16875,-1.82229939e-06,1.40199352,-0.537706362,0
parametric-eq,low-group-delay,48000,129,1024,,16921.875,-1.82604401e-06,1.40233263,-0.496165199,0
parametric-eq,low-group-delay,48000,129,1024,,16968.75,-1.82530546e-06,1.42017268,-0.196615547,0
parametric-eq,low-group-delay,48000,129,1024,,17015.625,-1.82061327e-06,1.44348978,0.180444318,0
parametric-eq,low-group-delay,48000,129,1024,,17062.5,-1.81478013e-06,1.45731293,0.415069549,0
parametric-eq,low-group-delay,48000,129,1024,,17109.375,-1.81121812e-06,1.45242974,0.374804881,0
parametric-eq,low-group-delay,48000,129,1024,,17156.25,-1.81194446e-06,1.43048041,0.0841742646,0
parametric-eq,low-group-delay,48000,129,1024,,17203.125,-1.81644141e-06,1.40298292,-0.289038645,0
parametric-eq,low-group-delay,48000,129,1024,,17250,-1.82201335e-06,1.38478717,-0.525448642,0
parametric-eq,low-group-delay,48000,129,1024,,17296.875,-1.82540045e-06,1.3853235,-0.48411326,0
parametric-eq,low-group-delay,48000,129,1024,,17343.75,-1.82468432e-06,1.40287658,-0.191781088,0
parametric-eq,low-group-delay,48000,129,1024,,17390.625,-1.8203724e-06,1.42571292,0.175445643,0
parametric-eq,low-group-delay,48000,129,1024,,17437.5,-1.81504941e-06,1.43924693,0.403186569,0
parametric-eq,low-group-delay,48000,129,1024,,17484.375,-1.81183004e-06,1.43452982,0.362623752,0
parametric-eq,low-group-delay,48000,129,1024,,17531.25,-1.81253783e-06,1.41321056,0.0783568057,0
parametric-eq,low-group-delay,48000,129,1024,,17578.125,-1.81667428e-06,1.38655963,-0.285327642,0
parametric-eq,low-group-delay,48000,129,1024,,17625,-1.82175979e-06,1.36905396,-0.514458768,0
parametric-eq,low-group-delay,48000,129,1024,,17671.875,-1.82481812e-06,1.36983793,-0.472337027,0
parametric-eq,low-group-delay,48000,129,1024,,17718.75,-1.82411688e-06,1.38716962,-0.186036522,0
parametric-eq,low-group-delay,48000,129,1024,,17765.625,-1.82014694e-06,1.40955892,0.172041957,0
parametric-eq,low-group-delay,48000,129,1024,,17812.5,-1.81528819e-06,1.42277965,0.392732471,0
parametric-eq,low-group-delay,48000,129,1024,,17859.375,-1.81238467e-06,1.41815436,0.350993942,0
parametric-eq,low-group-delay,48000,129,1024,,17906.25,-1.81308106e-06,1.3973754,0.0720031526,0
parametric-eq,low-group-delay,48000,129,1024,,17953.125,-1.81689288e-06,1.37150797,-0.282848258,0
parametric-eq,low-group-delay,48000,129,1024,,18000,-1.8215349e-06,1.35468286,-0.504612772,0
parametric-eq,low-group-delay,48000,129,1024,,18046.875,-1.82428944e-06,1.35575428,-0.460898212,0
parametric-eq,low-group-delay,48000,129,1024,,18093.75,-1.82359627e-06,1.37292092,-0.179602928,0
parametric-eq,low-group-delay,48000,129,1024,,18140.625,-1.81993468e-06,1.39489519,0.169969148,0
parametric-eq,low-group-delay,48000,129,1024,,18187.5,-1.8155e-06,1.40778588,0.383530447,0
parametric-eq,low-group-delay,48000,129,1024,,18234.375,-1.81288904e-06,1.40319091,0.339899456,0
parametric-eq,low-group-delay,48000,129,1024,,18281.25,-1.81358053e-06,1.38287438,0.0652424185,0
parametric-eq,low-group-delay,48000,129,1024,,18328.125,-1.81709929e-06,1.35773286,-0.281420029,0
parametric-eq,low-group-delay,48000,129,1024,,18375,-1.82133542e-06,1.34157597,-0.495799785,0
parametric-eq,low-group-delay,48000,129,1024,,18421.875,-1.82380787e-06,1.34296644,-0.449832634,0
parametric-eq,low-group-delay,48000,129,1024,,18468.75,-1.82311656e-06,1.36001673,-0.172649701,0
parametric-eq,low-group-delay,48000,129,1024,,18515.625,-1.81973367e-06,1.38160618,0.169013681,0
parametric-eq,low-group-delay,48000,129,1024,,18562.5,-1.81568786e-06,1.39415557,0.37542951,0
parametric-eq,low-group-delay,48000,129,1024,,18609.375,-1.81334922e-06,1.38953967,0.329316884,0
parametric-eq,low-group-delay,48000,129,1024,,18656.25,-1.81404177e-06,1.36961769,0.0581724963,0
parametric-eq,low-group-delay,48000,129,1024,,18703.125,-1.81729533e-06,1.34514959,-0.280895639,0
parametric-eq,low-group-delay,48000,129,1024,,18750,-1.82115854e-06,1.3296469,-0.487921557,0
parametric-eq,low-group-delay,48000,129,1024,,18796.875,-1.82336776e-06,1.33138169,-0.439158531,0
parametric-eq,low-group-delay,48000,129,1024,,18843.75,-1.8226726e-06,1.34835799,-0.165307191,0
parametric-eq,low-group-delay,48000,129,1024,,18890.625,-1.8195422e-06,1.36959098,0.169002114,0
parametric-eq,low-group-delay,48000,129,1024,,18937.5,-1.81585436e-06,1.38179199,0.368300739,0
parametric-eq,low-group-delay,48000,129,1024,,18984.375,-1.81377046e-06,1.37711217,0.31921899,0
parametric-eq,low-group-delay,48000,129,1024,,19031.25,-1.81446957e-06,1.35752528,0.0508677505,0
parametric-eq,low-group-delay,48000,129,1024,,19078.125,-1.81748261e-06,1.33368274,-0.281154404,0
parametric-eq,low-group-delay,48000,129,1024,,19125,-1.82100187e-06,1.3188194,-0.480891584,0
parametric-eq,low-group-delay,48000,129,1024,,19171.875,-1.82296424e-06,1.32091882,-0.428882268,0
parametric-eq,low-group-delay,48000,129,1024,,19218.75,-1.82225991e-06,1.33785831,-0.157675981,0
parametric-eq,low-group-delay,48000,129,1024,,19265.625,-1.81935875e-06,1.3587614,0.169793042,0
parametric-eq,low-group-delay,48000,129,1024,,19312.5,-1.81600172e-06,1.37061007,0.362034057,0
parametric-eq,low-group-delay,48000,129,1024,,19359.375,-1.81415733e-06,1.36583012,0.309577025,0
parametric-eq,low-group-delay,48000,129,1024,,19406.25,-1.81486814e-06,1.34652596,0.04338467,0
parametric-eq,low-group-delay,48000,129,1024,,19453.125,-1.81766257e-06,1.32326535,-0.282097191,0
parametric-eq,low-group-delay,48000,129,1024,,19500,-1.82086335e-06,1.30902617,-0.474634066,0
parametric-eq,low-group-delay,48000,129,1024,,19546.875,-1.82259303e-06,1.31150674,-0.41900231,0
parametric-eq,low-group-delay,48000,129,1024,,19593.75,-1.82187454e-06,1.32844227,-0.149833788,0
parametric-eq,low-group-delay,48000,129,1024,,19640.625,-1.81918196e-06,1.34904037,0.17127086,0
parametric-eq,low-group-delay,48000,129,1024,,19687.5,-1.81613184e-06,1.36053515,0.3565355,0
parametric-eq,low-group-delay,48000,129,1024,,19734.375,-1.8145138e-06,1.35562429,0.300362234,0
parametric-eq,low-group-delay,48000,129,1024,,19781.25,-1.81524117e-06,1.33655655,0.0357660703,0
parametric-eq,low-group-delay,48000,129,1024,,19828.125,-1.81783651e-06,1.31383802,-0.28364243,0
parametric-eq,low-group-delay,48000,129,1024,,19875,-1.82074122e-06,1.30020793,-0.46908286,0
parametric-eq,low-group-delay,48000,129,1024,,19921.875,-1.82225042e-06,1.30308323,-0.409512002,0
parametric-eq,low-group-delay,48000,129,1024,,19968.75,-1.82151301e-06,1.32004409,-0.14184064,0
parametric-eq,low-group-delay,48000,129,1024,,20015.625,-1.81901057e-06,1.34036059,0.173340893,0
parametric-eq,low-group-delay,48000,129,1024,,20062.5,-1.81624635e-06,1.35150172,0.35172491,0
parametric-eq,low-group-delay,48000,129,1024,,20109.375,-1.81484336e-06,1.34643372,0.291546806,0
parametric-eq,low-group-delay,48000,129,1024,,20156.25,-1.81559195e-06,1.32756118,0.0280442473,0
parametric-eq,low-group-delay,48000,129,1024,,20203.125,-1.81800563e-06,1.3053483,-0.28572296,0
parametric-eq,low-group-delay,48000,129,1024,,20250,-1.82063397e-06,1.29231258,-0.464180476,0
parametric-eq,low-group-delay,48000,129,1024,,20296.875,-1.82193315e-06,1.29559391,-0.400401532,0
parametric-eq,low-group-delay,48000,129,1024,,20343.75,-1.82117224e-06,1.31260649,-0.133742801,0
parametric-eq,low-group-delay,48000,129,1024,,20390.625,-1.81884344e-06,1.33266341,0.175925557,0
parametric-eq,low-group-delay,48000,129,1024,,20437.5,-1.81634667e-06,1.34345253,0.347534003,0
parametric-eq,low-group-delay,48000,129,1024,,20484.375,-1.81514908e-06,1.33820484,0.283104477,0
parametric-eq,low-group-delay,48000,129,1024,,20531.25,-1.81592341e-06,1.31949064,0.0202433686,0
parametric-eq,low-group-delay,48000,129,1024,,20578.125,-1.81817104e-06,1.29775,-0.288283534,0
parametric-eq,low-group-delay,48000,129,1024,,20625,-1.82054029e-06,1.28529447,-0.459877166,0
parametric-eq,low-group-delay,48000,129,1024,,20671.875,-1.82163833e-06,1.28899145,-0.391659326,0
parametric-eq,low-group-delay,48000,129,1024,,20718.75,-1.82084946e-06,1.30607972,-0.125575774,0
parametric-eq,low-group-delay,48000,129,1024,,20765.625,-1.8186795e-06,1.3258979,0.178961334,0
parametric-eq,low-group-delay,48000,129,1024,,20812.5,-1.81643397e-06,1.33633772,0.343904763,0
parametric-eq,low-group-delay,48000,129,1024,,20859.375,-1.81543365e-06,1.33089084,0.275010901,0
parametric-eq,low-group-delay,48000,129,1024,,20906.25,-1.81623815e-06,1.3123018,0.0123813032,0
parametric-eq,low-group-delay,48000,129,1024,,20953.125,-1.81833376e-06,1.2910027,-0.291278811,0
parametric-eq,low-group-delay,48000,129,1024,,21000,-1.8204591e-06,1.27911383,-0.456130113,0
parametric-eq,low-group-delay,48000,129,1024,,21046.875,-1.8213634e-06,1.28323481,-0.38327304,0
parametric-eq,low-group-delay,48000,129,1024,,21093.75,-1.82054218e-06,1.30042082,-0.117366616,0
parametric-eq,low-group-delay,48000,129,1024,,21140.625,-1.81851775e-06,1.32002008,0.182396359,0
parametric-eq,low-group-delay,48000,129,1024,,21187.5,-1.81650929e-06,1.33011412,0.340788096,0
parametric-eq,low-group-delay,48000,129,1024,,21234.375,-1.81569948e-06,1.32445107,0.267243866,0
parametric-eq,low-group-delay,48000,129,1024,,21281.25,-1.81653854e-06,1.30595716,0.00447103444,0
parametric-eq,low-group-delay,48000,129,1024,,21328.125,-1.81849478e-06,1.2850713,-0.294671755,0
parametric-eq,low-group-delay,48000,129,1024,,21375,-1.82038945e-06,1.27373628,-0.45290272,0
parametric-eq,low-group-delay,48000,129,1024,,21421.875,-1.82110612e-06,1.27828869,-0.375230284,0
parametric-eq,low-group-delay,48000,129,1024,,21468.75,-1.82024813e-06,1.29559296,-0.109135739,0
parametric-eq,low-group-delay,48000,129,1024,,21515.625,-1.81835723e-06,1.31499223,0.186188492,0
parametric-eq,low-group-delay,48000,129,1024,,21562.5,-1.81657347e-06,1.32474468,0.338142722,0
parametric-eq,low-group-delay,48000,129,1024,,21609.375,-1.81594871e-06,1.31885055,0.259783429,0
parametric-eq,low-group-delay,48000,129,1024,,21656.25,-1.81682675e-06,1.30042441,-0.00347823704,0
parametric-eq,low-group-delay,48000,129,1024,,21703.125,-1.81865503e-06,1.27992558,-0.298432343,0
parametric-eq,low-group-delay,48000,129,1024,,21750,-1.82033056e-06,1.26913235,-0.450164005,0
parametric-eq,low-group-delay,48000,129,1024,,21796.875,-1.82086446e-06,1.27412302,-0.367519141,0
parametric-eq,low-group-delay,48000,129,1024,,21843.75,-1.81996525e-06,1.29156486,-0.10089832,0
parametric-eq,low-group-delay,48000,129,1024,,21890.625,-1.81819701e-06,1.31078239,0.190303775,0
parametric-eq,low-group-delay,48000,129,1024,,21937.5,-1.81662724e-06,1.32019794,0.335934259,0
parametric-eq,low-group-delay,48000,129,1024,,21984.375,-1.81618326e-06,1.31405956,0.252611984,0
parametric-eq,low-group-delay,48000,129,1024,,22031.25,-1.81710478e-06,1.29567607,-0.0114602225,0
parametric-eq,low-group-delay,48000,129,1024,,22078.125,-1.81881544e-06,1.27553992,-0.302536515,0
parametric-eq,low-group-delay,48000,129,1024,,22125,-1.82028176e-06,1.26527719,-0.447888079,0
parametric-eq,low-group-delay,48000,129,1024,,22171.875,-1.82063659e-06,1.27071256,-0.360128561,0
parametric-eq,low-group-delay,48000,129,1024,,22218.75,-1.81969163e-06,1.28831036,-0.0926654126,0
parametric-eq,low-group-delay,48000,129,1024,,22265.625,-1.81803618e-06,1.30736386,0.194715188,0
parametric-eq,low-group-delay,48000,129,1024,,22312.5,-1.81667119e-06,1.31644764,0.334134479,0
parametric-eq,low-group-delay,48000,129,1024,,22359.375,-1.81640485e-06,1.31005326,0.245714319,0
parametric-eq,low-group-delay,48000,129,1024,,22406.25,-1.81737445e-06,1.29168921,-0.0194708476,0
parametric-eq,low-group-delay,48000,129,1024,,22453.125,-1.81897691e-06,1.271893,-0.306965328,0
parametric-eq,low-group-delay,48000,129,1024,,22500,-1.82024253e-06,1.26215022,-0.446053721,0
parametric-eq,low-group-delay,48000,129,1024,,22546.875,-1.82042089e-06,1.26803656,-0.353048662,0
parametric-eq,low-group-delay,48000,129,1024,,22593.75,-1.81942548e-06,1.28580809,-0.0844448436,0
parametric-eq,low-group-delay,48000,129,1024,,22640.625,-1.81787385e-06,1.30471487,0.199401652,0
parametric-eq,low-group-delay,48000,129,1024,,22687.5,-1.8167058e-06,1.31347241,0.3327207,0
parametric-eq,low-group-delay,48000,129,1024,,22734.375,-1.81661504e-06,1.30681146,0.239077647,0
parametric-eq,low-group-delay,48000,129,1024,,22781.25,-1.81763749e-06,1.28844519,-0.0275076831,0
parametric-eq,low-group-delay,48000,129,1024,,22828.125,-1.81914034e-06,1.26896756,-0.311704258,0
parametric-eq,low-group-delay,48000,129,1024,,22875,-1.82021245e-06,1.25973492,-0.444644024,0
parametric-eq,low-group-delay,48000,129,1024,,22921.875,-1.82021586e-06,1.26607847,-0.346270967,0
parametric-eq,low-group-delay,48000,129,1024,,22968.75,-1.81916512e-06,1.28404111,-0.0762419266,0
parametric-eq,low-group-delay,48000,129,1024,,23015.625,-1.81770909e-06,1.30281825,0.204347222,0
parametric-eq,low-group-delay,48000,129,1024,,23062.5,-1.81673144e-06,1.31125541,0.331675315,0
parametric-eq,low-group-delay,48000,129,1024,,23109.375,-1.81681526e-06,1.30431833,0.232691669,0
parametric-eq,low-group-delay,48000,129,1024,,23156.25,-1.81789556e-06,1.28592951,-0.0355694698,0
parametric-eq,low-group-delay,48000,129,1024,,23203.125,-1.81930666e-06,1.26675027,-0.316742642,0
parametric-eq,low-group-delay,48000,129,1024,,23250,-1.82019119e-06,1.25801862,-0.443646114,0
parametric-eq,low-group-delay,48000,129,1024,,23296.875,-1.82002014e-06,1.26482578,-0.339788614,0
parametric-eq,low-group-delay,48000,129,1024,,23343.75,-1.81890895e-06,1.28299669,-0.0680600546,0
parametric-eq,low-group-delay,48000,129,1024,,23390.625,-1.81754098e-06,1.30166122,0.209540442,0
parametric-eq,low-group-delay,48000,129,1024,,23437.5,-1.81674838e-06,1.30978425,0.330985425,0
parametric-eq,low-group-delay,48000,129,1024,,23484.375,-1.81700679e-06,1.30256226,0.226548636,0
parametric-eq,low-group-delay,48000,129,1024,,23531.25,-1.81815022e-06,1.2841316,-0.0436557098,0
parametric-eq,low-group-delay,48000,129,1024,,23578.125,-1.8194768e-06,1.26523154,-0.322073208,0
parametric-eq,low-group-delay,48000,129,1024,,23625,-1.82017852e-06,1.25699239,-0.443050947,0
parametric-eq,low-group-delay,48000,129,1024,,23671.875,-1.81983248e-06,1.26426976,-0.333596545,0
parametric-eq,low-group-delay,48000,129,1024,,23718.75,-1.81865541e-06,1.28266616,-0.0599011924,0
parametric-eq,low-group-delay,48000,129,1024,,23765.625,-1.81736857e-06,1.30123521,0.214973828,0
parametric-eq,low-group-delay,48000,129,1024,,23812.5,-1.81675681e-06,1.3090507,0.330642574,0
parametric-eq,low-group-delay,48000,129,1024,,23859.375,-1.81719086e-06,1.30153572,0.220643455,0
parametric-eq,low-group-delay,48000,129,1024,,23906.25,-1.81840301e-06,1.28304478,-0.0517663004,0
parametric-eq,low-group-delay,48000,129,1024,,23953.125,-1.81965173e-06,1.26440546,-0.327691698,0
parametric-eq,low-group-delay,48000,129,1024,,24000,-1.82017431e-06,1.25665091,-0.442853151,0
steep-crossover,budde-iterative,48000,129,1024,16,0,-3.85730987e-15,-0.279648621,42.5591944,1
steep-crossover,budde-iterative,48000,129,1024,16,46.875,-0.000291537914,-0.251456036,42.88675,1
steep-crossover,budde-iterative,48000,129,1024,16,93.75,-0.00113003275,-0.173453212,43.8094989,0.999999929
steep-crossover,budde-iterative,48000,129,1024,16,140.625,-0.00263408224,-0.0635022764,45.1729902,0.999998177
steep-crossover,budde-iterative,48000,129,1024,16,187.5,-0.00572254555,0.0537960226,46.7859685,0.99998179
steep-crossover,budde-iterative,48000,129,1024,16,234.375,-0.0130662303,0.152113219,48.4748033,0.999891466
steep-crossover,budde-iterative,48000,129,1024,16,281.25,-0.0301492651,0.207094481,50.1124475,0.99953345
steep-crossover,budde-iterative,48000,129,1024,16,328.125,-0.0661798116,0.198203329,51.6221935,0.998400062
steep-crossover,budde-iterative,48000,129,1024,16,375,-0.134589539,0.109072473,52.9675559,0.995354378
steep-crossover,budde-iterative,48000,129,1024,16,421.875,-0.252951074,-0.0730010522,54.1386933,0.9881451
steep-crossover,budde-iterative,48000,129,1024,16,468.75,-0.442300877,-0.357896381,55.1407904,0.972781625
steep-crossover,budde-iterative,48000,129,1024,16,515.625,-0.72601559,-0.753542707,55.9858824,0.942995292
steep-crossover,budde-iterative,48000,129,1024,16,562.5,-1.12848283,-1.26669736,56.6877123,0.890434335
steep-crossover,budde-iterative,48000,129,1024,16,609.375,-1.67380255,-1.90360007,57.2586901,0
steep-crossover,budde-iterative,48000,129,1024,16,656.25,-2.38467326,-2.67052382,57.7080675,0
steep-crossover,budde-iterative,48000,129,1024,16,703.125,-3.28150617,-3.57426157,58.0406421,0
steep-crossover,budde-iterative,48000,129,1024,16,750,-4.38171113,-4.62259543,58.2554384,0
steep-crossover,budde-iterative,48000,129,1024,16,796.875,-5.69903068,-5.82479961,58.3438375,0
steep-crossover,budde-iterative,48000,129,1024,16,843.75,-7.24276397,-7.19223731,58.2864583,0
steep-crossover,budde-iterative,48000,129,1024,16,890.625,-9.01671693,-8.73912878,58.04763,0
steep-crossover,budde-iterative,48000,129,1024,16,937.5,-11.0177481,-10.4835966,57.5652171,0
steep-crossover,budde-iterative,48000,129,1024,16,984.375,-13.2338838,-12.4491364,56.7311086,0
steep-crossover,budde-iterative,48000,129,1024,16,1031.25,-15.6422215,-14.6667007,55.3518994,0
steep-crossover,budde-iterative,48000,129,1024,16,1078.125,-18.2072978,-17.1775202,53.064935,0
steep-crossover,budde-iterative,48000,129,1024,16,1125,-20.8812492,-20.0361255,49.1481716,0
steep-crossover,budde-iterative,48000,129,1024,16,1171.875,-23.6075553,-23.3093573,42.0746072,0
steep-crossover,budde-iterative,48000,129,1024,16,1218.75,-26.3295173,-27.0485891,28.5778582,0
steep-crossover,budde-iterative,48000,129,1024,16,1265.625,-29.0019794,-31.1278004,3.55142668,0
steep-crossover,budde-iterative,48000,129,1024,16,1312.5,-31.6010553,-34.6834075,-24.6301581,0
steep-crossover,budde-iterative,48000,129,1024,16,1359.375,-34.1254551,-36.2206767,-14.4093911,0
steep-crossover,budde-iterative,48000,129,1024,16,1406.25,-36.5873185,-36.3256858,16.6534624,0
steep-crossover,budde-iterative,48000,129,1024,16,1453.125,-38.9975159,-36.4994419,36.8701135,0
steep-crossover,budde-iterative,48000,129,1024,16,1500,-41.3541593,-37.263425,47.7851561,0
steep-crossover,budde-iterative,48000,129,1024,16,1546.875,-43.6412487,-38.7185819,54.1523459,0
steep-crossover,budde-iterative,48000,129,1024,16,1593.75,-45.8387504,-40.9376967,58.5928697,0
steep-crossover,budde-iterative,48000,129,1024,16,1640.625,-47.9381929,-44.1089886,62.9159985,0
steep-crossover,budde-iterative,48000,129,1024,16,1687.5,-49.9527058,-48.7477485,70.719522,0
steep-crossover,budde-iterative,48000,129,1024,16,1734.375,-51.9128542,-56.6965849,112.339597,0
steep-crossover,budde-iterative,48000,129,1024,16,1781.25,-53.8497041,-66.99987,459.217834,0
steep-crossover,budde-iterative,48000,129,1024,16,1828.125,-55.7756464,-56.292523,86.4752223,0
steep-crossover,budde-iterative,48000,129,1024,16,1875,-57.6749185,-53.0953352,71.5409416,0
steep-crossover,budde-iterative,48000,129,1024,16,1921.875,-59.5111208,-52.1492912,69.0964303,0
steep-crossover,budde-iterative,48000,129,1024,16,1968.75,-61.2505863,-52.4496627,69.3874895,0
steep-crossover,budde-iterative,48000,129,1024,16,2015.625,-62.8887078,-53.6988735,71.3764255,0
steep-crossover,budde-iterative,48000,129,1024,16,2062.5,-64.4594984,-55.8503465,75.9296901,0
steep-crossover,budde-iterative,48000,129,1024,16,2109.375,-66.0187338,-59.0350041,86.8016641,0
steep-crossover,budde-iterative,48000,129,1024,16,2156.25,-67.6111705,-63.5699073,119.028236,0
steep-crossover,budde-iterative,48000,129,1024,16,2203.125,-69.2419033,-69.0690765,217.193967,0
steep-crossover,budde-iterative,48000,129,1024,16,2250,-70.8677039,-69.3406311,181.796098,0
steep-crossover,budde-iterative,48000,129,1024,16,2296.875,-72.4168761,-66.5489736,104.743487,0
steep-crossover,budde-iterative,48000,129,1024,16,2343.75,-73.8341012,-65.1327288,81.1871915,0
steep-crossover,budde-iterative,48000,129,1024,16,2390.625,-75.124093,-64.9408676,72.0574398,0
steep-crossover,budde-iterative,48000,129,1024,16,2437.5,-76.3572369,-65.6796012,67.2600905,0
steep-crossover,budde-iterative,48000,129,1024,16,2484.375,-77.6292569,-67.2144694,63.8960486,0
steep-crossover,budde-iterative,48000,129,1024,16,2531.25,-79.0047427,-69.5195966,60.7880618,0
steep-crossover,budde-iterative,48000,129,1024,16,2578.125,-80.4768427,-72.6609829,57.1809337,0
steep-crossover,budde-iterative,48000,129,1024,16,2625,-81.9599121,-76.8281327,52.2836516,0
steep-crossover,budde-iterative,48000,129,1024,16,2671.875,-83.3272409,-82.4802046,45.0152917,0
steep-crossover,budde-iterative,48000,129,1024,16,2718.75,-84.4916445,-91.118886,34.0670882,0
steep-crossover,budde-iterative,48000,129,1024,16,2765.625,-85.4779816,-121.011299,0,0
steep-crossover,budde-iterative,48000,129,1024,16,2812.5,-86.4169055,-95.2036393,8.45844927,0
steep-crossover,budde-iterative,48000,129,1024,16,2859.375,-87.4632662,-90.7343483,12.0381316,0
steep-crossover,budde-iterative,48000,129,1024,16,2906.25,-88.7081445,-87.9726484,26.7666498,0
steep-crossover,budde-iterative,48000,129,1024,16,2953.125,-90.1269629,-86.1528078,41.283301,0
steep-crossover,budde-iterative,48000,129,1024,16,3000,-91.5719698,-85.2804185,52.2189093,0
steep-crossover,budde-iterative,48000,129,1024,16,3046.875,-92.8318702,-85.3975374,60.9455433,0
steep-crossover,budde-iterative,48000,129,1024,16,3093.75,-93.7712955,-86.607829,70.3046068,0
steep-crossover,budde-iterative,48000,129,1024,16,3140.625,-94.4528388,-89.2027569,87.0524731,0
steep-crossover,budde-iterative,48000,129,1024,16,3187.5,-95.1016871,-93.8657316,143.872015,0
steep-crossover,budde-iterative,48000,129,1024,16,3234.375,-95.9541975,-98.7209845,302.49796,0
steep-crossover,budde-iterative,48000,129,1024,16,3281.25,-97.1342565,-94.0805313,137.954088,0
steep-crossover,budde-iterative,48000,129,1024,16,3328.125,-98.5945806,-90.3104158,91.6378027,0
steep-crossover,budde-iterative,48000,129,1024,16,3375,-100.102379,-88.5022401,80.3171041,0
steep-crossover,budde-iterative,48000,129,1024,16,3421.875,-101.318076,-87.9994956,76.7424137,0
steep-crossover,budde-iterative,48000,129,1024,16,3468.75,-102.031347,-88.5428863,75.7820001,0
steep-crossover,budde-iterative,48000,129,1024,16,3515.625,-102.371624,-90.1035474,76.0736592,0
steep-crossover,budde-iterative,48000,129,1024,16,3562.5,-102.707252,-92.8708257,77.2304346,0
steep-crossover,budde-iterative,48000,129,1024,16,3609.375,-103.379395,-97.4938992,79.2494768,0
steep-crossover,budde-iterative,48000,129,1024,16,3656.25,-104.54929,-106.868988,82.4001332,0
steep-crossover,budde-iterative,48000,129,1024,16,3703.125,-106.145865,-111.686643,87.2986325,0
steep-crossover,budde-iterative,48000,129,1024,16,3750,-107.828783,-102.563089,95.1277333,0
steep-crossover,budde-iterative,48000,129,1024,16,3796.875,-109.065747,-100.052396,107.830642,0
steep-crossover,budde-iterative,48000,129,1024,16,3843.75,-109.525739,-99.408034,126.689405,0
steep-crossover,budde-iterative,48000,129,1024,16,3890.625,-109.454777,-99.1465708,144.192467,0
steep-crossover,budde-iterative,48000,129,1024,16,3937.5,-109.43311,-98.1662341,142.00755,0
steep-crossover,budde-iterative,48000,129,1024,16,3984.375,-109.926191,-96.4964925,125.198653,0
steep-crossover,budde-iterative,48000,129,1024,16,4031.25,-111.13296,-94.8806479,111.341226,0
steep-crossover,budde-iterative,48000,129,1024,16,4078.125,-112.965495,-93.7307201,104.181253,0
steep-crossover,budde-iterative,48000,129,1024,16,4125,-114.961552,-93.1295719,102.094831,0
steep-crossover,budde-iterative,48000,129,1024,16,4171.875,-116.301116,-93.0353231,103.664163,0
steep-crossover,budde-iterative,48000,129,1024,16,4218.75,-116.450321,-93.3521492,108.037997,0
steep-crossover,budde-iterative,48000,129,1024,16,4265.625,-115.860483,-93.9299841,114.146778,0
steep-crossover,budde-iterative,48000,129,1024,16,4312.5,-115.420686,-94.559348,119.761535,0
steep-crossover,budde-iterative,48000,129,1024,16,4359.375,-115.727825,-95.0312126,121.81699,0
steep-crossover,budde-iterative,48000,129,1024,16,4406.25,-117.011309,-95.2726299,119.162979,0
steep-crossover,budde-iterative,48000,129,1024,16,4453.125,-119.18602,-95.403523,113.97164,0
steep-crossover,budde-iterative,48000,129,1024,16,4500,-121.676664,-95.6262426,109.149564,0
steep-crossover,budde-iterative,48000,129,1024,16,4546.875,-123.236653,-96.1044002,106.269676,0
steep-crossover,budde-iterative,48000,129,1024,16,4593.75,-122.972223,-96.9306105,105.807641,0
steep-crossover,budde-iterative,48000,129,1024,16,4640.625,-121.707241,-98.1382789,107.829864,0
steep-crossover,budde-iterative,48000,129,1024,16,4687.5,-120.775177,-99.7092271,112.181258,0
steep-crossover,budde-iterative,48000,129,1024,16,4734.375,-120.884466,-101.567529,118.070838,0
steep-crossover,budde-iterative,48000,129,1024,16,4781.25,-122.276201,-103.586023,123.33748,0
steep-crossover,budde-iterative,48000,129,1024,16,4828.125,-124.904649,-105.671503,124.90214,0
steep-crossover,budde-iterative,48000,129,1024,16,4875,-128.142065,-107.954103,121.636774,0
steep-crossover,budde-iterative,48000,129,1024,16,4921.875,-130.118605,-110.991072,115.746953,0
steep-crossover,budde-iterative,48000,129,1024,16,4968.75,-129.254577,-116.319752,110.082428,0
steep-crossover,budde-iterative,48000,129,1024,16,5015.625,-127.08735,-140.003869,0,0
steep-crossover,budde-iterative,48000,129,1024,16,5062.5,-125.578772,-117.14718,103.986533,0
steep-crossover,budde-iterative,48000,129,1024,16,5109.375,-125.476069,-110.987639,103.678702,0
steep-crossover,budde-iterative,48000,129,1024,16,5156.25,-126.997768,-107.764533,104.905879,0
steep-crossover,budde-iterative,48000,129,1024,16,5203.125,-130.193348,-105.806263,107.366999,0
steep-crossover,budde-iterative,48000,129,1024,16,5250,-134.549763,-104.555493,110.578668,0
steep-crossover,budde-iterative,48000,129,1024,16,5296.875,-137.325213,-103.710473,113.746841,0
steep-crossover,budde-iterative,48000,129,1024,16,5343.75,-135.488276,-103.068606,115.870624,0
steep-crossover,budde-iterative,48000,129,1024,16,5390.625,-132.075384,-102.505327,116.243785,0
steep-crossover,budde-iterative,48000,129,1024,16,5437.5,-129.898843,-101.980099,114.979239,0
steep-crossover,budde-iterative,48000,129,1024,16,5484.375,-129.570206,-101.520391,112.906512,0
steep-crossover,budde-iterative,48000,129,1024,16,5531.25,-131.232718,-101.181899,110.965812,0
steep-crossover,budde-iterative,48000,129,1024,16,5578.125,-135.105183,-101.012688,109.771597,0
steep-crossover,budde-iterative,48000,129,1024,16,5625,-141.177808,-101.03633,109.550177,0
steep-crossover,budde-iterative,48000,129,1024,16,5671.875,-145.701007,-101.249436,110.22943,0
steep-crossover,budde-iterative,48000,129,1024,16,5718.75,-141.955723,-101.625776,111.509581,0
steep-crossover,budde-iterative,48000,129,1024,16,5765.625,-136.7338,-102.124628,112.912992,0
steep-crossover,budde-iterative,48000,129,1024,16,5812.5,-133.792941,-102.704616,113.896338,0
steep-crossover,budde-iterative,48000,129,1024,16,5859.375,-133.226559,-103.341823,114.066694,0
steep-crossover,budde-iterative,48000,129,1024,16,5906.25,-135.02987,-104.044603,113.387337,0
steep-crossover,budde-iterative,48000,129,1024,16,5953.125,-139.678474,-104.856069,112.185275,0
steep-crossover,budde-iterative,48000,129,1024,16,6000,-148.570487,-105.844489,110.950646,0
steep-crossover,budde-iterative,48000,129,1024,16,6046.875,-158.971433,-107.091958,110.113216,0
steep-crossover,budde-iterative,48000,129,1024,16,6093.75,-149.220805,-108.692737,109.93048,0
steep-crossover,budde-iterative,48000,129,1024,16,6140.625,-141.116846,-110.770584,110.470035,0
steep-crossover,budde-iterative,48000,129,1024,16,6187.5,-137.311708,-113.53616,111.617214,0
steep-crossover,budde-iterative,48000,129,1024,16,6234.375,-136.499154,-117.477542,113.080205,0
steep-crossover,budde-iterative,48000,129,1024,16,6281.25,-138.433598,-124.329276,0,0
steep-crossover,budde-iterative,48000,129,1024,16,6328.125,-143.939706,-141.757725,0,0
steep-crossover,budde-iterative,48000,129,1024,16,6375,-158.410887,-122.621855,0,0
steep-crossover,budde-iterative,48000,129,1024,16,6421.875,-161.936844,-117.22317,114.286807,0
steep-crossover,budde-iterative,48000,129,1024,16,6468.75,-159.07926,-113.991862,112.999157,0
steep-crossover,budde-iterative,48000,129,1024,16,6515.625,-145.273487,-111.724306,111.704017,0
steep-crossover,budde-iterative,48000,129,1024,16,6562.5,-140.500422,-110.042729,110.748047,0
steep-crossover,budde-iterative,48000,129,1024,16,6609.375,-139.437207,-108.781701,110.319065,0
steep-crossover,budde-iterative,48000,129,1024,16,6656.25,-141.48565,-107.847239,110.449118,0
steep-crossover,budde-iterative,48000,129,1024,16,6703.125,-147.905809,-107.171413,111.040583,0
steep-crossover,budde-iterative,48000,129,1024,16,6750,-183.965448,-106.696435,111.893681,0
steep-crossover,budde-iterative,48000,129,1024,16,6796.875,-155.611344,-106.370936,112.745565,0
steep-crossover,budde-iterative,48000,129,1024,16,6843.75,-179.949341,-106.152497,113.337757,0
steep-crossover,budde-iterative,48000,129,1024,16,6890.625,-149.24986,-106.012654,113.503899,0
steep-crossover,budde-iterative,48000,129,1024,16,6937.5,-143.399749,-105.940357,113.233357,0
steep-crossover,budde-iterative,48000,129,1024,16,6984.375,-142.085264,-105.940881,112.664971,0
steep-crossover,budde-iterative,48000,129,1024,16,7031.25,-144.225767,-106.030205,112.014637,0
steep-crossover,budde-iterative,48000,129,1024,16,7078.125,-151.58626,-106.227691,111.486764,0
steep-crossover,budde-iterative,48000,129,1024,16,7125,-163.468829,-106.550165,111.214606,0
steep-crossover,budde-iterative,48000,129,1024,16,7171.875,-154.085514,-107.008974,111.239474,0
steep-crossover,budde-iterative,48000,129,1024,16,7218.75,-162.991099,-107.61008,111.516905,0
steep-crossover,budde-iterative,48000,129,1024,16,7265.625,-153.091672,-108.356776,111.938383,0
steep-crossover,budde-iterative,48000,129,1024,16,7312.5,-146.046068,-109.254634,112.364888,0
steep-crossover,budde-iterative,48000,129,1024,16,7359.375,-144.483106,-110.318415,112.669653,0
steep-crossover,budde-iterative,48000,129,1024,16,7406.25,-146.691562,-111.580802,112.779766,0
steep-crossover,budde-iterative,48000,129,1024,16,7453.125,-154.985315,-113.10405,112.699055,0
steep-crossover,budde-iterative,48000,129,1024,16,7500,-160.59857,-114.99995,112.50002,0
steep-crossover,budde-iterative,48000,129,1024,16,7546.875,-153.874517,-117.477335,112.289406,0
steep-crossover,budde-iterative,48000,129,1024,16,7593.75,-160.082322,-120.992257,0,0
steep-crossover,budde-iterative,48000,129,1024,16,7640.625,-156.847049,-126.956149,0,0
steep-crossover,budde-iterative,48000,129,1024,16,7687.5,-148.471656,-157.067682,0,0
steep-crossover,budde-iterative,48000,129,1024,16,7734.375,-146.665723,-127.808269,0,0
steep-crossover,budde-iterative,48000,129,1024,16,7781.25,-148.918068,-121.830855,0,0
steep-crossover,budde-iterative,48000,129,1024,16,7828.125,-158.104519,-118.470463,112.944407,0
steep-crossover,budde-iterative,48000,129,1024,16,7875,-159.866142,-116.17316,112.893754,0
steep-crossover,budde-iterative,48000,129,1024,16,7921.875,-154.233003,-114.462689,112.662962,0
steep-crossover,budde-iterative,48000,129,1024,16,7968.75,-159.206092,-113.134686,112.309074,0
steep-crossover,budde-iterative,48000,129,1024,16,8015.625,-160.57057,-112.087658,111.930901,0
steep-crossover,budde-iterative,48000,129,1024,16,8062.5,-150.704865,-111.266507,111.635139,0
steep-crossover,budde-iterative,48000,129,1024,16,8109.375,-148.663447,-110.637894,111.504405,0
steep-crossover,budde-iterative,48000,129,1024,16,8156.25,-150.937262,-110.177898,111.57594,0
steep-crossover,budde-iterative,48000,129,1024,16,8203.125,-160.945435,-109.865811,111.832771,0
steep-crossover,budde-iterative,48000,129,1024,16,8250,-159.956805,-109.681657,112.206783,0
steep-crossover,budde-iterative,48000,129,1024,16,8296.875,-154.881005,-109.606317,112.594225,0
steep-crossover,budde-iterative,48000,129,1024,16,8343.75,-159.125351,-109.623412,112.883729,0
steep-crossover,budde-iterative,48000,129,1024,16,8390.625,-164.32996,-109.721972,112.991554,0
steep-crossover,budde-iterative,48000,129,1024,16,8437.5,-152.770359,-109.898668,112.891001,0
steep-crossover,budde-iterative,48000,129,1024,16,8484.375,-150.502256,-110.158525,112.621316,0
steep-crossover,budde-iterative,48000,129,1024,16,8531.25,-152.777749,-110.513773,112.271005,0
steep-crossover,budde-iterative,48000,129,1024,16,8578.125,-163.51227,-110.981491,111.944653,0
steep-crossover,budde-iterative,48000,129,1024,16,8625,-160.452306,-111.581275,111.728965,0
steep-crossover,budde-iterative,48000,129,1024,16,8671.875,-155.68654,-112.334152,111.669574,0
steep-crossover,budde-iterative,48000,129,1024,16,8718.75,-159.439153,-113.263708,111.762314,0
steep-crossover,budde-iterative,48000,129,1024,16,8765.625,-168.218746,-114.400342,111.95814,0
steep-crossover,budde-iterative,48000,129,1024,16,8812.5,-154.689411,-115.790188,112.179928,0
steep-crossover,budde-iterative,48000,129,1024,16,8859.375,-152.204199,-117.512475,112.348234,0
steep-crossover,budde-iterative,48000,129,1024,16,8906.25,-154.464664,-119.716499,112.409428,0
steep-crossover,budde-iterative,48000,129,1024,16,8953.125,-165.813924,-122.718901,0,0
steep-crossover,budde-iterative,48000,129,1024,16,9000,-161.169283,-127.366151,0,0
steep-crossover,budde-iterative,48000,129,1024,16,9046.875,-156.57911,-137.923992,0,0
steep-crossover,budde-iterative,48000,129,1024,16,9093.75,-159.970632,-135.440154,0,0
steep-crossover,budde-iterative,48000,129,1024,16,9140.625,-172.383801,-126.82288,0,0
steep-crossover,budde-iterative,48000,129,1024,16,9187.5,-156.480247,-122.737758,0,0
steep-crossover,budde-iterative,48000,129,1024,16,9234.375,-153.787876,-120.111009,0,0
steep-crossover,budde-iterative,48000,129,1024,16,9281.25,-156.019774,-118.221666,112.911751,0
steep-crossover,budde-iterative,48000,129,1024,16,9328.125,-167.865008,-116.778582,113.106331,0
steep-crossover,budde-iterative,48000,129,1024,16,9375,-162.013159,-115.634678,113.117995,0
steep-crossover,budde-iterative,48000,129,1024,16,9421.875,-157.518046,-114.708728,112.921591,0
steep-crossover,budde-iterative,48000,129,1024,16,9468.75,-160.628514,-113.956176,112.562268,0
steep-crossover,budde-iterative,48000,129,1024,16,9515.625,-177.096809,-113.354491,112.140977,0
steep-crossover,budde-iterative,48000,129,1024,16,9562.5,-158.158404,-112.893492,111.779644,0
steep-crossover,budde-iterative,48000,129,1024,16,9609.375,-155.26893,-112.568166,111.582815,0
steep-crossover,budde-iterative,48000,129,1024,16,9656.25,-157.461725,-112.373638,111.608643,0
steep-crossover,budde-iterative,48000,129,1024,16,9703.125,-169.685631,-112.302285,111.853517,0
steep-crossover,budde-iterative,48000,129,1024,16,9750,-162.930114,-112.343006,112.25059,0
steep-crossover,budde-iterative,48000,129,1024,16,9796.875,-158.478702,-112.482535,112.683618,0
steep-crossover,budde-iterative,48000,129,1024,16,9843.75,-161.361053,-112.708515,113.018178,0
steep-crossover,budde-iterative,48000,129,1024,16,9890.625,-182.997781,-113.013543,113.146068,0
steep-crossover,budde-iterative,48000,129,1024,16,9937.5,-159.737086,-113.398789,113.026749,0
steep-crossover,budde-iterative,48000,129,1024,16,9984.375,-156.6605,-113.875782,112.70407,0
steep-crossover,budde-iterative,48000,129,1024,16,10031.25,-158.806369,-114.465801,112.287921,0
steep-crossover,budde-iterative,48000,129,1024,16,10078.125,-171.300124,-115.197781,111.911507,0
steep-crossover,budde-iterative,48000,129,1024,16,10125,-163.887466,-116.106649,111.686058,0
steep-crossover,budde-iterative,48000,129,1024,16,10171.875,-159.445672,-117.234353,111.669176,0
steep-crossover,budde-iterative,48000,129,1024,16,10218.75,-162.13709,-118.636274,111.851557,0
steep-crossover,budde-iterative,48000,129,1024,16,10265.625,-192.539002,-120.397975,0,0
steep-crossover,budde-iterative,48000,129,1024,16,10312.5,-161.227493,-122.675784,0,0
steep-crossover,budde-iterative,48000,129,1024,16,10359.375,-157.973644,-125.80977,0,0
steep-crossover,budde-iterative,48000,129,1024,16,10406.25,-160.067129,-130.764904,0,0
steep-crossover,budde-iterative,48000,129,1024,16,10453.125,-172.735165,-143.344398,0,0
steep-crossover,budde-iterative,48000,129,1024,16,10500,-164.864459,-136.420508,0,0
steep-crossover,budde-iterative,48000,129,1024,16,10546.875,-160.409161,-128.740863,0,0
steep-crossover,budde-iterative,48000,129,1024,16,10593.75,-162.937106,-124.841255,0,0
steep-crossover,budde-iterative,48000,129,1024,16,10640.625,-201.278886,-122.281586,0,0
steep-crossover,budde-iterative,48000,129,1024,16,10687.5,-162.63912,-120.434906,0,0
steep-crossover,budde-iterative,48000,129,1024,16,10734.375,-159.217689,-119.03825,112.364919,0
steep-crossover,budde-iterative,48000,129,1024,16,10781.25,-161.255355,-117.95017,112.786505,0
steep-crossover,budde-iterative,48000,129,1024,16,10828.125,-174.017829,-117.082685,113.115039,0
steep-crossover,budde-iterative,48000,129,1024,16,10875,-165.847481,-116.378476,113.227562,0
steep-crossover,budde-iterative,48000,129,1024,16,10921.875,-161.362926,-115.802668,113.071909,0
steep-crossover,budde-iterative,48000,129,1024,16,10968.75,-163.748578,-115.338499,112.691667,0
steep-crossover,budde-iterative,48000,129,1024,16,11015.625,-190.336503,-114.982625,112.209863,0
steep-crossover,budde-iterative,48000,129,1024,16,11062.5,-163.98002,-114.73931,111.781676,0
steep-crossover,budde-iterative,48000,129,1024,16,11109.375,-160.400538,-114.614559,111.541811,0
steep-crossover,budde-iterative,48000,129,1024,16,11156.25,-162.38066,-114.611533,111.566028,0
steep-crossover,budde-iterative,48000,129,1024,16,11203.125,-175.173992,-114.728033,111.851968,0
steep-crossover,budde-iterative,48000,129,1024,16,11250,-166.827402,-114.95632,112.317781,0
steep-crossover,budde-iterative,48000,129,1024,16,11296.875,-162.303032,-115.285328,112.819788,0
steep-crossover,budde-iterative,48000,129,1024,16,11343.75,-164.563383,-115.705019,113.192701,0
steep-crossover,budde-iterative,48000,129,1024,16,11390.625,-186.964509,-116.211947,113.307403,0
steep-crossover,budde-iterative,48000,129,1024,16,11437.5,-165.257028,-116.814296,113.123771,0
steep-crossover,budde-iterative,48000,129,1024,16,11484.375,-161.528925,-117.534641,112.70841,0
steep-crossover,budde-iterative,48000,129,1024,16,11531.25,-163.451206,-118.410147,112.205537,0
steep-crossover,budde-iterative,48000,129,1024,16,11578.125,-176.227266,-119.492215,111.779457,0
steep-crossover,budde-iterative,48000,129,1024,16,11625,-167.797992,-120.849558,0,0
steep-crossover,budde-iterative,48000,129,1024,16,11671.875,-163.227085,-122.581243,0,0
steep-crossover,budde-iterative,48000,129,1024,16,11718.75,-165.376263,-124.854524,0,0
steep-crossover,budde-iterative,48000,129,1024,16,11765.625,-185.342747,-128.018536,0,0
steep-crossover,budde-iterative,48000,129,1024,16,11812.5,-166.475948,-133.063828,0,0
steep-crossover,budde-iterative,48000,129,1024,16,11859.375,-162.608623,-146.245892,0,0
steep-crossover,budde-iterative,48000,129,1024,16,11906.25,-164.473969,-138.249194,0,0
steep-crossover,budde-iterative,48000,129,1024,16,11953.125,-177.198476,-130.741538,0,0
steep-crossover,budde-iterative,48000,129,1024,16,12000,-168.754957,-126.852379,0,0
steep-crossover,budde-iterative,48000,129,1024,16,12046.875,-164.133739,-124.259835,0,0
steep-crossover,budde-iterative,48000,129,1024,16,12093.75,-166.183887,-122.365476,0,0
steep-crossover,budde-iterative,48000,129,1024,16,12140.625,-184.504144,-120.925126,0,0
steep-crossover,budde-iterative,48000,129,1024,16,12187.5,-167.641719,-119.811038,111.909176,0
steep-crossover,budde-iterative,48000,129,1024,16,12234.375,-163.644613,-118.941944,112.35292,0
steep-crossover,budde-iterative,48000,129,1024,16,12281.25,-165.454947,-118.258271,112.846518,0
steep-crossover,budde-iterative,48000,129,1024,16,12328.125,-178.105563,-117.714209,113.218192,0
steep-crossover,budde-iterative,48000,129,1024,16,12375,-169.695307,-117.277006,113.327206,0
steep-crossover,budde-iterative,48000,129,1024,16,12421.875,-165.022368,-116.928324,113.123825,0
steep-crossover,budde-iterative,48000,129,1024,16,12468.75,-166.984248,-116.664082,112.673579,0
steep-crossover,budde-iterative,48000,129,1024,16,12515.625,-184.103737,-116.491207,112.129931,0
steep-crossover,budde-iterative,48000,129,1024,16,12562.5,-168.758542,-116.422043,111.67347,0
steep-crossover,budde-iterative,48000,129,1024,16,12609.375,-164.641227,-116.468471,111.45107,0
steep-crossover,budde-iterative,48000,129,1024,16,12656.25,-166.399349,-116.637525,111.535733,0
steep-crossover,budde-iterative,48000,129,1024,16,12703.125,-178.963778,-116.929368,111.90913,0
steep-crossover,budde-iterative,48000,129,1024,16,12750,-170.616952,-117.337901,112.463444,0
steep-crossover,budde-iterative,48000,129,1024,16,12796.875,-165.892846,-117.854077,113.024951,0
steep-crossover,budde-iterative,48000,129,1024,16,12843.75,-167.776273,-118.471716,113.404525,0
steep-crossover,budde-iterative,48000,129,1024,16,12890.625,-183.980368,-119.194688,113.467274,0
steep-crossover,budde-iterative,48000,129,1024,16,12937.5,-169.82999,-120.043502,0,0
steep-crossover,budde-iterative,48000,129,1024,16,12984.375,-165.602264,-121.05979,0,0
steep-crossover,budde-iterative,48000,129,1024,16,13031.25,-167.31174,-122.309878,0,0
steep-crossover,budde-iterative,48000,129,1024,16,13078.125,-179.786034,-123.893051,0,0
steep-crossover,budde-iterative,48000,129,1024,16,13125,-171.518418,-125.96777,0,0
steep-crossover,budde-iterative,48000,129,1024,16,13171.875,-166.745403,-128.834237,0,0
steep-crossover,budde-iterative,48000,129,1024,16,13218.75,-168.55956,-133.247794,0,0
steep-crossover,budde-iterative,48000,129,1024,16,13265.625,-184.047067,-142.652885,0,0
steep-crossover,budde-iterative,48000,129,1024,16,13312.5,-170.8591,-143.350668,0,0
steep-crossover,budde-iterative,48000,129,1024,16,13359.375,-166.53108,-133.704901,0,0
steep-crossover,budde-iterative,48000,129,1024,16,13406.25,-168.196173,-129.338658,0,0
steep-crossover,budde-iterative,48000,129,1024,16,13453.125,-180.583321,-126.519786,0,0
steep-crossover,budde-iterative,48000,129,1024,16,13500,-172.398654,-124.468521,0,0
steep-crossover,budde-iterative,48000,129,1024,16,13546.875,-167.580519,-122.895918,0,0
steep-crossover,budde-iterative,48000,129,1024,16,13593.75,-169.33421,-121.666577,0,0
steep-crossover,budde-iterative,48000,129,1024,16,13640.625,-184.252671,-120.704351,0,0
steep-crossover,budde-iterative,48000,129,1024,16,13687.5,-171.848444,-119.956999,111.99053,0
steep-crossover,budde-iterative,48000,129,1024,16,13734.375,-167.430667,-119.381814,112.480757,0
steep-crossover,budde-iterative,48000,129,1024,16,13781.25,-169.056295,-118.941144,112.982563,0
steep-crossover,budde-iterative,48000,129,1024,16,13828.125,-181.365132,-118.60345,113.314103,0
steep-crossover,budde-iterative,48000,129,1024,16,13875,-173.256898,-118.346957,113.344252,0
steep-crossover,budde-iterative,48000,129,1024,16,13921.875,-168.398853,-118.162815,113.051237,0
steep-crossover,budde-iterative,48000,129,1024,16,13968.75,-170.100699,-118.055161,112.534634,0
steep-crossover,budde-iterative,48000,129,1024,16,14015.625,-184.56551,-118.037426,111.972777,0
steep-crossover,budde-iterative,48000,129,1024,16,14062.5,-172.800191,-118.126438,111.553595,0
steep-crossover,budde-iterative,48000,129,1024,16,14109.375,-168.303718,-118.336754,111.414318,0
steep-crossover,budde-iterative,48000,129,1024,16,14156.25,-169.895432,-118.676909,111.605936,0
steep-crossover,budde-iterative,48000,129,1024,16,14203.125,-182.139879,-119.148319,112.080462,0
steep-crossover,budde-iterative,48000,129,1024,16,14250,-174.092577,-119.747109,112.698124,0
steep-crossover,budde-iterative,48000,129,1024,16,14296.875,-169.201193,-120.469027,0,0
steep-crossover,budde-iterative,48000,129,1024,16,14343.75,-170.859808,-121.31724,0,0
steep-crossover,budde-iterative,48000,129,1024,16,14390.625,-184.965547,-122.311827,0,0
steep-crossover,budde-iterative,48000,129,1024,16,14437.5,-173.716157,-123.499509,0,0
steep-crossover,budde-iterative,48000,129,1024,16,14484.375,-169.152678,-124.96455,0,0
steep-crossover,budde-iterative,48000,129,1024,16,14531.25,-170.716674,-126.849266,0,0
steep-crossover,budde-iterative,48000,129,1024,16,14578.125,-182.915274,-129.412544,0,0
steep-crossover,budde-iterative,48000,129,1024,16,14625,-174.905236,-133.239757,0,0
steep-crossover,budde-iterative,48000,129,1024,16,14671.875,-169.988425,-140.427516,0,0
steep-crossover,budde-iterative,48000,129,1024,16,14718.75,-171.612569,-151.43993,0,0
steep-crossover,budde-iterative,48000,129,1024,16,14765.625,-185.440265,-136.704899,0,0
steep-crossover,budde-iterative,48000,129,1024,16,14812.5,-174.597841,-131.643429,0,0
steep-crossover,budde-iterative,48000,129,1024,16,14859.375,-169.97979,-128.55983,0,0
steep-crossover,budde-iterative,48000,129,1024,16,14906.25,-171.522938,-126.360881,0,0
steep-crossover,budde-iterative,48000,129,1024,16,14953.125,-183.698702,-124.672674,0,0
steep-crossover,budde-iterative,48000,129,1024,16,15000,-175.694483,-123.33142,0,0
steep-crossover,budde-iterative,48000,129,1024,16,15046.875,-170.761507,-122.256708,0,0
steep-crossover,budde-iterative,48000,129,1024,16,15093.75,-172.360236,-121.403913,0,0
steep-crossover,budde-iterative,48000,129,1024,16,15140.625,-185.9824,-120.742156,0,0
steep-crossover,budde-iterative,48000,129,1024,16,15187.5,-175.446463,-120.243792,0,0
steep-crossover,budde-iterative,48000,129,1024,16,15234.375,-170.787133,-119.880587,112.561729,0
steep-crossover,budde-iterative,48000,129,1024,16,15281.25,-172.317031,-119.624502,113.053472,0
steep-crossover,budde-iterative,48000,129,1024,16,15328.125,-184.49758,-119.451602,113.339661,0
steep-crossover,budde-iterative,48000,129,1024,16,15375,-176.459954,-119.347066,113.306101,0
steep-crossover,budde-iterative,48000,129,1024,16,15421.875,-171.521456,-119.308546,112.958005,0
steep-crossover,budde-iterative,48000,129,1024,16,15468.75,-173.104272,-119.345775,112.418624,0
steep-crossover,budde-iterative,48000,129,1024,16,15515.625,-186.588698,-119.47641,111.875929,0
steep-crossover,budde-iterative,48000,129,1024,16,15562.5,-176.262988,-119.720169,111.511329,0
steep-crossover,budde-iterative,48000,129,1024,16,15609.375,-171.576652,-120.093711,0,0
steep-crossover,budde-iterative,48000,129,1024,16,15656.25,-173.10171,-120.607831,0,0
steep-crossover,budde-iterative,48000,129,1024,16,15703.125,-185.319754,-121.267571,0,0
steep-crossover,budde-iterative,48000,129,1024,16,15750,-177.201276,-122.075603,0,0
steep-crossover,budde-iterative,48000,129,1024,16,15796.875,-172.269341,-123.039197,0,0
steep-crossover,budde-iterative,48000,129,1024,16,15843.75,-173.84635,-124.180873,0,0
steep-crossover,budde-iterative,48000,129,1024,16,15890.625,-187.25928,-125.552744,0,0
steep-crossover,budde-iterative,48000,129,1024,16,15937.5,-177.04815,-127.257128,0,0
steep-crossover,budde-iterative,48000,129,1024,16,15984.375,-172.350191,-129.487595,0,0
steep-crossover,budde-iterative,48000,129,1024,16,16031.25,-173.879738,-132.649485,0,0
steep-crossover,budde-iterative,48000,129,1024,16,16078.125,-186.173937,-137.886046,0,0
steep-crossover,budde-iterative,48000,129,1024,16,16125,-177.918049,-153.712313,0,0
steep-crossover,budde-iterative,48000,129,1024,16,16171.875,-173.006275,-141.355216,0,0
steep-crossover,budde-iterative,48000,129,1024,16,16218.75,-174.588368,-134.466715,0,0
steep-crossover,budde-iterative,48000,129,1024,16,16265.625,-187.997474,-130.787898,0,0
steep-crossover,budde-iterative,48000,129,1024,16,16312.5,-177.802468,-128.305706,0,0
steep-crossover,budde-iterative,48000,129,1024,16,16359.375,-173.109517,-126.451738,0,0
steep-crossover,budde-iterative,48000,129,1024,16,16406.25,-174.653944,-124.98828,0,0
steep-crossover,budde-iterative,48000,129,1024,16,16453.125,-187.070276,-123.80161,0,0
steep-crossover,budde-iterative,48000,129,1024,16,16500,-178.609828,-122.835539,0,0
steep-crossover,budde-iterative,48000,129,1024,16,16546.875,-173.733418,-122.061123,0,0
steep-crossover,budde-iterative,48000,129,1024,16,16593.75,-175.332469,-121.45994,0,0
steep-crossover,budde-iterative,48000,129,1024,16,16640.625,-188.810018,-121.014765,0,0
steep-crossover,budde-iterative,48000,129,1024,16,16687.5,-178.526264,-120.705369,0,0
steep-crossover,budde-iterative,48000,129,1024,16,16734.375,-173.856343,-120.508345,0,0
steep-crossover,budde-iterative,48000,129,1024,16,16781.25,-175.427282,-120.40022,0,0
steep-crossover,budde-iterative,48000,129,1024,16,16828.125,-188.021106,-120.362695,0,0
steep-crossover,budde-iterative,48000,129,1024,16,16875,-179.276109,-120.387808,0,0
steep-crossover,budde-iterative,48000,129,1024,16,16921.875,-174.451979,-120.480383,0,0
steep-crossover,budde-iterative,48000,129,1024,16,16968.75,-176.08109,-120.656315,0,0
steep-crossover,budde-iterative,48000,129,1024,16,17015.625,-189.707734,-120.937637,0,0
steep-crossover,budde-iterative,48000,129,1024,16,17062.5,-179.219677,-121.346869,0,0
steep-crossover,budde-iterative,48000,129,1024,16,17109.375,-174.592352,-121.90297,0,0
steep-crossover,budde-iterative,48000,129,1024,16,17156.25,-176.202909,-122.62013,0,0
steep-crossover,budde-iterative,48000,129,1024,16,17203.125,-189.04204,-123.51001,0,0
steep-crossover,budde-iterative,48000,129,1024,16,17250,-179.916319,-124.588121,0,0
steep-crossover,budde-iterative,48000,129,1024,16,17296.875,-175.163224,-125.885488,0,0
steep-crossover,budde-iterative,48000,129,1024,16,17343.75,-176.837008,-127.467861,0,0
steep-crossover,budde-iterative,48000,129,1024,16,17390.625,-190.706798,-129.469744,0,0
steep-crossover,budde-iterative,48000,129,1024,16,17437.5,-179.882674,-132.173186,0,0
steep-crossover,budde-iterative,48000,129,1024,16,17484.375,-175.319216,-136.278113,0,0
steep-crossover,budde-iterative,48000,129,1024,16,17531.25,-176.984262,-144.651204,0,0
steep-crossover,budde-iterative,48000,129,1024,16,17578.125,-190.153666,-148.571371,0,0
steep-crossover,budde-iterative,48000,129,1024,16,17625,-180.529815,-137.58014,0,0
steep-crossover,budde-iterative,48000,129,1024,16,17671.875,-175.868484,-132.984963,0,0
steep-crossover,budde-iterative,48000,129,1024,16,17718.75,-177.603422,-130.103833,0,0
steep-crossover,budde-iterative,48000,129,1024,16,17765.625,-191.831033,-128.039169,0,0
steep-crossover,budde-iterative,48000,129,1024,16,17812.5,-180.515061,-126.449099,0,0
steep-crossover,budde-iterative,48000,129,1024,16,17859.375,-176.038623,-125.16885,0,0
steep-crossover,budde-iterative,48000,129,1024,16,17906.25,-177.775168,-124.113823,0,0
steep-crossover,budde-iterative,48000,129,1024,16,17953.125,-191.384284,-123.242556,0,0
steep-crossover,budde-iterative,48000,129,1024,16,18000,-181.115873,-122.536542,0,0
steep-crossover,budde-iterative,48000,129,1024,16,18046.875,-176.569167,-121.986768,0,0
steep-crossover,budde-iterative,48000,129,1024,16,18093.75,-178.384051,-121.58486,0,0
steep-crossover,budde-iterative,48000,129,1024,16,18140.625,-193.11604,-121.318234,0,0
steep-crossover,budde-iterative,48000,129,1024,16,18187.5,-181.116498,-121.168862,0,0
steep-crossover,budde-iterative,48000,129,1024,16,18234.375,-176.752296,-121.1153,0,0
steep-crossover,budde-iterative,48000,129,1024,16,18281.25,-178.57997,-121.137462,0,0
steep-crossover,budde-iterative,48000,129,1024,16,18328.125,-192.77476,-121.22268,0,0
steep-crossover,budde-iterative,48000,129,1024,16,18375,-181.673693,-121.370463,0,0
steep-crossover,budde-iterative,48000,129,1024,16,18421.875,-177.266773,-121.593489,0,0
steep-crossover,budde-iterative,48000,129,1024,16,18468.75,-179.183277,-121.914363,0,0
steep-crossover,budde-iterative,48000,129,1024,16,18515.625,-194.617038,-122.360053,0,0
steep-crossover,budde-iterative,48000,129,1024,16,18562.5,-181.686508,-122.956853,0,0
steep-crossover,budde-iterative,48000,129,1024,16,18609.375,-177.462023,-123.727902,0,0
steep-crossover,budde-iterative,48000,129,1024,16,18656.25,-179.403693,-124.694387,0,0
steep-crossover,budde-iterative,48000,129,1024,16,18703.125,-194.387637,-125.881522,0,0
steep-crossover,budde-iterative,48000,129,1024,16,18750,-182.202403,-127.331519,0,0
steep-crossover,budde-iterative,48000,129,1024,16,18796.875,-177.962916,-129.128695,0,0
steep-crossover,budde-iterative,48000,129,1024,16,18843.75,-180.006326,-131.45195,0,0
steep-crossover,budde-iterative,48000,129,1024,16,18890.625,-196.425044,-134.716659,0,0
steep-crossover,budde-iterative,48000,129,1024,16,18937.5,-182.224491,-140.181253,0,0
steep-crossover,budde-iterative,48000,129,1024,16,18984.375,-178.169676,-159.615152,0,0
steep-crossover,budde-iterative,48000,129,1024,16,19031.25,-180.252276,-142.189676,0,0
steep-crossover,budde-iterative,48000,129,1024,16,19078.125,-196.326329,-135.651831,0,0
steep-crossover,budde-iterative,48000,129,1024,16,19125,-182.70106,-132.057168,0,0
steep-crossover,budde-iterative,48000,129,1024,16,19171.875,-178.659345,-129.629477,0,0
steep-crossover,budde-iterative,48000,129,1024,16,19218.75,-180.859534,-127.836603,0,0
steep-crossover,budde-iterative,48000,129,1024,16,19265.625,-198.704807,-126.438318,0,0
steep-crossover,budde-iterative,48000,129,1024,16,19312.5,-182.729742,-125.304887,0,0
steep-crossover,budde-iterative,48000,129,1024,16,19359.375,-178.877253,-124.363654,0,0
steep-crossover,budde-iterative,48000,129,1024,16,19406.25,-181.13288,-123.577513,0,0
steep-crossover,budde-iterative,48000,129,1024,16,19453.125,-198.781467,-122.931643,0,0
steep-crossover,budde-iterative,48000,129,1024,16,19500,-183.16866,-122.422599,0,0
steep-crossover,budde-iterative,48000,129,1024,16,19546.875,-179.357975,-122.049501,0,0
steep-crossover,budde-iterative,48000,129,1024,16,19593.75,-181.750713,-121.808093,0,0
steep-crossover,budde-iterative,48000,129,1024,16,19640.625,-201.802668,-121.688014,0,0
steep-crossover,budde-iterative,48000,129,1024,16,19687.5,-183.20146,-121.67322,0,0
steep-crossover,budde-iterative,48000,129,1024,16,19734.375,-179.58691,-121.745329,0,0
steep-crossover,budde-iterative,48000,129,1024,16,19781.25,-182.054326,-121.88915,0,0
steep-crossover,budde-iterative,48000,129,1024,16,19828.125,-202.169785,-122.09857,0,0
steep-crossover,budde-iterative,48000,129,1024,16,19875,-183.604152,-122.38022,0,0
steep-crossover,budde-iterative,48000,129,1024,16,19921.875,-180.060924,-122.753121,0,0
steep-crossover,budde-iterative,48000,129,1024,16,19968.75,-182.689686,-123.244819,0,0
steep-crossover,budde-iterative,48000,129,1024,16,20015.625,-206.674646,-123.886477,0,0
steep-crossover,budde-iterative,48000,129,1024,16,20062.5,-183.638773,-124.709681,0,0
steep-crossover,budde-iterative,48000,129,1024,16,20109.375,-180.301004,-125.746993,0,0
steep-crossover,budde-iterative,48000,129,1024,16,20156.25,-183.027739,-127.038127,0,0
steep-crossover,budde-iterative,48000,129,1024,16,20203.125,-207.747074,-128.645306,0,0
steep-crossover,budde-iterative,48000,129,1024,16,20250,-184.00645,-130.687129,0,0
steep-crossover,budde-iterative,48000,129,1024,16,20296.875,-180.770562,-133.421647,0,0
steep-crossover,budde-iterative,48000,129,1024,16,20343.75,-183.689082,-137.520741,0,0
steep-crossover,budde-iterative,48000,129,1024,16,20390.625,-218.911518,-145.777339,0,0
steep-crossover,budde-iterative,48000,129,1024,16,20437.5,-184.040755,-150.075286,0,0
steep-crossover,budde-iterative,48000,129,1024,16,20484.375,-181.022154,-138.830188,0,0
steep-crossover,budde-iterative,48000,129,1024,16,20531.25,-184.067517,-134.141122,0,0
steep-crossover,budde-iterative,48000,129,1024,16,20578.125,-227.581334,-131.203886,0,0
steep-crossover,budde-iterative,48000,129,1024,16,20625,-184.374449,-129.121156,0,0
steep-crossover,budde-iterative,48000,129,1024,16,20671.875,-181.489567,-127.549676,0,0
steep-crossover,budde-iterative,48000,129,1024,16,20718.75,-184.765566,-126.312704,0,0
steep-crossover,budde-iterative,48000,129,1024,16,20765.625,-212.411141,-125.304785,0,0
steep-crossover,budde-iterative,48000,129,1024,16,20812.5,-184.406448,-124.461976,0,0
steep-crossover,budde-iterative,48000,129,1024,16,20859.375,-181.753304,-123.750282,0,0
steep-crossover,budde-iterative,48000,129,1024,16,20906.25,-185.192848,-123.157613,0,0
steep-crossover,budde-iterative,48000,129,1024,16,20953.125,-209.71185,-122.685118,0,0
steep-crossover,budde-iterative,48000,129,1024,16,21000,-184.70705,-122.338431,0,0
steep-crossover,budde-iterative,48000,129,1024,16,21046.875,-182.220998,-122.120687,0,0
steep-crossover,budde-iterative,48000,129,1024,16,21093.75,-185.941823,-122.028393,0,0
steep-crossover,budde-iterative,48000,129,1024,16,21140.625,-204.492853,-122.0504,0,0
steep-crossover,budde-iterative,48000,129,1024,16,21187.5,-184.734889,-122.169964,0,0
steep-crossover,budde-iterative,48000,129,1024,16,21234.375,-182.497816,-122.36964,0,0
steep-crossover,budde-iterative,48000,129,1024,16,21281.25,-186.43021,-122.637975,0,0
steep-crossover,budde-iterative,48000,129,1024,16,21328.125,-203.126517,-122.9756,0,0
steep-crossover,budde-iterative,48000,129,1024,16,21375,-185.003173,-123.39796,0,0
steep-crossover,budde-iterative,48000,129,1024,16,21421.875,-182.968402,-123.933564,0,0
steep-crossover,budde-iterative,48000,129,1024,16,21468.75,-187.249918,-124.619464,0,0
steep-crossover,budde-iterative,48000,129,1024,16,21515.625,-200.376541,-125.497272,0,0
steep-crossover,budde-iterative,48000,129,1024,16,21562.5,-185.025134,-126.612904,0,0
steep-crossover,budde-iterative,48000,129,1024,16,21609.375,-183.259578,-128.023065,0,0
steep-crossover,budde-iterative,48000,129,1024,16,21656.25,-187.81774,-129.814042,0,0
steep-crossover,budde-iterative,48000,129,1024,16,21703.125,-199.394104,-132.14877,0,0
steep-crossover,budde-iterative,48000,129,1024,16,21750,-185.26179,-135.401517,0,0
steep-crossover,budde-iterative,48000,129,1024,16,21796.875,-183.735939,-140.714642,0,0
steep-crossover,budde-iterative,48000,129,1024,16,21843.75,-188.73739,-157.229076,0,0
steep-crossover,budde-iterative,48000,129,1024,16,21890.625,-197.554828,-143.701871,0,0
steep-crossover,budde-iterative,48000,129,1024,16,21937.5,-185.276281,-136.795718,0,0
steep-crossover,budde-iterative,48000,129,1024,16,21984.375,-184.043161,-133.032597,0,0
steep-crossover,budde-iterative,48000,129,1024,16,22031.25,-189.413396,-130.489913,0,0
steep-crossover,budde-iterative,48000,129,1024,16,22078.125,-196.759921,-128.625263,0,0
steep-crossover,budde-iterative,48000,129,1024,16,22125,-185.481938,-127.200256,0,0
steep-crossover,budde-iterative,48000,129,1024,16,22171.875,-184.528553,-126.080167,0,0
steep-crossover,budde-iterative,48000,129,1024,16,22218.75,-190.479254,-125.176446,0,0
steep-crossover,budde-iterative,48000,129,1024,16,22265.625,-195.390007,-124.428642,0,0
steep-crossover,budde-iterative,48000,129,1024,16,22312.5,-185.487503,-123.799311,0,0
steep-crossover,budde-iterative,48000,129,1024,16,22359.375,-184.854015,-123.271473,0,0
steep-crossover,budde-iterative,48000,129,1024,16,22406.25,-191.311835,-122.844051,0,0
steep-crossover,budde-iterative,48000,129,1024,16,22453.125,-194.708359,-122.524859,0,0
steep-crossover,budde-iterative,48000,129,1024,16,22500,-185.662757,-122.323124,0,0
steep-crossover,budde-iterative,48000,129,1024,16,22546.875,-185.352218,-122.243718,0,0
steep-crossover,budde-iterative,48000,129,1024,16,22593.75,-192.604457,-122.284158,0,0
steep-crossover,budde-iterative,48000,129,1024,16,22640.625,-193.620957,-122.43461,0,0
steep-crossover,budde-iterative,48000,129,1024,16,22687.5,-185.658067,-122.680843,0,0
steep-crossover,budde-iterative,48000,129,1024,16,22734.375,-185.698756,-123.009733,0,0
steep-crossover,budde-iterative,48000,129,1024,16,22781.25,-193.684126,-123.415987,0,0
steep-crossover,budde-iterative,48000,129,1024,16,22828.125,-193.015978,-123.907658,0,0
steep-crossover,budde-iterative,48000,129,1024,16,22875,-185.803495,-124.508178,0,0
steep-crossover,budde-iterative,48000,129,1024,16,22921.875,-186.214268,-125.254748,0,0
steep-crossover,budde-iterative,48000,129,1024,16,22968.75,-195.364623,-126.195594,0,0
steep-crossover,budde-iterative,48000,129,1024,16,23015.625,-192.11479,-127.390139,0,0
steep-crossover,budde-iterative,48000,129,1024,16,23062.5,-185.787359,-128.917126,0,0
steep-crossover,budde-iterative,48000,129,1024,16,23109.375,-186.585561,-130.899983,0,0
steep-crossover,budde-iterative,48000,129,1024,16,23156.25,-196.891905,-133.577628,0,0
steep-crossover,budde-iterative,48000,129,1024,16,23203.125,-191.565458,-137.543324,0,0
steep-crossover,budde-iterative,48000,129,1024,16,23250,-185.903545,-145.113041,0,0
steep-crossover,budde-iterative,48000,129,1024,16,23296.875,-187.123882,-153.19866,0,0
steep-crossover,budde-iterative,48000,129,1024,16,23343.75,-199.366162,-140.048537,0,0
steep-crossover,budde-iterative,48000,129,1024,16,23390.625,-190.794519,-135.048528,0,0
steep-crossover,budde-iterative,48000,129,1024,16,23437.5,-185.874907,-131.93333,0,0
steep-crossover,budde-iterative,48000,129,1024,16,23484.375,-187.524736,-129.714074,0,0
steep-crossover,budde-iterative,48000,129,1024,16,23531.25,-201.950751,-128.041532,0,0
steep-crossover,budde-iterative,48000,129,1024,16,23578.125,-190.287453,-126.746261,0,0
steep-crossover,budde-iterative,48000,129,1024,16,23625,-185.962445,-125.72562,0,0
steep-crossover,budde-iterative,48000,129,1024,16,23671.875,-188.092771,-124.907152,0,0
steep-crossover,budde-iterative,48000,129,1024,16,23718.75,-206.908234,-124.237006,0,0
steep-crossover,budde-iterative,48000,129,1024,16,23765.625,-189.611457,-123.678071,0,0
steep-crossover,budde-iterative,48000,129,1024,16,23812.5,-185.920332,-123.210562,0,0
steep-crossover,budde-iterative,48000,129,1024,16,23859.375,-188.529356,-122.830695,0,0
steep-crossover,budde-iterative,48000,129,1024,16,23906.25,-215.292393,-122.545958,0,0
steep-crossover,budde-iterative,48000,129,1024,16,23953.125,-189.138391,-122.368324,0,0
steep-crossover,budde-iterative,48000,129,1024,16,24000,-185.98089,-122.307835,0,0
steep-crossover,phase-interpolation,48000,129,1024,16,0,-3.85730987e-15,-0.0744357996,49.06499,1
steep-crossover,phase-interpolation,48000,129,1024,16,46.875,-0.000291537914,-0.0662931086,49.179339,1
steep-crossover,phase-interpolation,48000,129,1024,16,93.75,-0.00113003275,-0.0435491806,49.5170619,0.999999929
steep-crossover,phase-interpolation,48000,129,1024,16,140.625,-0.00263408224,-0.0111831357,50.0622853,0.999998177
steep-crossover,phase-interpolation,48000,129,1024,16,187.5,-0.00572254555,0.0227588605,50.7891404,0.99998179
steep-crossover,phase-interpolation,48000,129,1024,16,234.375,-0.0130662303,0.047556805,51.6632904,0.999891466
steep-crossover,phase-interpolation,48000,129,1024,16,281.25,-0.0301492651,0.050361178,52.6446866,0.99953345
steep-crossover,phase-interpolation,48000,129,1024,16,328.125,-0.0661798116,0.0168327435,53.6912159,0.998400062
steep-crossover,phase-interpolation,48000,129,1024,16,375,-0.134589539,-0.0682102701,54.7624354,0.995354378
steep-crossover,phase-interpolation,48000,129,1024,16,421.875,-0.252951074,-0.220230181,55.822536,0.9881451
steep-crossover,phase-interpolation,48000,129,1024,16,468.75,-0.442300877,-0.454562131,56.8420029,0.972781625
steep-crossover,phase-interpolation,48000,129,1024,16,515.625,-0.72601559,-0.786192906,57.7978728,0.942995292
steep-crossover,phase-interpolation,48000,129,1024,16,562.5,-1.12848283,-1.2297253,58.6728038,0.890434335
steep-crossover,phase-interpolation,48000,129,1024,16,609.375,-1.67380255,-1.79950712,59.453269,0
steep-crossover,phase-interpolation,48000,129,1024,16,656.25,-2.38467326,-2.50989893,60.1270913,0
steep-crossover,phase-interpolation,48000,129,1024,16,703.125,-3.28150617,-3.3756606,60.6803142,0
steep-crossover,phase-interpolation,48000,129,1024,16,750,-4.38171113,-4.41244929,61.0930695,0
steep-crossover,phase-interpolation,48000,129,1024,16,796.875,-5.69903068,-5.63743501,61.3335987,0
steep-crossover,phase-interpolation,48000,129,1024,16,843.75,-7.24276397,-7.07004874,61.3487199,0
steep-crossover,phase-interpolation,48000,129,1024,16,890.625,-9.01671693,-8.73286839,61.0473725,0
steep-crossover,phase-interpolation,48000,129,1024,16,937.5,-11.0177481,-10.652574,60.2705064,0
steep-crossover,phase-interpolation,48000,129,1024,16,984.375,-13.2338838,-12.8606238,58.7338102,0
steep-crossover,phase-interpolation,48000,129,1024,16,1031.25,-15.6422215,-15.3923339,55.9178107,0
steep-crossover,phase-interpolation,48000,129,1024,16,1078.125,-18.2072978,-18.2797714,50.8724985,0
steep-crossover,phase-interpolation,48000,129,1024,16,1125,-20.8812492,-21.5231719,42.009851,0
steep-crossover,phase-interpolation,48000,129,1024,16,1171.875,-23.6075553,-24.9975238,27.8384014,0
steep-crossover,phase-interpolation,48000,129,1024,16,1218.75,-26.3295173,-28.2489685,12.526011,0
steep-crossover,phase-interpolation,48000,129,1024,16,1265.625,-29.0019794,-30.5257731,12.341271,0
steep-crossover,phase-interpolation,48000,129,1024,16,1312.5,-31.6010553,-31.7156078,30.7401151,0
steep-crossover,phase-interpolation,48000,129,1024,16,1359.375,-34.1254551,-32.5601683,51.1333106,0
steep-crossover,phase-interpolation,48000,129,1024,16,1406.25,-36.5873185,-33.6481622,66.7504612,0
steep-crossover,phase-interpolation,48000,129,1024,16,1453.125,-38.9975159,-35.205969,78.812722,0
steep-crossover,phase-interpolation,48000,129,1024,16,1500,-41.3541593,-37.3265189,89.6251554,0
steep-crossover,phase-interpolation,48000,129,1024,16,1546.875,-43.6412487,-40.1303653,102.303745,0
steep-crossover,phase-interpolation,48000,129,1024,16,1593.75,-45.8387504,-43.8813556,125.686346,0
steep-crossover,phase-interpolation,48000,129,1024,16,1640.625,-47.9381929,-48.8467314,195.404898,0
steep-crossover,phase-interpolation,48000,129,1024,16,1687.5,-49.9527058,-51.3903711,256.136923,0
steep-crossover,phase-interpolation,48000,129,1024,16,1734.375,-51.9128542,-47.8162582,150.421256,0
steep-crossover,phase-interpolation,48000,129,1024,16,1781.25,-53.8497041,-44.8253019,112.773432,0
steep-crossover,phase-interpolation,48000,129,1024,16,1828.125,-55.7756464,-43.1801031,100.561828,0
steep-crossover,phase-interpolation,48000,129,1024,16,1875,-57.6749185,-42.5791501,96.6788083,0
steep-crossover,phase-interpolation,48000,129,1024,16,1921.875,-59.5111208,-42.8845766,97.8315819,0
steep-crossover,phase-interpolation,48000,129,1024,16,1968.75,-61.2505863,-44.0853147,105.213285,0
steep-crossover,phase-interpolation,48000,129,1024,16,2015.625,-62.8887078,-46.2068838,124.845067,0
steep-crossover,phase-interpolation,48000,129,1024,16,2062.5,-64.4594984,-48.8902536,166.533372,0
steep-crossover,phase-interpolation,48000,129,1024,16,2109.375,-66.0187338,-50.0402055,187.66805,0
steep-crossover,phase-interpolation,48000,129,1024,16,2156.25,-67.6111705,-48.4022442,144.3514,0
steep-crossover,phase-interpolation,48000,129,1024,16,2203.125,-69.2419033,-46.5204372,114.268643,0
steep-crossover,phase-interpolation,48000,129,1024,16,2250,-70.8677039,-45.5178434,102.846656,0
steep-crossover,phase-interpolation,48000,129,1024,16,2296.875,-72.4168761,-45.4759209,101.44884,0
steep-crossover,phase-interpolation,48000,129,1024,16,2343.75,-73.8341012,-46.3531321,108.347756,0
steep-crossover,phase-interpolation,48000,129,1024,16,2390.625,-75.124093,-48.0591907,127.043956,0
steep-crossover,phase-interpolation,48000,129,1024,16,2437.5,-76.3572369,-50.0685495,159.40605,0
steep-crossover,phase-interpolation,48000,129,1024,16,2484.375,-77.6292569,-50.7508108,169.934342,0
steep-crossover,phase-interpolation,48000,129,1024,16,2531.25,-79.0047427,-49.5060075,139.50702,0
steep-crossover,phase-interpolation,48000,129,1024,16,2578.125,-80.4768427,-48.0394143,115.379598,0
steep-crossover,phase-interpolation,48000,129,1024,16,2625,-81.9599121,-47.2764666,105.398527,0
steep-crossover,phase-interpolation,48000,129,1024,16,2671.875,-83.3272409,-47.3776257,104.959393,0
steep-crossover,phase-interpolation,48000,129,1024,16,2718.75,-84.4916445,-48.330056,113.461575,0
steep-crossover,phase-interpolation,48000,129,1024,16,2765.625,-85.4779816,-49.9794129,134.074697,0
steep-crossover,phase-interpolation,48000,129,1024,16,2812.5,-86.4169055,-51.5927922,162.095922,0
steep-crossover,phase-interpolation,48000,129,1024,16,2859.375,-87.4632662,-51.681761,160.249046,0
steep-crossover,phase-interpolation,48000,129,1024,16,2906.25,-88.7081445,-50.3564902,132.010783,0
steep-crossover,phase-interpolation,48000,129,1024,16,2953.125,-90.1269629,-49.0953504,112.800945,0
steep-crossover,phase-interpolation,48000,129,1024,16,3000,-91.5719698,-48.5457789,105.398925,0
steep-crossover,phase-interpolation,48000,129,1024,16,3046.875,-92.8318702,-48.8272678,106.730212,0
steep-crossover,phase-interpolation,48000,129,1024,16,3093.75,-93.7712955,-49.9208111,117.368961,0
steep-crossover,phase-interpolation,48000,129,1024,16,3140.625,-94.4528388,-51.6034965,140.422252,0
steep-crossover,phase-interpolation,48000,129,1024,16,3187.5,-95.1016871,-52.9449701,165.009208,0
steep-crossover,phase-interpolation,48000,129,1024,16,3234.375,-95.9541975,-52.5930192,154.148179,0
steep-crossover,phase-interpolation,48000,129,1024,16,3281.25,-97.1342565,-51.167324,126.69851,0
steep-crossover,phase-interpolation,48000,129,1024,16,3328.125,-98.5945806,-50.0142663,110.427325,0
steep-crossover,phase-interpolation,48000,129,1024,16,3375,-100.102379,-49.609125,104.924097,0
steep-crossover,phase-interpolation,48000,129,1024,16,3421.875,-101.318076,-50.031614,107.78549,0
steep-crossover,phase-interpolation,48000,129,1024,16,3468.75,-102.031347,-51.2472668,120.385598,0
steep-crossover,phase-interpolation,48000,129,1024,16,3515.625,-102.371624,-52.9625823,145.548204,0
steep-crossover,phase-interpolation,48000,129,1024,16,3562.5,-102.707252,-54.0780603,166.643671,0
steep-crossover,phase-interpolation,48000,129,1024,16,3609.375,-103.379395,-53.410274,149.541319,0
steep-crossover,phase-interpolation,48000,129,1024,16,3656.25,-104.54929,-51.9269184,123.003874,0
steep-crossover,phase-interpolation,48000,129,1024,16,3703.125,-106.145865,-50.8534428,108.727995,0
steep-crossover,phase-interpolation,48000,129,1024,16,3750,-107.828783,-50.556263,104.602733,0
steep-crossover,phase-interpolation,48000,129,1024,16,3796.875,-109.065747,-51.0886255,108.714585,0
steep-crossover,phase-interpolation,48000,129,1024,16,3843.75,-109.525739,-52.3996413,123.020371,0
steep-crossover,phase-interpolation,48000,129,1024,16,3890.625,-109.454777,-54.1243759,149.743183,0
steep-crossover,phase-interpolation,48000,129,1024,16,3937.5,-109.43311,-55.0275456,167.032505,0
steep-crossover,phase-interpolation,48000,129,1024,16,3984.375,-109.926191,-54.1281818,145.654973,0
steep-crossover,phase-interpolation,48000,129,1024,16,4031.25,-111.13296,-52.6249149,120.266799,0
steep-crossover,phase-interpolation,48000,129,1024,16,4078.125,-112.965495,-51.6242681,107.539526,0
steep-crossover,phase-interpolation,48000,129,1024,16,4125,-114.961552,-51.4182685,104.506812,0
steep-crossover,phase-interpolation,48000,129,1024,16,4171.875,-116.301116,-52.0425923,109.701682,0
steep-crossover,phase-interpolation,48000,129,1024,16,4218.75,-116.450321,-53.4292325,125.533606,0
steep-crossover,phase-interpolation,48000,129,1024,16,4265.625,-115.860483,-55.1396256,153.288766,0
steep-crossover,phase-interpolation,48000,129,1024,16,4312.5,-115.420686,-55.8344084,166.485249,0
steep-crossover,phase-interpolation,48000,129,1024,16,4359.375,-115.727825,-54.7598792,142.199069,0
steep-crossover,phase-interpolation,48000,129,1024,16,4406.25,-117.011309,-53.262128,118.101503,0
steep-crossover,phase-interpolation,48000,129,1024,16,4453.125,-119.18602,-52.3329829,106.681681,0
steep-crossover,phase-interpolation,48000,129,1024,16,4500,-121.676664,-52.2099835,104.586726,0
steep-crossover,phase-interpolation,48000,129,1024,16,4546.875,-123.236653,-52.9162157,110.777361,0
steep-crossover,phase-interpolation,48000,129,1024,16,4593.75,-122.972223,-54.3651244,128.024207,0
steep-crossover,phase-interpolation,48000,129,1024,16,4640.625,-121.707241,-56.0414318,156.347921,0
steep-crossover,phase-interpolation,48000,129,1024,16,4687.5,-120.775177,-56.5307926,165.287314,0
steep-crossover,phase-interpolation,48000,129,1024,16,4734.375,-120.884466,-55.3207108,139.060967,0
steep-crossover,phase-interpolation,48000,129,1024,16,4781.25,-122.276201,-53.8444438,116.302689,0
steep-crossover,phase-interpolation,48000,129,1024,16,4828.125,-124.904649,-52.9861651,106.036688,0
steep-crossover,phase-interpolation,48000,129,1024,16,4875,-128.142065,-52.9414283,104.788871,0
steep-crossover,phase-interpolation,48000,129,1024,16,4921.875,-130.118605,-53.7234174,111.931264,0
steep-crossover,phase-interpolation,48000,129,1024,16,4968.75,-129.254577,-55.2250736,130.520163,0
steep-crossover,phase-interpolation,48000,129,1024,16,5015.625,-127.08735,-56.8512474,158.998905,0
steep-crossover,phase-interpolation,48000,129,1024,16,5062.5,-125.578772,-57.1398551,163.648843,0
steep-crossover,phase-interpolation,48000,129,1024,16,5109.375,-125.476069,-55.8237905,136.190698,0
steep-crossover,phase-interpolation,48000,129,1024,16,5156.25,-126.997768,-54.3789518,114.760965,0
steep-crossover,phase-interpolation,48000,129,1024,16,5203.125,-130.193348,-53.5905576,105.536441,0
steep-crossover,phase-interpolation,48000,129,1024,16,5250,-134.549763,-53.6207085,105.076958,0
steep-crossover,phase-interpolation,48000,129,1024,16,5296.875,-137.325213,-54.4741197,113.148878,0
steep-crossover,phase-interpolation,48000,129,1024,16,5343.75,-135.488276,-56.0209622,133.023369,0
steep-crossover,phase-interpolation,48000,129,1024,16,5390.625,-132.075384,-57.5835239,161.274511,0
steep-crossover,phase-interpolation,48000,129,1024,16,5437.5,-129.898843,-57.678112,161.715262,0
steep-crossover,phase-interpolation,48000,129,1024,16,5484.375,-129.570206,-56.2793645,133.558898,0
steep-crossover,phase-interpolation,48000,129,1024,16,5531.25,-131.232718,-54.872304,113.415154,0
steep-crossover,phase-interpolation,48000,129,1024,16,5578.125,-135.105183,-54.1524682,105.142929,0
steep-crossover,phase-interpolation,48000,129,1024,16,5625,-141.177808,-54.2547326,105.430168,0
steep-crossover,phase-interpolation,48000,129,1024,16,5671.875,-145.701007,-55.1760685,114.420559,0
steep-crossover,phase-interpolation,48000,129,1024,16,5718.75,-141.955723,-56.7614027,135.527716,0
steep-crossover,phase-interpolation,48000,129,1024,16,5765.625,-136.7338,-58.2485398,163.186685,0
steep-crossover,phase-interpolation,48000,129,1024,16,5812.5,-133.792941,-58.1575702,159.586567,0
steep-crossover,phase-interpolation,48000,129,1024,16,5859.375,-133.226559,-56.6952362,131.142532,0
steep-crossover,phase-interpolation,48000,129,1024,16,5906.25,-135.02987,-55.3302015,112.228054,0
steep-crossover,phase-interpolation,48000,129,1024,16,5953.125,-139.678474,-54.6774574,104.834685,0
steep-crossover,phase-interpolation,48000,129,1024,16,6000,-148.570487,-54.849413,105.837733,0
steep-crossover,phase-interpolation,48000,129,1024,16,6046.875,-158.971433,-55.8355878,115.741837,0
steep-crossover,phase-interpolation,48000,129,1024,16,6093.75,-149.220805,-57.4530199,138.02525,0
steep-crossover,phase-interpolation,48000,129,1024,16,6140.625,-141.116846,-58.8540628,164.740133,0
steep-crossover,phase-interpolation,48000,129,1024,16,6187.5,-137.311708,-58.5872799,157.333432,0
steep-crossover,phase-interpolation,48000,129,1024,16,6234.375,-136.499154,-57.0773975,128.92116,0
steep-crossover,phase-interpolation,48000,129,1024,16,6281.25,-138.433598,-55.7573757,111.174935,0
steep-crossover,phase-interpolation,48000,129,1024,16,6328.125,-143.939706,-55.1702669,104.59924,0
steep-crossover,phase-interpolation,48000,129,1024,16,6375,-158.410887,-55.4097459,106.294991,0
steep-crossover,phase-interpolation,48000,129,1024,16,6421.875,-161.936844,-56.457859,117.112062,0
steep-crossover,phase-interpolation,48000,129,1024,16,6468.75,-159.07926,-58.1009305,140.506948,0
steep-crossover,phase-interpolation,48000,129,1024,16,6515.625,-145.273487,-59.4059992,165.935744,0
steep-crossover,phase-interpolation,48000,129,1024,16,6562.5,-140.500422,-58.9740633,155.004889,0
steep-crossover,phase-interpolation,48000,129,1024,16,6609.375,-139.437207,-57.4304004,126.875474,0
steep-crossover,phase-interpolation,48000,129,1024,16,6656.25,-141.48565,-56.1576769,110.237797,0
steep-crossover,phase-interpolation,48000,129,1024,16,6703.125,-147.905809,-55.6349109,104.428789,0
steep-crossover,phase-interpolation,48000,129,1024,16,6750,-183.965448,-55.9400297,106.80046,0
steep-crossover,phase-interpolation,48000,129,1024,16,6796.875,-155.611344,-57.0473542,118.532999,0
steep-crossover,phase-interpolation,48000,129,1024,16,6843.75,-179.949341,-58.7094979,142.964912,0
steep-crossover,phase-interpolation,48000,129,1024,16,6890.625,-149.24986,-59.9094878,166.779979,0
steep-crossover,phase-interpolation,48000,129,1024,16,6937.5,-143.399749,-59.323594,152.638988,0
steep-crossover,phase-interpolation,48000,129,1024,16,6984.375,-142.085264,-57.757964,124.987718,0
steep-crossover,phase-interpolation,48000,129,1024,16,7031.25,-144.225767,-56.5343166,109.402254,0
steep-crossover,phase-interpolation,48000,129,1024,16,7078.125,-151.58626,-56.0747697,104.317883,0
steep-crossover,phase-interpolation,48000,129,1024,16,7125,-163.468829,-56.443888,107.354564,0
steep-crossover,phase-interpolation,48000,129,1024,16,7171.875,-154.085514,-57.6077898,120.008212,0
steep-crossover,phase-interpolation,48000,129,1024,16,7218.75,-162.991099,-59.282165,145.390971,0
steep-crossover,phase-interpolation,48000,129,1024,16,7265.625,-153.091672,-60.3685615,167.27973,0
steep-crossover,phase-interpolation,48000,129,1024,16,7312.5,-146.046068,-59.64011,150.260768,0
steep-crossover,phase-interpolation,48000,129,1024,16,7359.375,-144.483106,-58.0627375,123.239757,0
steep-crossover,phase-interpolation,48000,129,1024,16,7406.25,-146.691562,-56.8896527,108.655087,0
steep-crossover,phase-interpolation,48000,129,1024,16,7453.125,-154.985315,-56.4924296,104.260811,0
steep-crossover,phase-interpolation,48000,129,1024,16,7500,-160.59857,-56.9241938,107.956261,0
steep-crossover,phase-interpolation,48000,129,1024,16,7546.875,-153.874517,-58.1422246,121.538822,0
steep-crossover,phase-interpolation,48000,129,1024,16,7593.75,-160.082322,-59.8219615,147.77518,0
steep-crossover,phase-interpolation,48000,129,1024,16,7640.625,-156.847049,-60.7873053,167.45285,0
steep-crossover,phase-interpolation,48000,129,1024,16,7687.5,-148.471656,-59.9278204,147.896623,0
steep-crossover,phase-interpolation,48000,129,1024,16,7734.375,-146.665723,-58.3473842,121.618515,0
steep-crossover,phase-interpolation,48000,129,1024,16,7781.25,-148.918068,-57.2259418,107.986148,0
steep-crossover,phase-interpolation,48000,129,1024,16,7828.125,-158.104519,-56.8902,104.253169,0
steep-crossover,phase-interpolation,48000,129,1024,16,7875,-159.866142,-57.383367,108.604913,0
steep-crossover,phase-interpolation,48000,129,1024,16,7921.875,-154.233003,-58.6530618,123.124914,0
steep-crossover,phase-interpolation,48000,129,1024,16,7968.75,-159.206092,-60.3310418,150.102606,0
steep-crossover,phase-interpolation,48000,129,1024,16,8015.625,-160.57057,-61.1688808,167.314346,0
steep-crossover,phase-interpolation,48000,129,1024,16,8062.5,-150.704865,-60.1900138,145.565172,0
steep-crossover,phase-interpolation,48000,129,1024,16,8109.375,-148.663447,-58.6140564,120.113262,0
steep-crossover,phase-interpolation,48000,129,1024,16,8156.25,-150.937262,-57.5451097,107.388131,0
steep-crossover,phase-interpolation,48000,129,1024,16,8203.125,-160.945435,-57.2700979,104.292388,0
steep-crossover,phase-interpolation,48000,129,1024,16,8250,-159.956805,-57.8235294,109.301108,0
steep-crossover,phase-interpolation,48000,129,1024,16,8296.875,-154.881005,-59.142375,124.767079,0
steep-crossover,phase-interpolation,48000,129,1024,16,8343.75,-159.125351,-60.8112035,152.357541,0
steep-crossover,phase-interpolation,48000,129,1024,16,8390.625,-164.32996,-61.5161187,166.882441,0
steep-crossover,phase-interpolation,48000,129,1024,16,8437.5,-152.770359,-60.4294765,143.280243,0
steep-crossover,phase-interpolation,48000,129,1024,16,8484.375,-150.502256,-58.864567,118.714296,0
steep-crossover,phase-interpolation,48000,129,1024,16,8531.25,-152.777749,-57.8488029,106.854894,0
steep-crossover,phase-interpolation,48000,129,1024,16,8578.125,-163.51227,-57.6338603,104.376507,0
steep-crossover,phase-interpolation,48000,129,1024,16,8625,-160.452306,-58.2465089,110.045742,0
steep-crossover,phase-interpolation,48000,129,1024,16,8671.875,-155.68654,-59.611917,126.465601,0
steep-crossover,phase-interpolation,48000,129,1024,16,8718.75,-159.439153,-61.2639287,154.523209,0
steep-crossover,phase-interpolation,48000,129,1024,16,8765.625,-168.218746,-61.8315869,166.178288,0
steep-crossover,phase-interpolation,48000,129,1024,16,8812.5,-154.689411,-60.6486015,141.052194,0
steep-crossover,phase-interpolation,48000,129,1024,16,8859.375,-152.204199,-59.1004644,117.412952,0
steep-crossover,phase-interpolation,48000,129,1024,16,8906.25,-154.464664,-58.1384388,106.381193,0
steep-crossover,phase-interpolation,48000,129,1024,16,8953.125,-165.813924,-57.9829851,104.503953,0
steep-crossover,phase-interpolation,48000,129,1024,16,9000,-161.169283,-58.6538766,110.839807,0
steep-crossover,phase-interpolation,48000,129,1024,16,9046.875,-156.57911,-60.0631586,128.220155,0
steep-crossover,phase-interpolation,48000,129,1024,16,9093.75,-159.970632,-61.6904404,156.581921,0
steep-crossover,phase-interpolation,48000,129,1024,16,9140.625,-172.383801,-62.1176466,165.225519,0
steep-crossover,phase-interpolation,48000,129,1024,16,9187.5,-156.480247,-60.8494687,138.888764,0
steep-crossover,phase-interpolation,48000,129,1024,16,9234.375,-153.787876,-59.3230891,116.201561,0
steep-crossover,phase-interpolation,48000,129,1024,16,9281.25,-156.019774,-58.4152477,105.962533,0
steep-crossover,phase-interpolation,48000,129,1024,16,9328.125,-167.865008,-58.3187693,104.673436,0
steep-crossover,phase-interpolation,48000,129,1024,16,9375,-162.013159,-59.0469817,111.684285,0
steep-crossover,phase-interpolation,48000,129,1024,16,9421.875,-157.518046,-60.4973203,130.029579,0
steep-crossover,phase-interpolation,48000,129,1024,16,9468.75,-160.628514,-62.0917474,158.515293,0
steep-crossover,phase-interpolation,48000,129,1024,16,9515.625,-177.096809,-62.3764881,164.049602,0
steep-crossover,phase-interpolation,48000,129,1024,16,9562.5,-158.158404,-61.0339036,136.795688,0
steep-crossover,phase-interpolation,48000,129,1024,16,9609.375,-155.26893,-59.5336176,115.073402,0
steep-crossover,phase-interpolation,48000,129,1024,16,9656.25,-157.461725,-58.6803092,105.59509,0
steep-crossover,phase-interpolation,48000,129,1024,16,9703.125,-169.685631,-58.6423432,104.883934,0
steep-crossover,phase-interpolation,48000,129,1024,16,9750,-162.930114,-59.4269835,112.580117,0
steep-crossover,phase-interpolation,48000,129,1024,16,9796.875,-158.478702,-60.9154012,131.891718,0
steep-crossover,phase-interpolation,48000,129,1024,16,9843.75,-161.361053,-62.4686818,160.304574,0
steep-crossover,phase-interpolation,48000,129,1024,16,9890.625,-182.997781,-62.6101511,162.677098,0
steep-crossover,phase-interpolation,48000,129,1024,16,9937.5,-159.737086,-61.2035196,134.777126,0
steep-crossover,phase-interpolation,48000,129,1024,16,9984.375,-156.6605,-59.7330952,114.022654,0
steep-crossover,phase-interpolation,48000,129,1024,16,10031.25,-158.806369,-58.9345829,105.275678,0
steep-crossover,phase-interpolation,48000,129,1024,16,10078.125,-171.300124,-58.9547015,105.134706,0
steep-crossover,phase-interpolation,48000,129,1024,16,10125,-163.887466,-59.7948819,113.528236,0
steep-crossover,phase-interpolation,48000,129,1024,16,10171.875,-159.445672,-61.318206,133.803325,0
steep-crossover,phase-interpolation,48000,129,1024,16,10218.75,-162.13709,-62.8219341,161.931081,0
steep-crossover,phase-interpolation,48000,129,1024,16,10265.625,-192.539002,-62.8205366,161.134908,0
steep-crossover,phase-interpolation,48000,129,1024,16,10312.5,-161.227493,-61.3597478,132.835957,0
steep-crossover,phase-interpolation,48000,129,1024,16,10359.375,-157.973644,-59.922459,113.044315,0
steep-crossover,phase-interpolation,48000,129,1024,16,10406.25,-160.067129,-59.1789313,105.001722,0
steep-crossover,phase-interpolation,48000,129,1024,16,10453.125,-172.735165,-59.256729,105.425361,0
steep-crossover,phase-interpolation,48000,129,1024,16,10500,-164.864459,-60.1515411,114.529647,0
steep-crossover,phase-interpolation,48000,129,1024,16,10546.875,-160.409161,-61.7063635,135.76001,0
steep-crossover,phase-interpolation,48000,129,1024,16,10593.75,-162.937106,-63.1520712,163.376576,0
steep-crossover,phase-interpolation,48000,129,1024,16,10640.625,-201.278886,-63.0093999,159.449396,0
steep-crossover,phase-interpolation,48000,129,1024,16,10687.5,-162.63912,-61.5038506,130.973916,0
steep-crossover,phase-interpolation,48000,129,1024,16,10734.375,-159.217689,-60.1025522,112.13409,0
steep-crossover,phase-interpolation,48000,129,1024,16,10781.25,-161.255355,-59.4141413,104.771225,0
steep-crossover,phase-interpolation,48000,129,1024,16,10828.125,-174.017829,-59.5492316,105.755919,0
steep-crossover,phase-interpolation,48000,129,1024,16,10875,-165.847481,-60.4977312,115.585609,0
steep-crossover,phase-interpolation,48000,129,1024,16,10921.875,-161.362926,-62.0803747,137.756522,0
steep-crossover,phase-interpolation,48000,129,1024,16,10968.75,-163.748578,-63.4595873,164.624223,0
steep-crossover,phase-interpolation,48000,129,1024,16,11015.625,-190.336503,-63.1783521,157.645722,0
steep-crossover,phase-interpolation,48000,129,1024,16,11062.5,-163.98002,-61.6369151,129.191434,0
steep-crossover,phase-interpolation,48000,129,1024,16,11109.375,-160.400538,-60.2741041,111.287967,0
steep-crossover,phase-interpolation,48000,129,1024,16,11156.25,-162.38066,-59.6409045,104.58241,0
steep-crossover,phase-interpolation,48000,129,1024,16,11203.125,-175.173992,-59.8329242,106.12648,0
steep-crossover,phase-interpolation,48000,129,1024,16,11250,-166.827402,-60.8341299,116.697272,0
steep-crossover,phase-interpolation,48000,129,1024,16,11296.875,-162.303032,-62.4406464,139.786484,0
steep-crossover,phase-interpolation,48000,129,1024,16,11343.75,-164.563383,-63.744998,165.659854,0
steep-crossover,phase-interpolation,48000,129,1024,16,11390.625,-186.964509,-63.3289607,155.74854,0
steep-crossover,phase-interpolation,48000,129,1024,16,11437.5,-165.257028,-61.7599444,127.488386,0
steep-crossover,phase-interpolation,48000,129,1024,16,11484.375,-161.528925,-60.437786,110.502371,0
steep-crossover,phase-interpolation,48000,129,1024,16,11531.25,-163.451206,-59.8598483,104.433788,0
steep-crossover,phase-interpolation,48000,129,1024,16,11578.125,-176.227266,-60.10844,106.53732,0
steep-crossover,phase-interpolation,48000,129,1024,16,11625,-167.797992,-61.1613035,117.865688,0
steep-crossover,phase-interpolation,48000,129,1024,16,11671.875,-163.227085,-62.7874313,141.841921,0
steep-crossover,phase-interpolation,48000,129,1024,16,11718.75,-165.376263,-64.0087413,166.471089,0
steep-crossover,phase-interpolation,48000,129,1024,16,11765.625,-185.342747,-63.4626447,153.780521,0
steep-crossover,phase-interpolation,48000,129,1024,16,11812.5,-166.475948,-61.8738143,125.864072,0
steep-crossover,phase-interpolation,48000,129,1024,16,11859.375,-162.608623,-60.5941998,109.774225,0
steep-crossover,phase-interpolation,48000,129,1024,16,11906.25,-164.473969,-60.0715472,104.324271,0
steep-crossover,phase-interpolation,48000,129,1024,16,11953.125,-177.198476,-60.376361,106.989018,0
steep-crossover,phase-interpolation,48000,129,1024,16,12000,-168.754957,-61.4797571,119.092017,0
steep-crossover,phase-interpolation,48000,129,1024,16,12046.875,-164.133739,-63.120902,143.913719,0
steep-crossover,phase-interpolation,48000,129,1024,16,12093.75,-166.183887,-64.2512696,167.048685,0
steep-crossover,phase-interpolation,48000,129,1024,16,12140.625,-184.504144,-63.580725,151.76244,0
steep-crossover,phase-interpolation,48000,129,1024,16,12187.5,-167.641719,-61.979298,124.317172,0
steep-crossover,phase-interpolation,48000,129,1024,16,12234.375,-163.644613,-60.7438808,109.100673,0
steep-crossover,phase-interpolation,48000,129,1024,16,12281.25,-165.454947,-60.2765181,104.252941,0
steep-crossover,phase-interpolation,48000,129,1024,16,12328.125,-178.105563,-60.6372112,107.482283,0
steep-crossover,phase-interpolation,48000,129,1024,16,12375,-169.695307,-61.7899279,120.377342,0
steep-crossover,phase-interpolation,48000,129,1024,16,12421.875,-165.022368,-63.4411529,145.991463,0
steep-crossover,phase-interpolation,48000,129,1024,16,12468.75,-166.984248,-64.4730619,167.386893,0
steep-crossover,phase-interpolation,48000,129,1024,16,12515.625,-184.103737,-63.6844324,149.713141,0
steep-crossover,phase-interpolation,48000,129,1024,16,12562.5,-168.758542,-62.0770815,122.845929,0
steep-crossover,phase-interpolation,48000,129,1024,16,12609.375,-164.641227,-60.8873052,108.479055,0
steep-crossover,phase-interpolation,48000,129,1024,16,12656.25,-166.399349,-60.4752234,104.219008,0
steep-crossover,phase-interpolation,48000,129,1024,16,12703.125,-178.963778,-60.891458,108.017898,0
steep-crossover,phase-interpolation,48000,129,1024,16,12750,-170.616952,-62.0921858,121.722552,0
steep-crossover,phase-interpolation,48000,129,1024,16,12796.875,-165.892846,-63.7482045,148.063347,0
steep-crossover,phase-interpolation,48000,129,1024,16,12843.75,-167.776273,-64.6746352,167.483692,0
steep-crossover,phase-interpolation,48000,129,1024,16,12890.625,-183.980368,-63.7749159,147.649547,0
steep-crossover,phase-interpolation,48000,129,1024,16,12937.5,-169.82999,-62.167779,121.448313,0
steep-crossover,phase-interpolation,48000,129,1024,16,12984.375,-165.602264,-61.0249,107.90691,0
steep-crossover,phase-interpolation,48000,129,1024,16,13031.25,-167.31174,-60.6680776,104.221787,0
steep-crossover,phase-interpolation,48000,129,1024,16,13078.125,-179.786034,-61.1395156,108.596683,0
steep-crossover,phase-interpolation,48000,129,1024,16,13125,-171.518418,-62.3868336,123.128245,0
steep-crossover,phase-interpolation,48000,129,1024,16,13171.875,-166.745403,-64.0420092,150.116108,0
steep-crossover,phase-interpolation,48000,129,1024,16,13218.75,-168.55956,-64.8565496,167.340836,0
steep-crossover,phase-interpolation,48000,129,1024,16,13265.625,-184.047067,-63.8532484,145.586684,0
steep-crossover,phase-interpolation,48000,129,1024,16,13312.5,-170.8591,-62.2519452,120.122159,0
steep-crossover,phase-interpolation,48000,129,1024,16,13359.375,-166.53108,-61.1570515,107.382007,0
steep-crossover,phase-interpolation,48000,129,1024,16,13406.25,-168.196173,-60.8554542,104.260722,0
steep-crossover,phase-interpolation,48000,129,1024,16,13453.125,-180.583321,-61.3817501,109.219503,0
steep-crossover,phase-interpolation,48000,129,1024,16,13500,-172.398654,-62.6741087,124.594641,0
steep-crossover,phase-interpolation,48000,129,1024,16,13546.875,-167.580519,-64.3224549,152.135018,0
steep-crossover,phase-interpolation,48000,129,1024,16,13593.75,-169.33421,-65.0194078,166.963723,0
steep-crossover,phase-interpolation,48000,129,1024,16,13640.625,-184.252671,-63.920429,143.537723,0
steep-crossover,phase-interpolation,48000,129,1024,16,13687.5,-171.848444,-62.3300848,118.865263,0
steep-crossover,phase-interpolation,48000,129,1024,16,13734.375,-167.430667,-61.2841144,106.902357,0
steep-crossover,phase-interpolation,48000,129,1024,16,13781.25,-169.056295,-61.0376938,104.335406,0
steep-crossover,phase-interpolation,48000,129,1024,16,13828.125,-181.365132,-61.6184861,109.887291,0
steep-crossover,phase-interpolation,48000,129,1024,16,13875,-173.256898,-62.9541873,126.121544,0
steep-crossover,phase-interpolation,48000,129,1024,16,13921.875,-168.398853,-64.5893736,154.103975,0
steep-crossover,phase-interpolation,48000,129,1024,16,13968.75,-170.100699,-65.1638519,166.361124,0
steep-crossover,phase-interpolation,48000,129,1024,16,14015.625,-184.56551,-63.9773824,141.514008,0
steep-crossover,phase-interpolation,48000,129,1024,16,14062.5,-172.800191,-62.4026577,117.675428,0
steep-crossover,phase-interpolation,48000,129,1024,16,14109.375,-168.303718,-61.4064163,106.466225,0
steep-crossover,phase-interpolation,48000,129,1024,16,14156.25,-169.895432,-61.2151099,104.44561,0
steep-crossover,phase-interpolation,48000,129,1024,16,14203.125,-182.139879,-61.8500137,110.601082,0
steep-crossover,phase-interpolation,48000,129,1024,16,14250,-174.092577,-63.2271897,127.70831,0
steep-crossover,phase-interpolation,48000,129,1024,16,14296.875,-169.201193,-64.8425513,156.005696,0
steep-crossover,phase-interpolation,48000,129,1024,16,14343.75,-170.859808,-65.2905589,165.544815,0
steep-crossover,phase-interpolation,48000,129,1024,16,14390.625,-184.965547,-64.0249591,139.525118,0
steep-crossover,phase-interpolation,48000,129,1024,16,14437.5,-173.716157,-62.4700816,116.550473,0
steep-crossover,phase-interpolation,48000,129,1024,16,14484.375,-169.152678,-61.5242602,106.072105,0
steep-crossover,phase-interpolation,48000,129,1024,16,14531.25,-170.716674,-61.3879936,104.591282,0
steep-crossover,phase-interpolation,48000,129,1024,16,14578.125,-182.915274,-62.0765934,111.362031,0
steep-crossover,phase-interpolation,48000,129,1024,16,14625,-174.905236,-63.4931862,129.353813,0
steep-crossover,phase-interpolation,48000,129,1024,16,14671.875,-169.988425,-65.0817423,157.822011,0
steep-crossover,phase-interpolation,48000,129,1024,16,14718.75,-171.612569,-65.4002373,164.529155,0
steep-crossover,phase-interpolation,48000,129,1024,16,14765.625,-185.440265,-64.0639361,137.578953,0
steep-crossover,phase-interpolation,48000,129,1024,16,14812.5,-174.597841,-62.5327333,115.488218,0
steep-crossover,phase-interpolation,48000,129,1024,16,14859.375,-169.97979,-61.6379252,105.718678,0
steep-crossover,phase-interpolation,48000,129,1024,16,14906.25,-171.522938,-61.5566144,104.772529,0
steep-crossover,phase-interpolation,48000,129,1024,16,14953.125,-183.698702,-62.2984593,112.171408,0
steep-crossover,phase-interpolation,48000,129,1024,16,15000,-175.694483,-63.7522012,131.056392,0
steep-crossover,phase-interpolation,48000,129,1024,16,15046.875,-170.761507,-65.3066837,159.534238,0
steep-crossover,phase-interpolation,48000,129,1024,16,15093.75,-172.360236,-65.4936242,163.33063,0
steep-crossover,phase-interpolation,48000,129,1024,16,15140.625,-185.9824,-64.0950204,135.681869,0
steep-crossover,phase-interpolation,48000,129,1024,16,15187.5,-175.446463,-62.59095,114.486473,0
steep-crossover,phase-interpolation,48000,129,1024,16,15234.375,-170.787133,-61.7476659,105.404767,0
steep-crossover,phase-interpolation,48000,129,1024,16,15281.25,-172.317031,-61.7212199,104.98958,0
steep-crossover,phase-interpolation,48000,129,1024,16,15328.125,-184.49758,-62.5158196,113.030563,0
steep-crossover,phase-interpolation,48000,129,1024,16,15375,-176.459954,-64.0042155,132.813759,0
steep-crossover,phase-interpolation,48000,129,1024,16,15421.875,-171.521456,-65.5171104,161.123603,0
steep-crossover,phase-interpolation,48000,129,1024,16,15468.75,-173.104272,-65.571482,161.967368,0
steep-crossover,phase-interpolation,48000,129,1024,16,15515.625,-186.588698,-64.1188547,133.838848,0
steep-crossover,phase-interpolation,48000,129,1024,16,15562.5,-176.262988,-62.6450327,113.543046,0
steep-crossover,phase-interpolation,48000,129,1024,16,15609.375,-171.576652,-61.853712,105.129303,0
steep-crossover,phase-interpolation,48000,129,1024,16,15656.25,-173.10171,-61.8820354,105.242754,0
steep-crossover,phase-interpolation,48000,129,1024,16,15703.125,-185.319754,-62.7288551,113.94088,0
steep-crossover,phase-interpolation,48000,129,1024,16,15750,-177.201276,-64.2491661,134.622869,0
steep-crossover,phase-interpolation,48000,129,1024,16,15796.875,-172.269341,-65.712767,162.571684,0
steep-crossover,phase-interpolation,48000,129,1024,16,15843.75,-173.84635,-65.6345946,160.458651,0
steep-crossover,phase-interpolation,48000,129,1024,16,15890.625,-187.25928,-64.1360247,132.05369,0
steep-crossover,phase-interpolation,48000,129,1024,16,15937.5,-177.04815,-62.695251,112.655768,0
steep-crossover,phase-interpolation,48000,129,1024,16,15984.375,-172.350191,-61.9562707,104.891306,0
steep-crossover,phase-interpolation,48000,129,1024,16,16031.25,-173.879738,-62.0392632,105.532436,0
steep-crossover,phase-interpolation,48000,129,1024,16,16078.125,-186.173937,-62.9377175,114.903729,0
steep-crossover,phase-interpolation,48000,129,1024,16,16125,-177.918049,-64.4869438,136.479779,0
steep-crossover,phase-interpolation,48000,129,1024,16,16171.875,-173.006275,-65.8934188,163.860864,0
steep-crossover,phase-interpolation,48000,129,1024,16,16218.75,-174.588368,-65.6837605,158.824401,0
steep-crossover,phase-interpolation,48000,129,1024,16,16265.625,-187.997474,-64.1470658,130.329204,0
steep-crossover,phase-interpolation,48000,129,1024,16,16312.5,-177.802468,-62.7418476,111.82253,0
steep-crossover,phase-interpolation,48000,129,1024,16,16359.375,-173.109517,-62.0555292,104.689892,0
steep-crossover,phase-interpolation,48000,129,1024,16,16406.25,-174.653944,-62.1930842,105.859069,0
steep-crossover,phase-interpolation,48000,129,1024,16,16453.125,-187.070276,-63.1425292,115.920433,0
steep-crossover,phase-interpolation,48000,129,1024,16,16500,-178.609828,-64.717392,138.379504,0
steep-crossover,phase-interpolation,48000,129,1024,16,16546.875,-173.733418,-66.0588595,164.974787,0
steep-crossover,phase-interpolation,48000,129,1024,16,16593.75,-175.332469,-65.7197839,157.084678,0
steep-crossover,phase-interpolation,48000,129,1024,16,16640.625,-188.810018,-64.1524684,128.667376,0
steep-crossover,phase-interpolation,48000,129,1024,16,16687.5,-178.526264,-62.7850444,111.04133,0
steep-crossover,phase-interpolation,48000,129,1024,16,16734.375,-173.856343,-62.1516585,104.524291,0
steep-crossover,phase-interpolation,48000,129,1024,16,16781.25,-175.427282,-62.3436607,106.223176,0
steep-crossover,phase-interpolation,48000,129,1024,16,16828.125,-188.021106,-63.3433832,116.992246,0
steep-crossover,phase-interpolation,48000,129,1024,16,16875,-179.276109,-64.940306,140.315901,0
steep-crossover,phase-interpolation,48000,129,1024,16,16921.875,-174.451979,-66.2089194,165.898814,0
steep-crossover,phase-interpolation,48000,129,1024,16,16968.75,-176.08109,-65.7434652,155.259213,0
steep-crossover,phase-interpolation,48000,129,1024,16,17015.625,-189.707734,-64.1526814,127.069495,0
steep-crossover,phase-interpolation,48000,129,1024,16,17062.5,-179.219677,-62.8250449,110.310288,0
steep-crossover,phase-interpolation,48000,129,1024,16,17109.375,-174.592352,-62.2448169,104.393865,0
steep-crossover,phase-interpolation,48000,129,1024,16,17156.25,-176.202909,-62.4911388,106.625374,0
steep-crossover,phase-interpolation,48000,129,1024,16,17203.125,-189.04204,-63.5403451,118.120355,0
steep-crossover,phase-interpolation,48000,129,1024,16,17250,-179.916319,-65.1554344,142.281575,0
steep-crossover,phase-interpolation,48000,129,1024,16,17296.875,-175.163224,-66.3434729,166.620472,0
steep-crossover,phase-interpolation,48000,129,1024,16,17343.75,-176.837008,-65.7555903,153.366987,0
steep-crossover,phase-interpolation,48000,129,1024,16,17390.625,-190.706798,-64.1481137,125.536254,0
steep-crossover,phase-interpolation,48000,129,1024,16,17437.5,-179.882674,-62.8620365,109.62766,0
steep-crossover,phase-interpolation,48000,129,1024,16,17484.375,-175.319216,-62.3351518,104.298111,0
steep-crossover,phase-interpolation,48000,129,1024,16,17531.25,-176.984262,-62.6356519,107.066396,0
steep-crossover,phase-interpolation,48000,129,1024,16,17578.125,-190.153666,-63.7334557,119.305869,0
steep-crossover,phase-interpolation,48000,129,1024,16,17625,-180.529815,-65.362483,144.267829,0
steep-crossover,phase-interpolation,48000,129,1024,16,17671.875,-175.868484,-66.4624464,167.129879,0
steep-crossover,phase-interpolation,48000,129,1024,16,17718.75,-177.603422,-65.7569229,151.425907,0
steep-crossover,phase-interpolation,48000,129,1024,16,17765.625,-191.831033,-64.1391356,124.067823,0
steep-crossover,phase-interpolation,48000,129,1024,16,17812.5,-180.515061,-62.8961906,108.991821,0
steep-crossover,phase-interpolation,48000,129,1024,16,17859.375,-176.038623,-62.4228004,104.236657,0
steep-crossover,phase-interpolation,48000,129,1024,16,17906.25,-177.775168,-62.7773213,107.547088,0
steep-crossover,phase-interpolation,48000,129,1024,16,17953.125,-191.384284,-63.9227321,120.549807,0
steep-crossover,phase-interpolation,48000,129,1024,16,18000,-181.115873,-65.5611186,146.264631,0
steep-crossover,phase-interpolation,48000,129,1024,16,18046.875,-176.569167,-66.5658271,167.420114,0
steep-crossover,phase-interpolation,48000,129,1024,16,18093.75,-178.384051,-65.7481976,149.452563,0
steep-crossover,phase-interpolation,48000,129,1024,16,18140.625,-193.11604,-64.1260796,122.663917,0
steep-crossover,phase-interpolation,48000,129,1024,16,18187.5,-181.116498,-62.9276621,108.401246,0
steep-crossover,phase-interpolation,48000,129,1024,16,18234.375,-176.752296,-62.5078894,104.209243,0
steep-crossover,phase-interpolation,48000,129,1024,16,18281.25,-178.57997,-62.9162567,108.068405,0
steep-crossover,phase-interpolation,48000,129,1024,16,18328.125,-192.77476,-64.1081679,121.853058,0
steep-crossover,phase-interpolation,48000,129,1024,16,18375,-181.673693,-65.7509745,148.260598,0
steep-crossover,phase-interpolation,48000,129,1024,16,18421.875,-177.266773,-66.6536695,167.487503,0
steep-crossover,phase-interpolation,48000,129,1024,16,18468.75,-179.183277,-65.7301172,147.462096,0
steep-crossover,phase-interpolation,48000,129,1024,16,18515.625,-194.617038,-64.109243,121.323863,0
steep-crossover,phase-interpolation,48000,129,1024,16,18562.5,-181.686508,-62.9565896,107.854493,0
steep-crossover,phase-interpolation,48000,129,1024,16,18609.375,-177.462023,-62.5905338,104.215697,0
steep-crossover,phase-interpolation,48000,129,1024,16,18656.25,-179.403693,-63.0525549,108.631387,0
steep-crossover,phase-interpolation,48000,129,1024,16,18703.125,-194.387637,-64.2897325,123.216318,0
steep-crossover,phase-interpolation,48000,129,1024,16,18750,-182.202403,-65.9316538,150.242999,0
steep-crossover,phase-interpolation,48000,129,1024,16,18796.875,-177.962916,-66.7261008,167.33178,0
steep-crossover,phase-interpolation,48000,129,1024,16,18843.75,-180.006326,-65.7033506,145.468132,0
steep-crossover,phase-interpolation,48000,129,1024,16,18890.625,-196.425044,-64.0888915,120.046682,0
steep-crossover,phase-interpolation,48000,129,1024,16,18937.5,-182.224491,-62.983096,107.350195,0
steep-crossover,phase-interpolation,48000,129,1024,16,18984.375,-178.169676,-62.6708365,104.255921,0
steep-crossover,phase-interpolation,48000,129,1024,16,19031.25,-180.252276,-63.1862984,109.237138,0
steep-crossover,phase-interpolation,48000,129,1024,16,19078.125,-196.326329,-64.4673681,124.640017,0
steep-crossover,phase-interpolation,48000,129,1024,16,19125,-182.70106,-66.1027338,152.197779,0
steep-crossover,phase-interpolation,48000,129,1024,16,19171.875,-178.659345,-66.7833219,166.956108,0
steep-crossover,phase-interpolation,48000,129,1024,16,19218.75,-180.859534,-65.6685319,143.482783,0
steep-crossover,phase-interpolation,48000,129,1024,16,19265.625,-198.704807,-64.0652629,118.831163,0
steep-crossover,phase-interpolation,48000,129,1024,16,19312.5,-182.729742,-63.0072904,106.887064,0
steep-crossover,phase-interpolation,48000,129,1024,16,19359.375,-178.877253,-62.7488888,104.329888,0
steep-crossover,phase-interpolation,48000,129,1024,16,19406.25,-181.13288,-63.3175548,109.886809,0
steep-crossover,phase-interpolation,48000,129,1024,16,19453.125,-198.781467,-64.640988,126.124236,0
steep-crossover,phase-interpolation,48000,129,1024,16,19500,-183.16866,-66.2637688,154.109618,0
steep-crossover,phase-interpolation,48000,129,1024,16,19546.875,-179.357975,-66.8256061,166.366944,0
steep-crossover,phase-interpolation,48000,129,1024,16,19593.75,-181.750713,-65.6262601,141.516674,0
steep-crossover,phase-interpolation,48000,129,1024,16,19640.625,-201.802668,-64.0385711,117.675943,0
steep-crossover,phase-interpolation,48000,129,1024,16,19687.5,-183.20146,-63.0292706,106.46391,0
steep-crossover,phase-interpolation,48000,129,1024,16,19734.375,-179.58691,-62.8247716,104.437647,0
steep-crossover,phase-interpolation,48000,129,1024,16,19781.25,-182.054326,-63.4463766,110.581603,0
steep-crossover,phase-interpolation,48000,129,1024,16,19828.125,-202.169785,-64.8104743,127.668628,0
steep-crossover,phase-interpolation,48000,129,1024,16,19875,-183.604152,-66.4142948,155.96206,0
steep-crossover,phase-interpolation,48000,129,1024,16,19921.875,-180.060924,-66.8532937,165.573788,0
steep-crossover,phase-interpolation,48000,129,1024,16,19968.75,-182.689686,-65.5770973,139.578997,0
steep-crossover,phase-interpolation,48000,129,1024,16,20015.625,-206.674646,-64.009009,116.579562,0
steep-crossover,phase-interpolation,48000,129,1024,16,20062.5,-183.638773,-63.0491248,106.079647,0
steep-crossover,phase-interpolation,48000,129,1024,16,20109.375,-180.301004,-62.8985571,104.579336,0
steep-crossover,phase-interpolation,48000,129,1024,16,20156.25,-183.027739,-63.5728024,111.322769,0
steep-crossover,phase-interpolation,48000,129,1024,16,20203.125,-207.747074,-64.975677,129.272344,0
steep-crossover,phase-interpolation,48000,129,1024,16,20250,-184.00645,-66.5538352,157.737699,0
steep-crossover,phase-interpolation,48000,129,1024,16,20296.875,-180.770562,-66.8667851,164.588811,0
steep-crossover,phase-interpolation,48000,129,1024,16,20343.75,-183.689082,-65.5215676,137.677576,0
steep-crossover,phase-interpolation,48000,129,1024,16,20390.625,-218.911518,-63.97675,115.540502,0
steep-crossover,phase-interpolation,48000,129,1024,16,20437.5,-184.040755,-63.0669329,105.733306,0
steep-crossover,phase-interpolation,48000,129,1024,16,20484.375,-181.022154,-62.9703097,104.755192,0
steep-crossover,phase-interpolation,48000,129,1024,16,20531.25,-184.067517,-63.6968565,112.111614,0
steep-crossover,phase-interpolation,48000,129,1024,16,20578.125,-227.581334,-65.1364128,130.933948,0
steep-crossover,phase-interpolation,48000,129,1024,16,20625,-184.374449,-66.6819064,159.418425,0
steep-crossover,phase-interpolation,48000,129,1024,16,20671.875,-181.489567,-66.8665325,163.426399,0
steep-crossover,phase-interpolation,48000,129,1024,16,20718.75,-184.765566,-65.460157,135.818952,0
steep-crossover,phase-interpolation,48000,129,1024,16,20765.625,-212.411141,-63.9419523,114.557233,0
steep-crossover,phase-interpolation,48000,129,1024,16,20812.5,-184.406448,-63.0827713,105.424053,0
steep-crossover,phase-interpolation,48000,129,1024,16,20859.375,-181.753304,-63.0400925,104.965589,0
steep-crossover,phase-interpolation,48000,129,1024,16,20906.25,-185.192848,-63.8185573,112.949557,0
steep-crossover,phase-interpolation,48000,129,1024,16,20953.125,-209.71185,-65.2924733,132.651453,0
steep-crossover,phase-interpolation,48000,129,1024,16,21000,-184.70705,-66.7980335,160.985906,0
steep-crossover,phase-interpolation,48000,129,1024,16,21046.875,-182.220998,-66.8530277,162.102639,0
steep-crossover,phase-interpolation,48000,129,1024,16,21093.75,-185.941823,-65.3933015,134.00835,0
steep-crossover,phase-interpolation,48000,129,1024,16,21140.625,-204.492853,-63.9047447,113.62812,0
steep-crossover,phase-interpolation,48000,129,1024,16,21187.5,-184.734889,-63.096698,105.151087,0
steep-crossover,phase-interpolation,48000,129,1024,16,21234.375,-182.497816,-63.1079522,105.21093,0
steep-crossover,phase-interpolation,48000,129,1024,16,21281.25,-186.43021,-63.937903,113.837987,0
steep-crossover,phase-interpolation,48000,129,1024,16,21328.125,-203.126517,-65.443615,134.42206,0
steep-crossover,phase-interpolation,48000,129,1024,16,21375,-185.003173,-66.9017613,162.421944,0
steep-crossover,phase-interpolation,48000,129,1024,16,21421.875,-182.968402,-66.8268123,160.635092,0
steep-crossover,phase-interpolation,48000,129,1024,16,21468.75,-187.249918,-65.3214117,132.250035,0
steep-crossover,phase-interpolation,48000,129,1024,16,21515.625,-200.376541,-63.865248,112.751567,0
steep-crossover,phase-interpolation,48000,129,1024,16,21562.5,-185.025134,-63.1087683,104.913717,0
steep-crossover,phase-interpolation,48000,129,1024,16,21609.375,-183.259578,-63.1739307,105.491717,0
steep-crossover,phase-interpolation,48000,129,1024,16,21656.25,-187.81774,-64.0548773,114.778316,0
steep-crossover,phase-interpolation,48000,129,1024,16,21703.125,-199.394104,-65.5895575,136.242092,0
steep-crossover,phase-interpolation,48000,129,1024,16,21750,-185.26179,-66.9926525,163.7088,0
steep-crossover,phase-interpolation,48000,129,1024,16,21796.875,-183.735939,-66.7884503,159.042031,0
steep-crossover,phase-interpolation,48000,129,1024,16,21843.75,-188.73739,-65.2448586,130.547301,0
steep-crossover,phase-interpolation,48000,129,1024,16,21890.625,-197.554828,-63.8235671,111.926013,0
steep-crossover,phase-interpolation,48000,129,1024,16,21937.5,-185.276281,-63.1190304,104.711363,0
steep-crossover,phase-interpolation,48000,129,1024,16,21984.375,-184.043161,-63.2380637,105.808556,0
steep-crossover,phase-interpolation,48000,129,1024,16,22031.25,-189.413396,-64.1694512,115.771979,0
steep-crossover,phase-interpolation,48000,129,1024,16,22078.125,-196.759921,-65.7299882,138.106938,0
steep-crossover,phase-interpolation,48000,129,1024,16,22125,-185.481938,-67.0703044,164.82976,0
steep-crossover,phase-interpolation,48000,129,1024,16,22171.875,-184.528553,-66.7385237,157.342037,0
steep-crossover,phase-interpolation,48000,129,1024,16,22218.75,-190.479254,-65.1639769,128.902573,0
steep-crossover,phase-interpolation,48000,129,1024,16,22265.625,-195.390007,-63.7797918,111.149917,0
steep-crossover,phase-interpolation,48000,129,1024,16,22312.5,-185.487503,-63.1275249,104.543524,0
steep-crossover,phase-interpolation,48000,129,1024,16,22359.375,-184.854015,-63.3003793,106.162139,0
steep-crossover,phase-interpolation,48000,129,1024,16,22406.25,-191.311835,-64.2815803,116.820403,0
steep-crossover,phase-interpolation,48000,129,1024,16,22453.125,-194.708359,-65.8645609,140.010939,0
steep-crossover,phase-interpolation,48000,129,1024,16,22500,-185.662757,-67.1343587,165.769642,0
steep-crossover,phase-interpolation,48000,129,1024,16,22546.875,-185.352218,-66.6776256,155.553586,0
steep-crossover,phase-interpolation,48000,129,1024,16,22593.75,-192.604457,-65.0790676,127.317529,0
steep-crossover,phase-interpolation,48000,129,1024,16,22640.625,-193.620957,-63.7339972,110.421766,0
steep-crossover,phase-interpolation,48000,129,1024,16,22687.5,-185.658067,-63.1342842,104.409778,0
steep-crossover,phase-interpolation,48000,129,1024,16,22734.375,-185.698756,-63.3608971,106.553232,0
steep-crossover,phase-interpolation,48000,129,1024,16,22781.25,-193.684126,-64.3912034,117.924965,0
steep-crossover,phase-interpolation,48000,129,1024,16,22828.125,-193.015978,-65.9928955,141.947273,0
steep-crossover,phase-interpolation,48000,129,1024,16,22875,-185.803495,-67.18451,166.515268,0
steep-crossover,phase-interpolation,48000,129,1024,16,22921.875,-186.214268,-66.6063525,153.694694,0
steep-crossover,phase-interpolation,48000,129,1024,16,22968.75,-195.364623,-64.9904005,125.793215,0
steep-crossover,phase-interpolation,48000,129,1024,16,23015.625,-192.11479,-63.6862463,109.740095,0
steep-crossover,phase-interpolation,48000,129,1024,16,23062.5,-185.787359,-63.1393327,104.309777,0
steep-crossover,phase-interpolation,48000,129,1024,16,23109.375,-186.585561,-63.4196278,106.982676,0
steep-crossover,phase-interpolation,48000,129,1024,16,23156.25,-196.891905,-64.4982406,119.086957,0
steep-crossover,phase-interpolation,48000,129,1024,16,23203.125,-191.565458,-66.1145771,143.907855,0
steep-crossover,phase-interpolation,48000,129,1024,16,23250,-185.903545,-67.2205135,167.055891,0
steep-crossover,phase-interpolation,48000,129,1024,16,23296.875,-187.123882,-66.5252972,151.782607,0
steep-crossover,phase-interpolation,48000,129,1024,16,23343.75,-199.366162,-64.8982169,124.330149,0
steep-crossover,phase-interpolation,48000,129,1024,16,23390.625,-190.794519,-63.6365906,109.103501,0
steep-crossover,phase-interpolation,48000,129,1024,16,23437.5,-185.874907,-63.1426882,104.243254,0
steep-crossover,phase-interpolation,48000,129,1024,16,23484.375,-187.524736,-63.476573,107.451382,0
steep-crossover,phase-interpolation,48000,129,1024,16,23531.25,-201.950751,-64.6025921,120.307549,0
steep-crossover,phase-interpolation,48000,129,1024,16,23578.125,-190.287453,-66.2291563,145.88324,0
steep-crossover,phase-interpolation,48000,129,1024,16,23625,-185.962445,-67.24219,167.383553,0
steep-crossover,phase-interpolation,48000,129,1024,16,23671.875,-188.092771,-66.4350411,149.833555,0
steep-crossover,phase-interpolation,48000,129,1024,16,23718.75,-206.908234,-64.8027317,122.928416,0
steep-crossover,phase-interpolation,48000,129,1024,16,23765.625,-189.611457,-63.585072,108.510659,0
steep-crossover,phase-interpolation,48000,129,1024,16,23812.5,-185.920332,-63.1443619,104.210027,0
steep-crossover,phase-interpolation,48000,129,1024,16,23859.375,-188.529356,-63.5317255,107.960343,0
steep-crossover,phase-interpolation,48000,129,1024,16,23906.25,-215.292393,-64.7041363,121.587752,0
steep-crossover,phase-interpolation,48000,129,1024,16,23953.125,-189.138391,-66.3361492,147.862562,0
steep-crossover,phase-interpolation,48000,129,1024,16,24000,-185.98089,-67.2494294,167.493346,0
steep-crossover,complex-minimax,48000,129,1024,16,0,-3.85730987e-15,-0.0748995396,49.3061005,1
steep-crossover,complex-minimax,48000,129,1024,16,46.875,-0.000291537914,-0.0701327434,49.3804267,1
steep-crossover,complex-minimax,48000,129,1024,16,93.75,-0.00113003275,-0.0564220659,49.609821,0.999999929
steep-crossover,complex-minimax,48000,129,1024,16,140.625,-0.00263408224,-0.0358082607,50.0097167,0.999998177
steep-crossover,complex-minimax,48000,129,1024,16,187.5,-0.00572254555,-0.0124646949,50.5948781,0.99998179
steep-crossover,complex-minimax,48000,129,1024,16,234.375,-0.0130662303,0.00654898837,51.3683309,0.999891466
steep-crossover,complex-minimax,48000,129,1024,16,281.25,-0.0301492651,0.0108421887,52.3139893,0.99953345
steep-crossover,complex-minimax,48000,129,1024,16,328.125,-0.0661798116,-0.0132028697,53.3960368,0.998400062
steep-crossover,complex-minimax,48000,129,1024,16,375,-0.134589539,-0.081786335,54.5646224,0.995354378
steep-crossover,complex-minimax,48000,129,1024,16,421.875,-0.252951074,-0.212725702,55.7646611,0.9881451
steep-crossover,complex-minimax,48000,129,1024,16,468.75,-0.442300877,-0.424469669,56.9439603,0.972781625
steep-crossover,complex-minimax,48000,129,1024,16,515.625,-0.72601559,-0.73533093,58.0582335,0.942995292
steep-crossover,complex-minimax,48000,129,1024,16,562.5,-1.12848283,-1.1630535,59.0724215,0.890434335
steep-crossover,complex-minimax,48000,129,1024,16,609.375,-1.67380255,-1.72471713,59.9589704,0
steep-crossover,complex-minimax,48000,129,1024,16,656.25,-2.38467326,-2.43691706,60.6940188,0
steep-crossover,complex-minimax,48000,129,1024,16,703.125,-3.28150617,-3.31613898,61.2520874,0
steep-crossover,complex-minimax,48000,129,1024,16,750,-4.38171113,-4.37925539,61.5991752,0
steep-crossover,complex-minimax,48000,129,1024,16,796.875,-5.69903068,-5.64407399,61.6832899,0
steep-crossover,complex-minimax,48000,129,1024,16,843.75,-7.24276397,-7.12984223,61.4202839,0
steep-crossover,complex-minimax,48000,129,1024,16,890.625,-9.01671693,-8.85750001,60.6712272,0
steep-crossover,complex-minimax,48000,129,1024,16,937.5,-11.0177481,-10.8491452,59.2055853,0
steep-crossover,complex-minimax,48000,129,1024,16,984.375,-13.2338838,-13.1252938,56.6450873,0
steep-crossover,complex-minimax,48000,129,1024,16,1031.25,-15.6422215,-15.6962445,52.4029657,0
steep-crossover,complex-minimax,48000,129,1024,16,1078.125,-18.2072978,-18.5387084,45.7439263,0
steep-crossover,complex-minimax,48000,129,1024,16,1125,-20.8812492,-21.5424033,36.4914779,0
steep-crossover,complex-minimax,48000,129,1024,16,1171.875,-23.6075553,-24.4337452,27.3787621,0
steep-crossover,complex-minimax,48000,129,1024,16,1218.75,-26.3295173,-26.8233935,25.6316666,0
steep-crossover,complex-minimax,48000,129,1024,16,1265.625,-29.0019794,-28.5730478,34.9413898,0
steep-crossover,complex-minimax,48000,129,1024,16,1312.5,-31.6010553,-30.0118512,49.3140515,0
steep-crossover,complex-minimax,48000,129,1024,16,1359.375,-34.1254551,-31.5942382,62.9479768,0
steep-crossover,complex-minimax,48000,129,1024,16,1406.25,-36.5873185,-33.6501055,74.9651286,0
steep-crossover,complex-minimax,48000,129,1024,16,1453.125,-38.9975159,-36.4559166,87.5565617,0
steep-crossover,complex-minimax,48000,129,1024,16,1500,-41.3541593,-40.442618,108.272105,0
steep-crossover,complex-minimax,48000,129,1024,16,1546.875,-43.6412487,-46.5405565,181.715276,0
steep-crossover,complex-minimax,48000,129,1024,16,1593.75,-45.8387504,-51.3202236,332.251159,0
steep-crossover,complex-minimax,48000,129,1024,16,1640.625,-47.9381929,-45.8089441,146.24988,0
steep-crossover,complex-minimax,48000,129,1024,16,1687.5,-49.9527058,-42.2801709,111.731798,0
steep-crossover,complex-minimax,48000,129,1024,16,1734.375,-51.9128542,-40.4854304,104.045738,0
steep-crossover,complex-minimax,48000,129,1024,16,1781.25,-53.8497041,-39.7645815,103.379225,0
steep-crossover,complex-minimax,48000,129,1024,16,1828.125,-55.7756464,-39.85861,107.057851,0
steep-crossover,complex-minimax,48000,129,1024,16,1875,-57.6749185,-40.6404563,115.992615,0
steep-crossover,complex-minimax,48000,129,1024,16,1921.875,-59.5111208,-41.9305399,132.195002,0
steep-crossover,complex-minimax,48000,129,1024,16,1968.75,-61.2505863,-43.2131978,152.292324,0
steep-crossover,complex-minimax,48000,129,1024,16,2015.625,-62.8887078,-43.5601039,156.768204,0
steep-crossover,complex-minimax,48000,129,1024,16,2062.5,-64.4594984,-42.7673524,140.213343,0
steep-crossover,complex-minimax,48000,129,1024,16,2109.375,-66.0187338,-41.7104583,123.94143,0
steep-crossover,complex-minimax,48000,129,1024,16,2156.25,-67.6111705,-41.0387615,116.108955,0
steep-crossover,complex-minimax,48000,129,1024,16,2203.125,-69.2419033,-40.9364739,115.806236,0
steep-crossover,complex-minimax,48000,129,1024,16,2250,-70.8677039,-41.3627772,121.923471,0
steep-crossover,complex-minimax,48000,129,1024,16,2296.875,-72.4168761,-42.1004658,132.981438,0
steep-crossover,complex-minimax,48000,129,1024,16,2343.75,-73.8341012,-42.7033027,142.909266,0
steep-crossover,complex-minimax,48000,129,1024,16,2390.625,-75.124093,-42.7062925,142.112847,0
steep-crossover,complex-minimax,48000,129,1024,16,2437.5,-76.3572369,-42.1637362,132.077691,0
steep-crossover,complex-minimax,48000,129,1024,16,2484.375,-77.6292569,-41.5583347,122.656088,0
steep-crossover,complex-minimax,48000,129,1024,16,2531.25,-79.0047427,-41.2621762,118.58094,0
steep-crossover,complex-minimax,48000,129,1024,16,2578.125,-80.4768427,-41.4004513,120.43452,0
steep-crossover,complex-minimax,48000,129,1024,16,2625,-81.9599121,-41.9030062,127.612493,0
steep-crossover,complex-minimax,48000,129,1024,16,2671.875,-83.3272409,-42.4978931,137.155503,0
steep-crossover,complex-minimax,48000,129,1024,16,2718.75,-84.4916445,-42.7605559,141.644965,0
steep-crossover,complex-minimax,48000,129,1024,16,2765.625,-85.4779816,-42.4708973,136.277557,0
steep-crossover,complex-minimax,48000,129,1024,16,2812.5,-86.4169055,-41.8895601,126.770405,0
steep-crossover,complex-minimax,48000,129,1024,16,2859.375,-87.4632662,-41.4286634,120.074323,0
steep-crossover,complex-minimax,48000,129,1024,16,2906.25,-88.7081445,-41.3293773,118.586723,0
steep-crossover,complex-minimax,48000,129,1024,16,2953.125,-90.1269629,-41.6384435,122.562509,0
steep-crossover,complex-minimax,48000,129,1024,16,3000,-91.5719698,-42.2242645,131.092527,0
steep-crossover,complex-minimax,48000,129,1024,16,3046.875,-92.8318702,-42.7516508,139.830222,0
steep-crossover,complex-minimax,48000,129,1024,16,3093.75,-93.7712955,-42.8161671,140.906788,0
steep-crossover,complex-minimax,48000,129,1024,16,3140.625,-94.4528388,-42.3622416,133.072527,0
steep-crossover,complex-minimax,48000,129,1024,16,3187.5,-95.1016871,-41.7559006,123.820797,0
steep-crossover,complex-minimax,48000,129,1024,16,3234.375,-95.9541975,-41.3703856,118.525105,0
steep-crossover,complex-minimax,48000,129,1024,16,3281.25,-97.1342565,-41.3824188,118.544406,0
steep-crossover,complex-minimax,48000,129,1024,16,3328.125,-98.5945806,-41.7919882,123.900003,0
steep-crossover,complex-minimax,48000,129,1024,16,3375,-100.102379,-42.4209455,133.259707,0
steep-crossover,complex-minimax,48000,129,1024,16,3421.875,-101.318076,-42.890268,141.174802,0
steep-crossover,complex-minimax,48000,129,1024,16,3468.75,-102.031347,-42.826484,139.973388,0
steep-crossover,complex-minimax,48000,129,1024,16,3515.625,-102.371624,-42.2867778,130.943225,0
steep-crossover,complex-minimax,48000,129,1024,16,3562.5,-102.707252,-41.6832182,122.091931,0
steep-crossover,complex-minimax,48000,129,1024,16,3609.375,-103.379395,-41.3560914,117.747485,0
steep-crossover,complex-minimax,48000,129,1024,16,3656.25,-104.54929,-41.4434103,118.77004,0
steep-crossover,complex-minimax,48000,129,1024,16,3703.125,-106.145865,-41.9146033,125.039636,0
steep-crossover,complex-minimax,48000,129,1024,16,3750,-107.828783,-42.5568504,134.793418,0
steep-crossover,complex-minimax,48000,129,1024,16,3796.875,-109.065747,-42.9649291,141.763943,0
steep-crossover,complex-minimax,48000,129,1024,16,3843.75,-109.525739,-42.8059765,138.892148,0
steep-crossover,complex-minimax,48000,129,1024,16,3890.625,-109.454777,-42.2192714,129.301833,0
steep-crossover,complex-minimax,48000,129,1024,16,3937.5,-109.43311,-41.6332314,120.932443,0
steep-crossover,complex-minimax,48000,129,1024,16,3984.375,-109.926191,-41.3582485,117.348064,0
steep-crossover,complex-minimax,48000,129,1024,16,4031.25,-111.13296,-41.5048368,119.138387,0
steep-crossover,complex-minimax,48000,129,1024,16,4078.125,-112.965495,-42.0194488,126.081029,0
steep-crossover,complex-minimax,48000,129,1024,16,4125,-114.961552,-42.6615391,135.997322,0
steep-crossover,complex-minimax,48000,129,1024,16,4171.875,-116.301116,-43.0104029,142.009859,0
steep-crossover,complex-minimax,48000,129,1024,16,4218.75,-116.450321,-42.7765132,137.847858,0
steep-crossover,complex-minimax,48000,129,1024,16,4265.625,-115.860483,-42.1614252,127.988167,0
steep-crossover,complex-minimax,48000,129,1024,16,4312.5,-115.420686,-41.5969351,120.086768,0
steep-crossover,complex-minimax,48000,129,1024,16,4359.375,-115.727825,-41.3676384,117.132086,0
steep-crossover,complex-minimax,48000,129,1024,16,4406.25,-117.011309,-41.5628313,119.547159,0
steep-crossover,complex-minimax,48000,129,1024,16,4453.125,-119.18602,-42.1101478,127.018547,0
steep-crossover,complex-minimax,48000,129,1024,16,4500,-121.676664,-42.7458073,136.973422,0
steep-crossover,complex-minimax,48000,129,1024,16,4546.875,-123.236653,-43.0401761,142.079085,0
steep-crossover,complex-minimax,48000,129,1024,16,4593.75,-122.972223,-42.7458994,136.898686,0
steep-crossover,complex-minimax,48000,129,1024,16,4640.625,-121.707241,-42.1127153,126.916716,0
steep-crossover,complex-minimax,48000,129,1024,16,4687.5,-120.775177,-41.5699158,119.439768,0
steep-crossover,complex-minimax,48000,129,1024,16,4734.375,-120.884466,-41.3802906,117.014663,0
steep-crossover,complex-minimax,48000,129,1024,16,4781.25,-122.276201,-41.6160923,119.952949,0
steep-crossover,complex-minimax,48000,129,1024,16,4828.125,-124.904649,-42.1889276,127.854047,0
steep-crossover,complex-minimax,48000,129,1024,16,4875,-128.142065,-42.8151201,137.776557,0
steep-crossover,complex-minimax,48000,129,1024,16,4921.875,-130.118605,-43.0603632,142.049453,0
steep-crossover,complex-minimax,48000,129,1024,16,4968.75,-129.254577,-42.716709,136.053234,0
steep-crossover,complex-minimax,48000,129,1024,16,5015.625,-127.08735,-42.0717067,126.029401,0
steep-crossover,complex-minimax,48000,129,1024,16,5062.5,-125.578772,-41.5494375,118.929182,0
steep-crossover,complex-minimax,48000,129,1024,16,5109.375,-125.476069,-41.3943025,116.954875,0
steep-crossover,complex-minimax,48000,129,1024,16,5156.25,-126.997768,-41.6645082,120.339215,0
steep-crossover,complex-minimax,48000,129,1024,16,5203.125,-130.193348,-42.2577234,128.596885,0
steep-crossover,complex-minimax,48000,129,1024,16,5250,-134.549763,-42.8730309,138.444871,0
steep-crossover,complex-minimax,48000,129,1024,16,5296.875,-137.325213,-43.0743153,141.962936,0
steep-crossover,complex-minimax,48000,129,1024,16,5343.75,-135.488276,-42.68977,135.304409,0
steep-crossover,complex-minimax,48000,129,1024,16,5390.625,-132.075384,-42.0370046,125.284546,0
steep-crossover,complex-minimax,48000,129,1024,16,5437.5,-129.898843,-41.5337185,118.517014,0
steep-crossover,complex-minimax,48000,129,1024,16,5484.375,-129.570206,-41.4087231,116.93078,0
steep-crossover,complex-minimax,48000,129,1024,16,5531.25,-131.232718,-41.7084189,120.700504,0
steep-crossover,complex-minimax,48000,129,1024,16,5578.125,-135.105183,-42.3181864,129.258459,0
steep-crossover,complex-minimax,48000,129,1024,16,5625,-141.177808,-42.9220413,139.006511,0
steep-crossover,complex-minimax,48000,129,1024,16,5671.875,-145.701007,-43.0840291,141.843532,0
steep-crossover,complex-minimax,48000,129,1024,16,5718.75,-141.955723,-42.6652221,134.640613,0
steep-crossover,complex-minimax,48000,129,1024,16,5765.625,-136.7338,-42.007421,124.651475,0
steep-crossover,complex-minimax,48000,129,1024,16,5812.5,-133.792941,-41.5215406,118.178312,0
steep-crossover,complex-minimax,48000,129,1024,16,5859.375,-133.226559,-41.423063,116.929745,0
steep-crossover,complex-minimax,48000,129,1024,16,5906.25,-135.02987,-41.7483015,121.036164,0
steep-crossover,complex-minimax,48000,129,1024,16,5953.125,-139.678474,-42.371688,129.849947,0
steep-crossover,complex-minimax,48000,129,1024,16,6000,-148.570487,-42.9639764,139.48279,0
steep-crossover,complex-minimax,48000,129,1024,16,6046.875,-158.971433,-43.0907482,141.705358,0
steep-crossover,complex-minimax,48000,129,1024,16,6093.75,-149.220805,-42.6429151,134.049695,0
steep-crossover,complex-minimax,48000,129,1024,16,6140.625,-141.116846,-41.9819705,124.107031,0
steep-crossover,complex-minimax,48000,129,1024,16,6187.5,-137.311708,-41.5120295,117.895677,0
steep-crossover,complex-minimax,48000,129,1024,16,6234.375,-136.499154,-41.4370668,116.943932,0
steep-crossover,complex-minimax,48000,129,1024,16,6281.25,-138.433598,-41.7846554,121.347493,0
steep-crossover,complex-minimax,48000,129,1024,16,6328.125,-143.939706,-42.4193845,130.381539,0
steep-crossover,complex-minimax,48000,129,1024,16,6375,-158.410887,-43.0002541,139.890481,0
steep-crossover,complex-minimax,48000,129,1024,16,6421.875,-161.936844,-43.0953383,141.557401,0
steep-crossover,complex-minimax,48000,129,1024,16,6468.75,-159.07926,-42.6226473,133.520831,0
steep-crossover,complex-minimax,48000,129,1024,16,6515.625,-145.273487,-41.9598877,123.633583,0
steep-crossover,complex-minimax,48000,129,1024,16,6562.5,-140.500422,-41.5045621,117.656451,0
steep-crossover,complex-minimax,48000,129,1024,16,6609.375,-139.437207,-41.4506159,116.968084,0
steep-crossover,complex-minimax,48000,129,1024,16,6656.25,-141.48565,-41.8179551,121.636334,0
steep-crossover,complex-minimax,48000,129,1024,16,6703.125,-147.905809,-42.4622521,130.862016,0
steep-crossover,complex-minimax,48000,129,1024,16,6750,-183.965448,-43.0320148,140.242949,0
steep-crossover,complex-minimax,48000,129,1024,16,6796.875,-155.611344,-43.09846,141.4058,0
steep-crossover,complex-minimax,48000,129,1024,16,6843.75,-179.949341,-42.6042555,133.045096,0
steep-crossover,complex-minimax,48000,129,1024,16,6890.625,-149.24986,-41.9406095,123.217788,0
steep-crossover,complex-minimax,48000,129,1024,16,6937.5,-143.399749,-41.4987052,117.45136,0
steep-crossover,complex-minimax,48000,129,1024,16,6984.375,-142.085264,-41.4636688,116.998632,0
steep-crossover,complex-minimax,48000,129,1024,16,7031.25,-144.225767,-41.8486076,121.904582,0
steep-crossover,complex-minimax,48000,129,1024,16,7078.125,-151.58626,-42.5010594,131.298481,0
steep-crossover,complex-minimax,48000,129,1024,16,7125,-163.468829,-43.060106,140.55011,0
steep-crossover,complex-minimax,48000,129,1024,16,7171.875,-154.085514,-43.1005472,141.25388,0
steep-crossover,complex-minimax,48000,129,1024,16,7218.75,-162.991099,-42.587558,132.614533,0
steep-crossover,complex-minimax,48000,129,1024,16,7265.625,-153.091672,-41.9237058,122.849108,0
steep-crossover,complex-minimax,48000,129,1024,16,7312.5,-146.046068,-41.4941889,117.273426,0
steep-crossover,complex-minimax,48000,129,1024,16,7359.375,-144.483106,-41.4763161,117.033339,0
steep-crossover,complex-minimax,48000,129,1024,16,7406.25,-146.691562,-41.8771107,122.154806,0
steep-crossover,complex-minimax,48000,129,1024,16,7453.125,-154.985315,-42.5366339,131.698422,0
steep-crossover,complex-minimax,48000,129,1024,16,7500,-160.59857,-43.0854128,140.822011,0
steep-crossover,complex-minimax,48000,129,1024,16,7546.875,-153.874517,-43.1020791,141.105388,0
steep-crossover,complex-minimax,48000,129,1024,16,7593.75,-160.082322,-42.5724459,132.222914,0
steep-crossover,complex-minimax,48000,129,1024,16,7640.625,-156.847049,-41.9087864,122.518819,0
steep-crossover,complex-minimax,48000,129,1024,16,7687.5,-148.471656,-41.4906792,117.116434,0
steep-crossover,complex-minimax,48000,129,1024,16,7734.375,-146.665723,-41.4884478,117.069404,0
steep-crossover,complex-minimax,48000,129,1024,16,7781.25,-148.918068,-41.9036249,122.387537,0
steep-crossover,complex-minimax,48000,129,1024,16,7828.125,-158.104519,-42.5693689,132.065708,0
steep-crossover,complex-minimax,48000,129,1024,16,7875,-159.866142,-43.1083977,141.064446,0
steep-crossover,complex-minimax,48000,129,1024,16,7921.875,-154.233003,-43.1032917,140.962201,0
steep-crossover,complex-minimax,48000,129,1024,16,7968.75,-159.206092,-42.5588178,131.86583,0
steep-crossover,complex-minimax,48000,129,1024,16,8015.625,-160.57057,-41.895622,122.221303,0
steep-crossover,complex-minimax,48000,129,1024,16,8062.5,-150.704865,-41.4880372,116.976805,0
steep-crossover,complex-minimax,48000,129,1024,16,8109.375,-148.663447,-41.5001161,117.105854,0
steep-crossover,complex-minimax,48000,129,1024,16,8156.25,-150.937262,-41.9284077,122.604347,0
steep-crossover,complex-minimax,48000,129,1024,16,8203.125,-160.945435,-42.5996712,132.404304,0
steep-crossover,complex-minimax,48000,129,1024,16,8250,-159.956805,-43.1294588,141.282138,0
steep-crossover,complex-minimax,48000,129,1024,16,8296.875,-154.881005,-43.1043388,140.825001,0
steep-crossover,complex-minimax,48000,129,1024,16,8343.75,-159.125351,-42.5465373,131.538944,0
steep-crossover,complex-minimax,48000,129,1024,16,8390.625,-164.32996,-41.8839855,121.951686,0
steep-crossover,complex-minimax,48000,129,1024,16,8437.5,-152.770359,-41.4861265,116.851605,0
steep-crossover,complex-minimax,48000,129,1024,16,8484.375,-150.502256,-41.5113525,117.142024,0
steep-crossover,complex-minimax,48000,129,1024,16,8531.25,-152.777749,-41.9516631,122.806726,0
steep-crossover,complex-minimax,48000,129,1024,16,8578.125,-163.51227,-42.6278624,132.717623,0
steep-crossover,complex-minimax,48000,129,1024,16,8625,-160.452306,-43.1488957,141.478856,0
steep-crossover,complex-minimax,48000,129,1024,16,8671.875,-155.68654,-43.1053081,140.693977,0
steep-crossover,complex-minimax,48000,129,1024,16,8718.75,-159.439153,-42.535459,131.238473,0
steep-crossover,complex-minimax,48000,129,1024,16,8765.625,-168.218746,-41.8736702,121.705957,0
steep-crossover,complex-minimax,48000,129,1024,16,8812.5,-154.689411,-41.4848255,116.738509,0
steep-crossover,complex-minimax,48000,129,1024,16,8859.375,-152.204199,-41.5221799,117.177496,0
steep-crossover,complex-minimax,48000,129,1024,16,8906.25,-154.464664,-41.9735593,122.996065,0
steep-crossover,complex-minimax,48000,129,1024,16,8953.125,-165.813924,-42.6542051,133.008627,0
steep-crossover,complex-minimax,48000,129,1024,16,9000,-161.169283,-43.1669435,141.657692,0
steep-crossover,complex-minimax,48000,129,1024,16,9046.875,-156.57911,-43.1062506,140.569084,0
steep-crossover,complex-minimax,48000,129,1024,16,9093.75,-159.970632,-42.5254444,130.961175,0
steep-crossover,complex-minimax,48000,129,1024,16,9140.625,-172.383801,-41.8644934,121.480794,0
steep-crossover,complex-minimax,48000,129,1024,16,9187.5,-156.480247,-41.484027,116.635628,0
steep-crossover,complex-minimax,48000,129,1024,16,9234.375,-153.787876,-41.5326148,117.211984,0
steep-crossover,complex-minimax,48000,129,1024,16,9281.25,-156.019774,-41.9942348,123.173599,0
steep-crossover,complex-minimax,48000,129,1024,16,9328.125,-167.865008,-42.6789159,133.279861,0
steep-crossover,complex-minimax,48000,129,1024,16,9375,-162.013159,-43.1837919,141.821219,0
steep-crossover,complex-minimax,48000,129,1024,16,9421.875,-157.518046,-43.1071996,140.450196,0
steep-crossover,complex-minimax,48000,129,1024,16,9468.75,-160.628514,-42.5163703,130.704319,0
steep-crossover,complex-minimax,48000,129,1024,16,9515.625,-177.096809,-41.8562989,121.273459,0
steep-crossover,complex-minimax,48000,129,1024,16,9562.5,-158.158404,-41.4836392,116.541426,0
steep-crossover,complex-minimax,48000,129,1024,16,9609.375,-155.26893,-41.5426687,117.245285,0
steep-crossover,complex-minimax,48000,129,1024,16,9656.25,-157.461725,-42.0138035,123.340395,0
steep-crossover,complex-minimax,48000,129,1024,16,9703.125,-169.685631,-42.7021724,133.533474,0
steep-crossover,complex-minimax,48000,129,1024,16,9750,-162.930114,-43.1995935,141.971553,0
steep-crossover,complex-minimax,48000,129,1024,16,9796.875,-158.478702,-43.1081757,140.337139,0
steep-crossover,complex-minimax,48000,129,1024,16,9843.75,-161.361053,-42.5081302,130.465624,0
steep-crossover,complex-minimax,48000,129,1024,16,9890.625,-182.997781,-41.8489551,121.08171,0
steep-crossover,complex-minimax,48000,129,1024,16,9937.5,-159.737086,-41.4835857,116.454667,0
steep-crossover,complex-minimax,48000,129,1024,16,9984.375,-156.6605,-41.5523512,117.27727,0
steep-crossover,complex-minimax,48000,129,1024,16,10031.25,-158.806369,-42.0323585,123.497377,0
steep-crossover,complex-minimax,48000,129,1024,16,10078.125,-171.300124,-42.7241185,133.771265,0
steep-crossover,complex-minimax,48000,129,1024,16,10125,-163.887466,-43.2144673,142.1104,0
steep-crossover,complex-minimax,48000,129,1024,16,10171.875,-159.445672,-43.1091867,140.229668,0
steep-crossover,complex-minimax,48000,129,1024,16,10218.75,-162.13709,-42.5006282,130.243147,0
steep-crossover,complex-minimax,48000,129,1024,16,10265.625,-192.539002,-41.8423493,120.903684,0
steep-crossover,complex-minimax,48000,129,1024,16,10312.5,-161.227493,-41.4838022,116.374343,0
steep-crossover,complex-minimax,48000,129,1024,16,10359.375,-157.973644,-41.5616716,117.307853,0
steep-crossover,complex-minimax,48000,129,1024,16,10406.25,-160.067129,-42.0499802,123.645333,0
steep-crossover,complex-minimax,48000,129,1024,16,10453.125,-172.735165,-42.7448775,133.994754,0
steep-crossover,complex-minimax,48000,129,1024,16,10500,-164.864459,-43.2285169,142.239195,0
steep-crossover,complex-minimax,48000,129,1024,16,10546.875,-160.409161,-43.1102443,140.127598,0
steep-crossover,complex-minimax,48000,129,1024,16,10593.75,-162.937106,-42.4937918,130.03532,0
steep-crossover,complex-minimax,48000,129,1024,16,10640.625,-201.278886,-41.8363959,120.737901,0
steep-crossover,complex-minimax,48000,129,1024,16,10687.5,-162.63912,-41.4842427,116.299679,0
steep-crossover,complex-minimax,48000,129,1024,16,10734.375,-159.217689,-41.5706424,117.337014,0
steep-crossover,complex-minimax,48000,129,1024,16,10781.25,-161.255355,-42.066736,123.784937,0
steep-crossover,complex-minimax,48000,129,1024,16,10828.125,-174.017829,-42.7645478,134.205145,0
steep-crossover,complex-minimax,48000,129,1024,16,10875,-165.847481,-43.2418212,142.359005,0
steep-crossover,complex-minimax,48000,129,1024,16,10921.875,-161.362926,-43.1113548,140.030694,0
steep-crossover,complex-minimax,48000,129,1024,16,10968.75,-163.748578,-42.487566,129.840904,0
steep-crossover,complex-minimax,48000,129,1024,16,11015.625,-190.336503,-41.8310364,120.583312,0
steep-crossover,complex-minimax,48000,129,1024,16,11062.5,-163.98002,-41.4848847,116.230298,0
steep-crossover,complex-minimax,48000,129,1024,16,11109.375,-160.400538,-41.5792864,117.365062,0
steep-crossover,complex-minimax,48000,129,1024,16,11156.25,-162.38066,-42.0826803,123.917058,0
steep-crossover,complex-minimax,48000,129,1024,16,11203.125,-175.173992,-42.7831792,134.403493,0
steep-crossover,complex-minimax,48000,129,1024,16,11250,-166.827402,-43.2543722,142.470183,0
steep-crossover,complex-minimax,48000,129,1024,16,11296.875,-162.303032,-43.112422,139.937825,0
steep-crossover,complex-minimax,48000,129,1024,16,11343.75,-164.563383,-42.4818064,129.658063,0
steep-crossover,complex-minimax,48000,129,1024,16,11390.625,-186.964509,-41.8261462,120.438511,0
steep-crossover,complex-minimax,48000,129,1024,16,11437.5,-165.257028,-41.4856632,116.165544,0
steep-crossover,complex-minimax,48000,129,1024,16,11484.375,-161.528925,-41.5876107,117.392068,0
steep-crossover,complex-minimax,48000,129,1024,16,11531.25,-163.451206,-42.0978877,124.042476,0
steep-crossover,complex-minimax,48000,129,1024,16,11578.125,-176.227266,-42.8008902,134.591208,0
steep-crossover,complex-minimax,48000,129,1024,16,11625,-167.797992,-43.2662788,142.574078,0
steep-crossover,complex-minimax,48000,129,1024,16,11671.875,-163.227085,-43.1134851,139.849057,0
steep-crossover,complex-minimax,48000,129,1024,16,11718.75,-165.376263,-42.4764859,129.485789,0
steep-crossover,complex-minimax,48000,129,1024,16,11765.625,-185.342747,-41.8216825,120.302479,0
steep-crossover,complex-minimax,48000,129,1024,16,11812.5,-166.475948,-41.486559,116.104853,0
steep-crossover,complex-minimax,48000,129,1024,16,11859.375,-162.608623,-41.5956362,117.417998,0
steep-crossover,complex-minimax,48000,129,1024,16,11906.25,-164.473969,-42.1124193,124.161692,0
steep-crossover,complex-minimax,48000,129,1024,16,11953.125,-177.198476,-42.817765,134.769225,0
steep-crossover,complex-minimax,48000,129,1024,16,12000,-168.754957,-43.2776094,142.67151,0
steep-crossover,complex-minimax,48000,129,1024,16,12046.875,-164.133739,-43.1145564,139.76421,0
steep-crossover,complex-minimax,48000,129,1024,16,12093.75,-166.183887,-42.4715694,129.323155,0
steep-crossover,complex-minimax,48000,129,1024,16,12140.625,-184.504144,-41.8176047,120.174371,0
steep-crossover,complex-minimax,48000,129,1024,16,12187.5,-167.641719,-41.4875561,116.047796,0
steep-crossover,complex-minimax,48000,129,1024,16,12234.375,-163.644613,-41.6033828,117.442883,0
steep-crossover,complex-minimax,48000,129,1024,16,12281.25,-165.454947,-42.1263286,124.27518,0
steep-crossover,complex-minimax,48000,129,1024,16,12328.125,-178.105563,-42.8338749,134.938362,0
steep-crossover,complex-minimax,48000,129,1024,16,12375,-169.695307,-43.2884189,142.763145,0
steep-crossover,complex-minimax,48000,129,1024,16,12421.875,-165.022368,-43.115641,139.683074,0
steep-crossover,complex-minimax,48000,129,1024,16,12468.75,-166.984248,-42.4670222,129.169338,0
steep-crossover,complex-minimax,48000,129,1024,16,12515.625,-184.103737,-41.8138753,120.053466,0
steep-crossover,complex-minimax,48000,129,1024,16,12562.5,-168.758542,-41.4886394,115.994026,0
steep-crossover,complex-minimax,48000,129,1024,16,12609.375,-164.641227,-41.6108666,117.466775,0
steep-crossover,complex-minimax,48000,129,1024,16,12656.25,-166.399349,-42.1396604,124.383375,0
steep-crossover,complex-minimax,48000,129,1024,16,12703.125,-178.963778,-42.8492779,135.099326,0
steep-crossover,complex-minimax,48000,129,1024,16,12750,-170.616952,-43.298748,142.849514,0
steep-crossover,complex-minimax,48000,129,1024,16,12796.875,-165.892846,-43.1167357,139.605409,0
steep-crossover,complex-minimax,48000,129,1024,16,12843.75,-167.776273,-42.4628085,129.023604,0
steep-crossover,complex-minimax,48000,129,1024,16,12890.625,-183.980368,-41.8104579,119.939146,0
steep-crossover,complex-minimax,48000,129,1024,16,12937.5,-169.82999,-41.489793,115.943266,0
steep-crossover,complex-minimax,48000,129,1024,16,12984.375,-165.602264,-41.6180993,117.489751,0
steep-crossover,complex-minimax,48000,129,1024,16,13031.25,-167.31174,-42.1524501,124.486677,0
steep-crossover,complex-minimax,48000,129,1024,16,13078.125,-179.786034,-42.8640185,135.252724,0
steep-crossover,complex-minimax,48000,129,1024,16,13125,-171.518418,-43.3086244,142.93103,0
steep-crossover,complex-minimax,48000,129,1024,16,13171.875,-166.745403,-43.1178296,139.530951,0
steep-crossover,complex-minimax,48000,129,1024,16,13218.75,-168.55956,-42.4588905,128.885289,0
steep-crossover,complex-minimax,48000,129,1024,16,13265.625,-184.047067,-41.8073163,119.83088,0
steep-crossover,complex-minimax,48000,129,1024,16,13312.5,-170.8591,-41.4910003,115.895295,0
steep-crossover,complex-minimax,48000,129,1024,16,13359.375,-166.53108,-41.6250888,117.511904,0
steep-crossover,complex-minimax,48000,129,1024,16,13406.25,-168.196173,-42.1647259,124.585461,0
steep-crossover,complex-minimax,48000,129,1024,16,13453.125,-180.583321,-42.8781313,135.399087,0
steep-crossover,complex-minimax,48000,129,1024,16,13500,-172.398654,-43.3180651,143.00801,0
steep-crossover,complex-minimax,48000,129,1024,16,13546.875,-167.580519,-43.1189055,139.459415,0
steep-crossover,complex-minimax,48000,129,1024,16,13593.75,-169.33421,-42.4552292,128.753791,0
steep-crossover,complex-minimax,48000,129,1024,16,13640.625,-184.252671,-41.8044152,119.728209,0
steep-crossover,complex-minimax,48000,129,1024,16,13687.5,-171.848444,-41.492245,115.84994,0
steep-crossover,complex-minimax,48000,129,1024,16,13734.375,-167.430667,-41.631841,117.533345,0
steep-crossover,complex-minimax,48000,129,1024,16,13781.25,-169.056295,-42.1765111,124.68008,0
steep-crossover,complex-minimax,48000,129,1024,16,13828.125,-181.365132,-42.8916439,135.538886,0
steep-crossover,complex-minimax,48000,129,1024,16,13875,-173.256898,-43.3270811,143.080705,0
steep-crossover,complex-minimax,48000,129,1024,16,13921.875,-168.398853,-43.1199435,139.390511,0
steep-crossover,complex-minimax,48000,129,1024,16,13968.75,-170.100699,-42.4517866,128.628558,0
steep-crossover,complex-minimax,48000,129,1024,16,14015.625,-184.56551,-41.8017215,119.630722,0
steep-crossover,complex-minimax,48000,129,1024,16,14062.5,-172.800191,-41.4935116,115.807056,0
steep-crossover,complex-minimax,48000,129,1024,16,14109.375,-168.303718,-41.6383615,117.554188,0
steep-crossover,complex-minimax,48000,129,1024,16,14156.25,-169.895432,-42.1878278,124.770873,0
steep-crossover,complex-minimax,48000,129,1024,16,14203.125,-182.139879,-42.9045818,135.672562,0
steep-crossover,complex-minimax,48000,129,1024,16,14250,-174.092577,-43.3356815,143.149334,0
steep-crossover,complex-minimax,48000,129,1024,16,14296.875,-169.201193,-43.1209246,139.323958,0
steep-crossover,complex-minimax,48000,129,1024,16,14343.75,-170.859808,-42.4485278,128.509081,0
steep-crossover,complex-minimax,48000,129,1024,16,14390.625,-184.965547,-41.7992052,119.538047,0
steep-crossover,complex-minimax,48000,129,1024,16,14437.5,-173.716157,-41.4947875,115.766515,0
steep-crossover,complex-minimax,48000,129,1024,16,14484.375,-169.152678,-41.6446573,117.574545,0
steep-crossover,complex-minimax,48000,129,1024,16,14531.25,-170.716674,-42.1986983,124.858162,0
steep-crossover,complex-minimax,48000,129,1024,16,14578.125,-182.915274,-42.9169709,135.800533,0
steep-crossover,complex-minimax,48000,129,1024,16,14625,-174.905236,-43.3438773,143.214109,0
steep-crossover,complex-minimax,48000,129,1024,16,14671.875,-169.988425,-43.1218336,139.259505,0
steep-crossover,complex-minimax,48000,129,1024,16,14718.75,-171.612569,-42.4454226,128.394894,0
steep-crossover,complex-minimax,48000,129,1024,16,14765.625,-185.440265,-41.7968408,119.44984,0
steep-crossover,complex-minimax,48000,129,1024,16,14812.5,-174.597841,-41.4960627,115.728194,0
steep-crossover,complex-minimax,48000,129,1024,16,14859.375,-169.97979,-41.650737,117.594518,0
steep-crossover,complex-minimax,48000,129,1024,16,14906.25,-171.522938,-42.209146,124.942247,0
steep-crossover,complex-minimax,48000,129,1024,16,14953.125,-183.698702,-42.9288386,135.9232,0
steep-crossover,complex-minimax,48000,129,1024,16,15000,-175.694483,-43.3516827,143.275249,0
steep-crossover,complex-minimax,48000,129,1024,16,15046.875,-170.761507,-43.1226601,139.196935,0
steep-crossover,complex-minimax,48000,129,1024,16,15093.75,-172.360236,-42.4424462,128.285574,0
steep-crossover,complex-minimax,48000,129,1024,16,15140.625,-185.9824,-41.7946068,119.365782,0
steep-crossover,complex-minimax,48000,129,1024,16,15187.5,-175.446463,-41.4973298,115.691974,0
steep-crossover,complex-minimax,48000,129,1024,16,15234.375,-170.787133,-41.6566101,117.614189,0
steep-crossover,complex-minimax,48000,129,1024,16,15281.25,-172.317031,-42.2191945,125.023401,0
steep-crossover,complex-minimax,48000,129,1024,16,15328.125,-184.49758,-42.9402131,136.040941,0
steep-crossover,complex-minimax,48000,129,1024,16,15375,-176.459954,-43.3591139,143.332971,0
steep-crossover,complex-minimax,48000,129,1024,16,15421.875,-171.521456,-43.1233979,139.136068,0
steep-crossover,complex-minimax,48000,129,1024,16,15468.75,-173.104272,-42.4395787,128.180744,0
steep-crossover,complex-minimax,48000,129,1024,16,15515.625,-186.588698,-41.7924854,119.285581,0
steep-crossover,complex-minimax,48000,129,1024,16,15562.5,-176.262988,-41.4985832,115.657739,0
steep-crossover,complex-minimax,48000,129,1024,16,15609.375,-171.576652,-41.6622859,117.633627,0
steep-crossover,complex-minimax,48000,129,1024,16,15656.25,-173.10171,-42.228866,125.101866,0
steep-crossover,complex-minimax,48000,129,1024,16,15703.125,-185.319754,-42.9511208,136.154097,0
steep-crossover,complex-minimax,48000,129,1024,16,15750,-177.201276,-43.3661872,143.387482,0
steep-crossover,complex-minimax,48000,129,1024,16,15796.875,-172.269341,-43.1240429,139.076752,0
steep-crossover,complex-minimax,48000,129,1024,16,15843.75,-173.84635,-42.436803,128.080072,0
steep-crossover,complex-minimax,48000,129,1024,16,15890.625,-187.25928,-41.7904614,119.208976,0
steep-crossover,complex-minimax,48000,129,1024,16,15937.5,-177.04815,-41.4998178,115.625385,0
steep-crossover,complex-minimax,48000,129,1024,16,15984.375,-172.350191,-41.6677727,117.652893,0
steep-crossover,complex-minimax,48000,129,1024,16,16031.25,-173.879738,-42.2381797,125.177858,0
steep-crossover,complex-minimax,48000,129,1024,16,16078.125,-186.173937,-42.9615844,136.26297,0
steep-crossover,complex-minimax,48000,129,1024,16,16125,-177.918049,-43.3729158,143.438957,0
steep-crossover,complex-minimax,48000,129,1024,16,16171.875,-173.006275,-43.1245903,139.018845,0
steep-crossover,complex-minimax,48000,129,1024,16,16218.75,-174.588368,-42.4341031,127.983261,0
steep-crossover,complex-minimax,48000,129,1024,16,16265.625,-187.997474,-41.7885202,119.135742,0
steep-crossover,complex-minimax,48000,129,1024,16,16312.5,-177.802468,-41.5010286,115.594827,0
steep-crossover,complex-minimax,48000,129,1024,16,16359.375,-173.109517,-41.6730766,117.672048,0
steep-crossover,complex-minimax,48000,129,1024,16,16406.25,-174.653944,-42.2471511,125.25157,0
steep-crossover,complex-minimax,48000,129,1024,16,16453.125,-187.070276,-42.9716217,136.367818,0
steep-crossover,complex-minimax,48000,129,1024,16,16500,-178.609828,-43.3793082,143.487527,0
steep-crossover,complex-minimax,48000,129,1024,16,16546.875,-173.733418,-43.1250328,138.962203,0
steep-crossover,complex-minimax,48000,129,1024,16,16593.75,-175.332469,-42.4314628,127.890046,0
steep-crossover,complex-minimax,48000,129,1024,16,16640.625,-188.810018,-41.7866478,119.065685,0
steep-crossover,complex-minimax,48000,129,1024,16,16687.5,-178.526264,-41.5022101,115.566,0
steep-crossover,complex-minimax,48000,129,1024,16,16734.375,-173.856343,-41.6782024,117.691156,0
steep-crossover,complex-minimax,48000,129,1024,16,16781.25,-175.427282,-42.2557925,125.32318,0
steep-crossover,complex-minimax,48000,129,1024,16,16828.125,-188.021106,-42.9812456,136.46886,0
steep-crossover,complex-minimax,48000,129,1024,16,16875,-179.276109,-43.3853684,143.533284,0
steep-crossover,complex-minimax,48000,129,1024,16,16921.875,-174.451979,-43.1253601,138.906673,0
steep-crossover,complex-minimax,48000,129,1024,16,16968.75,-176.08109,-42.4288648,127.80018,0
steep-crossover,complex-minimax,48000,129,1024,16,17015.625,-189.707734,-41.7848299,118.998632,0
steep-crossover,complex-minimax,48000,129,1024,16,17062.5,-179.219677,-41.5033563,115.538856,0
steep-crossover,complex-minimax,48000,129,1024,16,17109.375,-174.592352,-41.6831535,117.710294,0
steep-crossover,complex-minimax,48000,129,1024,16,17156.25,-176.202909,-42.264114,125.392864,0
steep-crossover,complex-minimax,48000,129,1024,16,17203.125,-189.04204,-42.9904663,136.566296,0
steep-crossover,complex-minimax,48000,129,1024,16,17250,-179.916319,-43.3910971,143.576287,0
steep-crossover,complex-minimax,48000,129,1024,16,17296.875,-175.163224,-43.1255602,138.85209,0
steep-crossover,complex-minimax,48000,129,1024,16,17343.75,-176.837008,-42.426291,127.713428,0
steep-crossover,complex-minimax,48000,129,1024,16,17390.625,-190.706798,-41.7830523,118.934432,0
steep-crossover,complex-minimax,48000,129,1024,16,17437.5,-179.882674,-41.5044619,115.513363,0
steep-crossover,complex-minimax,48000,129,1024,16,17484.375,-175.319216,-41.6879336,117.72954,0
steep-crossover,complex-minimax,48000,129,1024,16,17531.25,-176.984262,-42.2721254,125.460796,0
steep-crossover,complex-minimax,48000,129,1024,16,17578.125,-190.153666,-42.9992929,136.660315,0
steep-crossover,complex-minimax,48000,129,1024,16,17625,-180.529815,-43.3964941,143.616585,0
steep-crossover,complex-minimax,48000,129,1024,16,17671.875,-175.868484,-43.1256205,138.798288,0
steep-crossover,complex-minimax,48000,129,1024,16,17718.75,-177.603422,-42.4237242,127.629563,0
steep-crossover,complex-minimax,48000,129,1024,16,17765.625,-191.831033,-41.7813017,118.872938,0
steep-crossover,complex-minimax,48000,129,1024,16,17812.5,-180.515061,-41.5055219,115.489487,0
steep-crossover,complex-minimax,48000,129,1024,16,17859.375,-176.038623,-41.6925469,117.748974,0
steep-crossover,complex-minimax,48000,129,1024,16,17906.25,-177.775168,-42.2798372,125.527145,0
steep-crossover,complex-minimax,48000,129,1024,16,17953.125,-191.384284,-43.0077356,136.751106,0
steep-crossover,complex-minimax,48000,129,1024,16,18000,-181.115873,-43.4015607,143.654231,0
steep-crossover,complex-minimax,48000,129,1024,16,18046.875,-176.569167,-43.1255305,138.745113,0
steep-crossover,complex-minimax,48000,129,1024,16,18093.75,-178.384051,-42.4211488,127.548369,0
steep-crossover,complex-minimax,48000,129,1024,16,18140.625,-193.11604,-41.7795662,118.814008,0
steep-crossover,complex-minimax,48000,129,1024,16,18187.5,-181.116498,-41.5065328,115.467196,0
steep-crossover,complex-minimax,48000,129,1024,16,18234.375,-176.752296,-41.6969986,117.768669,0
steep-crossover,complex-minimax,48000,129,1024,16,18281.25,-178.57997,-42.2872611,125.592079,0
steep-crossover,complex-minimax,48000,129,1024,16,18328.125,-192.77476,-43.0158065,136.838862,0
steep-crossover,complex-minimax,48000,129,1024,16,18375,-181.673693,-43.4063008,143.689291,0
steep-crossover,complex-minimax,48000,129,1024,16,18421.875,-177.266773,-43.1252824,138.692427,0
steep-crossover,complex-minimax,48000,129,1024,16,18468.75,-179.183277,-42.4185518,127.469642,0
steep-crossover,complex-minimax,48000,129,1024,16,18515.625,-194.617038,-41.777836,118.757503,0
steep-crossover,complex-minimax,48000,129,1024,16,18562.5,-181.686508,-41.507492,115.446451,0
steep-crossover,complex-minimax,48000,129,1024,16,18609.375,-177.462023,-41.7012946,117.78869,0
steep-crossover,complex-minimax,48000,129,1024,16,18656.25,-179.403693,-42.2944096,125.655752,0
steep-crossover,complex-minimax,48000,129,1024,16,18703.125,-194.387637,-43.0235188,136.923771,0
steep-crossover,complex-minimax,48000,129,1024,16,18750,-182.202403,-43.4107203,143.721843,0
steep-crossover,complex-minimax,48000,129,1024,16,18796.875,-177.962916,-43.124871,138.640114,0
steep-crossover,complex-minimax,48000,129,1024,16,18843.75,-180.006326,-42.4159225,127.393196,0
steep-crossover,complex-minimax,48000,129,1024,16,18890.625,-196.425044,-41.7761026,118.703292,0
steep-crossover,complex-minimax,48000,129,1024,16,18937.5,-182.224491,-41.5083979,115.427211,0
steep-crossover,complex-minimax,48000,129,1024,16,18984.375,-178.169676,-41.7054412,117.80909,0
steep-crossover,complex-minimax,48000,129,1024,16,19031.25,-180.252276,-42.3012948,125.718308,0
steep-crossover,complex-minimax,48000,129,1024,16,19078.125,-196.326329,-43.0308859,137.006011,0
steep-crossover,complex-minimax,48000,129,1024,16,19125,-182.70106,-43.4148258,143.751966,0
steep-crossover,complex-minimax,48000,129,1024,16,19171.875,-178.659345,-43.1242926,138.588073,0
steep-crossover,complex-minimax,48000,129,1024,16,19218.75,-180.859534,-42.4132517,127.31886,0
steep-crossover,complex-minimax,48000,129,1024,16,19265.625,-198.704807,-41.7743586,118.651252,0
steep-crossover,complex-minimax,48000,129,1024,16,19312.5,-182.729742,-41.509249,115.409438,0
steep-crossover,complex-minimax,48000,129,1024,16,19359.375,-178.877253,-41.7094436,117.829919,0
steep-crossover,complex-minimax,48000,129,1024,16,19406.25,-181.13288,-42.3079275,125.779875,0
steep-crossover,complex-minimax,48000,129,1024,16,19453.125,-198.781467,-43.0379192,137.085741,0
steep-crossover,complex-minimax,48000,129,1024,16,19500,-183.16866,-43.4186226,143.779725,0
steep-crossover,complex-minimax,48000,129,1024,16,19546.875,-179.357975,-43.1235431,138.536208,0
steep-crossover,complex-minimax,48000,129,1024,16,19593.75,-181.750713,-42.4105307,127.246482,0
steep-crossover,complex-minimax,48000,129,1024,16,19640.625,-201.802668,-41.7725971,118.601278,0
steep-crossover,complex-minimax,48000,129,1024,16,19687.5,-183.20146,-41.5100435,115.393102,0
steep-crossover,complex-minimax,48000,129,1024,16,19734.375,-179.58691,-41.7133063,117.851224,0
steep-crossover,complex-minimax,48000,129,1024,16,19781.25,-182.054326,-42.3143167,125.840572,0
steep-crossover,complex-minimax,48000,129,1024,16,19828.125,-202.169785,-43.0446277,137.163098,0
steep-crossover,complex-minimax,48000,129,1024,16,19875,-183.604152,-43.4221136,143.805168,0
steep-crossover,complex-minimax,48000,129,1024,16,19921.875,-180.060924,-43.1226169,138.484422,0
steep-crossover,complex-minimax,48000,129,1024,16,19968.75,-182.689686,-42.4077501,127.175918,0
steep-crossover,complex-minimax,48000,129,1024,16,20015.625,-206.674646,-41.7708106,118.553273,0
steep-crossover,complex-minimax,48000,129,1024,16,20062.5,-183.638773,-41.5107792,115.378181,0
steep-crossover,complex-minimax,48000,129,1024,16,20109.375,-180.301004,-41.7170327,117.87306,0
steep-crossover,complex-minimax,48000,129,1024,16,20156.25,-183.027739,-42.3204695,125.900513,0
steep-crossover,complex-minimax,48000,129,1024,16,20203.125,-207.747074,-43.0510179,137.238206,0
steep-crossover,complex-minimax,48000,129,1024,16,20250,-184.00645,-43.4252989,143.828317,0
steep-crossover,complex-minimax,48000,129,1024,16,20296.875,-180.770562,-43.1215062,138.432605,0
steep-crossover,complex-minimax,48000,129,1024,16,20343.75,-183.689082,-42.4048992,127.107029,0
steep-crossover,complex-minimax,48000,129,1024,16,20390.625,-218.911518,-41.7689909,118.507151,0
steep-crossover,complex-minimax,48000,129,1024,16,20437.5,-184.040755,-41.5114531,115.36466,0
steep-crossover,complex-minimax,48000,129,1024,16,20484.375,-181.022154,-41.7206253,117.895479,0
steep-crossover,complex-minimax,48000,129,1024,16,20531.25,-184.067517,-42.3263923,125.95981,0
steep-crossover,complex-minimax,48000,129,1024,16,20578.125,-227.581334,-43.0570956,137.311181,0
steep-crossover,complex-minimax,48000,129,1024,16,20625,-184.374449,-43.4281782,143.849199,0
steep-crossover,complex-minimax,48000,129,1024,16,20671.875,-181.489567,-43.1202039,138.380661,0
steep-crossover,complex-minimax,48000,129,1024,16,20718.75,-184.765566,-42.4019679,127.039691,0
steep-crossover,complex-minimax,48000,129,1024,16,20765.625,-212.411141,-41.7671304,118.462836,0
steep-crossover,complex-minimax,48000,129,1024,16,20812.5,-184.406448,-41.5120622,115.352527,0
steep-crossover,complex-minimax,48000,129,1024,16,20859.375,-181.753304,-41.7240855,117.918532,0
steep-crossover,complex-minimax,48000,129,1024,16,20906.25,-185.192848,-42.3320886,126.018554,0
steep-crossover,complex-minimax,48000,129,1024,16,20953.125,-209.71185,-43.0628626,137.382095,0
steep-crossover,complex-minimax,48000,129,1024,16,21000,-184.70705,-43.430748,143.867786,0
steep-crossover,complex-minimax,48000,129,1024,16,21046.875,-182.220998,-43.1187011,138.328472,0
steep-crossover,complex-minimax,48000,129,1024,16,21093.75,-185.941823,-42.3989477,126.973788,0
steep-crossover,complex-minimax,48000,129,1024,16,21140.625,-204.492853,-41.765225,118.420275,0
steep-crossover,complex-minimax,48000,129,1024,16,21187.5,-184.734889,-41.5126086,115.341806,0
steep-crossover,complex-minimax,48000,129,1024,16,21234.375,-182.497816,-41.7274214,117.942317,0
steep-crossover,complex-minimax,48000,129,1024,16,21281.25,-186.43021,-42.3375699,126.076903,0
steep-crossover,complex-minimax,48000,129,1024,16,21328.125,-203.126517,-43.0683278,137.451099,0
steep-crossover,complex-minimax,48000,129,1024,16,21375,-185.003173,-43.4330077,143.884088,0
steep-crossover,complex-minimax,48000,129,1024,16,21421.875,-182.968402,-43.1169874,138.275888,0
steep-crossover,complex-minimax,48000,129,1024,16,21468.75,-187.249918,-42.3958246,126.909143,0
steep-crossover,complex-minimax,48000,129,1024,16,21515.625,-200.376541,-41.7632637,118.379354,0
steep-crossover,complex-minimax,48000,129,1024,16,21562.5,-185.025134,-41.5130876,115.33246,0
steep-crossover,complex-minimax,48000,129,1024,16,21609.375,-183.259578,-41.7306351,117.966873,0
steep-crossover,complex-minimax,48000,129,1024,16,21656.25,-187.81774,-42.3428436,126.134968,0
steep-crossover,complex-minimax,48000,129,1024,16,21703.125,-199.394104,-43.0734999,137.518328,0
steep-crossover,complex-minimax,48000,129,1024,16,21750,-185.26179,-43.4349615,143.898164,0
steep-crossover,complex-minimax,48000,129,1024,16,21796.875,-183.735939,-43.11506,138.222841,0
steep-crossover,complex-minimax,48000,129,1024,16,21843.75,-188.73739,-42.3925924,126.845646,0
steep-crossover,complex-minimax,48000,129,1024,16,21890.625,-197.554828,-41.7612418,118.339995,0
steep-crossover,complex-minimax,48000,129,1024,16,21937.5,-185.276281,-41.5134988,115.324468,0
steep-crossover,complex-minimax,48000,129,1024,16,21984.375,-184.043161,-41.733731,117.992241,0
steep-crossover,complex-minimax,48000,129,1024,16,22031.25,-189.413396,-42.347918,126.192845,0
steep-crossover,complex-minimax,48000,129,1024,16,22078.125,-196.759921,-43.0783874,137.583895,0
steep-crossover,complex-minimax,48000,129,1024,16,22125,-185.481938,-43.4366133,143.910051,0
steep-crossover,complex-minimax,48000,129,1024,16,22171.875,-184.528553,-43.1129162,138.169256,0
steep-crossover,complex-minimax,48000,129,1024,16,22218.75,-190.479254,-42.3892456,126.783187,0
steep-crossover,complex-minimax,48000,129,1024,16,22265.625,-195.390007,-41.7591555,118.302125,0
steep-crossover,complex-minimax,48000,129,1024,16,22312.5,-185.487503,-41.5138423,115.317814,0
steep-crossover,complex-minimax,48000,129,1024,16,22359.375,-184.854015,-41.7367141,118.018466,0
steep-crossover,complex-minimax,48000,129,1024,16,22406.25,-191.311835,-42.3528011,126.250631,0
steep-crossover,complex-minimax,48000,129,1024,16,22453.125,-194.708359,-43.0829981,137.647905,0
steep-crossover,complex-minimax,48000,129,1024,16,22500,-185.662757,-43.4379657,143.919776,0
steep-crossover,complex-minimax,48000,129,1024,16,22546.875,-185.352218,-43.1105527,138.115058,0
steep-crossover,complex-minimax,48000,129,1024,16,22593.75,-192.604457,-42.3857784,126.721665,0
steep-crossover,complex-minimax,48000,129,1024,16,22640.625,-193.620957,-41.7570009,118.265682,0
steep-crossover,complex-minimax,48000,129,1024,16,22687.5,-185.658067,-41.5141184,115.312492,0
steep-crossover,complex-minimax,48000,129,1024,16,22734.375,-185.698756,-41.7395887,118.045596,0
steep-crossover,complex-minimax,48000,129,1024,16,22781.25,-193.684126,-42.3575002,126.308422,0
steep-crossover,complex-minimax,48000,129,1024,16,22828.125,-193.015978,-43.0873381,137.710452,0
steep-crossover,complex-minimax,48000,129,1024,16,22875,-185.803495,-43.4390197,143.927348,0
steep-crossover,complex-minimax,48000,129,1024,16,22921.875,-186.214268,-43.1079645,138.060157,0
steep-crossover,complex-minimax,48000,129,1024,16,22968.75,-195.364623,-42.3821843,126.660978,0
steep-crossover,complex-minimax,48000,129,1024,16,23015.625,-192.11479,-41.7547737,118.230606,0
steep-crossover,complex-minimax,48000,129,1024,16,23062.5,-185.787359,-41.5143269,115.3085,0
steep-crossover,complex-minimax,48000,129,1024,16,23109.375,-186.585561,-41.742359,118.073689,0
steep-crossover,complex-minimax,48000,129,1024,16,23156.25,-196.891905,-42.3620216,126.366318,0
steep-crossover,complex-minimax,48000,129,1024,16,23203.125,-191.565458,-43.0914124,137.771626,0
steep-crossover,complex-minimax,48000,129,1024,16,23250,-185.903545,-43.4397743,143.932763,0
steep-crossover,complex-minimax,48000,129,1024,16,23296.875,-187.123882,-43.105145,138.004455,0
steep-crossover,complex-minimax,48000,129,1024,16,23343.75,-199.366162,-42.3784551,126.60102,0
steep-crossover,complex-minimax,48000,129,1024,16,23390.625,-190.794519,-41.7524686,118.196842,0
steep-crossover,complex-minimax,48000,129,1024,16,23437.5,-185.874907,-41.514467,115.305841,0
steep-crossover,complex-minimax,48000,129,1024,16,23484.375,-187.524736,-41.7450283,118.102802,0
steep-crossover,complex-minimax,48000,129,1024,16,23531.25,-201.950751,-42.3663712,126.424421,0
steep-crossover,complex-minimax,48000,129,1024,16,23578.125,-190.287453,-43.0952247,137.831514,0
steep-crossover,complex-minimax,48000,129,1024,16,23625,-185.962445,-43.4402274,143.936008,0
steep-crossover,complex-minimax,48000,129,1024,16,23671.875,-188.092771,-43.1020862,137.947849,0
steep-crossover,complex-minimax,48000,129,1024,16,23718.75,-206.908234,-42.3745821,126.541686,0
steep-crossover,complex-minimax,48000,129,1024,16,23765.625,-189.611457,-41.7500798,118.164335,0
steep-crossover,complex-minimax,48000,129,1024,16,23812.5,-185.920332,-41.5145376,115.304521,0
steep-crossover,complex-minimax,48000,129,1024,16,23859.375,-188.529356,-41.7476001,118.133002,0
steep-crossover,complex-minimax,48000,129,1024,16,23906.25,-215.292393,-42.3705544,126.48284,0
steep-crossover,complex-minimax,48000,129,1024,16,23953.125,-189.138391,-43.0987783,137.890206,0
steep-crossover,complex-minimax,48000,129,1024,16,24000,-185.98089,-43.440375,143.937058,0
steep-crossover,minphase-truncation,48000,129,1024,0,0,-3.85730987e-15,-0.0462026932,44.4283985,1
steep-crossover,minphase-truncation,48000,129,1024,0,46.875,-0.000291537914,-0.0417715604,44.5382543,1
steep-crossover,minphase-truncation,48000,129,1024,0,93.75,-0.00113003275,-0.0290813425,44.8732156,0.999999929
steep-crossover,minphase-truncation,48000,129,1024,0,140.625,-0.00263408224,-0.0102448589,45.4450533,0.999998177
steep-crossover,minphase-truncation,48000,129,1024,0,187.5,-0.00572254555,0.010372037,46.2610015,0.99998179
steep-crossover,minphase-truncation,48000,129,1024,0,234.375,-0.0130662303,0.0253783684,47.312083,0.999891466
steep-crossover,minphase-truncation,48000,129,1024,0,281.25,-0.0301492651,0.0239937213,48.5667061,0.99953345
steep-crossover,minphase-truncation,48000,129,1024,0,328.125,-0.0661798116,-0.00767727957,49.9724505,0.998400062
steep-crossover,minphase-truncation,48000,129,1024,0,375,-0.134589539,-0.0858071101,51.4644988,0.995354378
steep-crossover,minphase-truncation,48000,129,1024,0,421.875,-0.252951074,-0.227744622,52.9763159,0.9881451
steep-crossover,minphase-truncation,48000,129,1024,0,468.75,-0.442300877,-0.450994465,54.4483067,0.972781625
steep-crossover,minphase-truncation,48000,129,1024,0,515.625,-0.72601559,-0.772511974,55.8322989,0.942995292
steep-crossover,minphase-truncation,48000,129,1024,0,562.5,-1.12848283,-1.20839508,57.0918875,0.890434335
steep-crossover,minphase-truncation,48000,129,1024,0,609.375,-1.67380255,-1.77393967,58.1998123,0
steep-crossover,minphase-truncation,48000,129,1024,0,656.25,-2.38467326,-2.48397569,59.1335908,0
steep-crossover,minphase-truncation,48000,129,1024,0,703.125,-3.28150617,-3.35340416,59.8700615,0
steep-crossover,minphase-truncation,48000,129,1024,0,750,-4.38171113,-4.39788301,60.3787059,0
steep-crossover,minphase-truncation,48000,129,1024,0,796.875,-5.69903068,-5.63464096,60.6126701,0
steep-crossover,minphase-truncation,48000,129,1024,0,843.75,-7.24276397,-7.08341553,60.4950737,0
steep-crossover,minphase-truncation,48000,129,1024,0,890.625,-9.01671693,-8.76748369,59.8958132,0
steep-crossover,minphase-truncation,48000,129,1024,0,937.5,-11.0177481,-10.7145999,58.5894675,0
steep-crossover,minphase-truncation,48000,129,1024,0,984.375,-13.2338838,-12.957103,56.176422,0
steep-crossover,minphase-truncation,48000,129,1024,0,1031.25,-15.6422215,-15.5286067,51.9393074,0
steep-crossover,minphase-truncation,48000,129,1024,0,1078.125,-18.2072978,-18.4486825,44.63742,0
steep-crossover,minphase-truncation,48000,129,1024,0,1125,-20.8812492,-21.6694747,32.6040768,0
steep-crossover,minphase-truncation,48000,129,1024,0,1171.875,-23.6075553,-24.932307,16.301842,0
steep-crossover,minphase-truncation,48000,129,1024,0,1218.75,-26.3295173,-27.6165674,6.09690219,0
steep-crossover,minphase-truncation,48000,129,1024,0,1265.625,-29.0019794,-29.2249916,15.0636036,0
steep-crossover,minphase-truncation,48000,129,1024,0,1312.5,-31.6010553,-30.1965718,33.4766251,0
steep-crossover,minphase-truncation,48000,129,1024,0,1359.375,-34.1254551,-31.3032032,48.8887378,0
steep-crossover,minphase-truncation,48000,129,1024,0,1406.25,-36.5873185,-33.0156287,59.9924352,0
steep-crossover,minphase-truncation,48000,129,1024,0,1453.125,-38.9975159,-35.6586146,69.4134053,0
steep-crossover,minphase-truncation,48000,129,1024,0,1500,-41.3541593,-39.7561305,82.6929346,0
steep-crossover,minphase-truncation,48000,129,1024,0,1546.875,-43.6412487,-46.9013581,136.828694,0
steep-crossover,minphase-truncation,48000,129,1024,0,1593.75,-45.8387504,-55.8195092,474.497938,0
steep-crossover,minphase-truncation,48000,129,1024,0,1640.625,-47.9381929,-46.556355,113.261993,0
steep-crossover,minphase-truncation,48000,129,1024,0,1687.5,-49.9527058,-43.1277752,93.458132,0
steep-crossover,minphase-truncation,48000,129,1024,0,1734.375,-51.9128542,-41.9704778,93.2724585,0
steep-crossover,minphase-truncation,48000,129,1024,0,1781.25,-53.8497041,-42.0835946,98.8386848,0
steep-crossover,minphase-truncation,48000,129,1024,0,1828.125,-55.7756464,-43.0963893,109.638478,0
steep-crossover,minphase-truncation,48000,129,1024,0,1875,-57.6749185,-44.7255403,127.288994,0
steep-crossover,minphase-truncation,48000,129,1024,0,1921.875,-59.5111208,-46.4263893,148.840035,0
steep-crossover,minphase-truncation,48000,129,1024,0,1968.75,-61.2505863,-47.2704494,156.234903,0
steep-crossover,minphase-truncation,48000,129,1024,0,2015.625,-62.8887078,-46.963435,142.525252,0
steep-crossover,minphase-truncation,48000,129,1024,0,2062.5,-64.4594984,-46.2890466,127.60682,0
steep-crossover,minphase-truncation,48000,129,1024,0,2109.375,-66.0187338,-45.8782568,120.231669,0
steep-crossover,minphase-truncation,48000,129,1024,0,2156.25,-67.6111705,-45.9010927,119.352305,0
steep-crossover,minphase-truncation,48000,129,1024,0,2203.125,-69.2419033,-46.3049009,122.984931,0
steep-crossover,minphase-truncation,48000,129,1024,0,2250,-70.8677039,-46.9247277,129.091655,0
steep-crossover,minphase-truncation,48000,129,1024,0,2296.875,-72.4168761,-47.5223811,134.605777,0
steep-crossover,minphase-truncation,48000,129,1024,0,2343.75,-73.8341012,-47.8830427,136.219711,0
steep-crossover,minphase-truncation,48000,129,1024,0,2390.625,-75.124093,-47.9631454,133.541,0
steep-crossover,minphase-truncation,48000,129,1024,0,2437.5,-76.3572369,-47.9019357,129.393706,0
steep-crossover,minphase-truncation,48000,129,1024,0,2484.375,-77.6292569,-47.873719,126.477238,0
steep-crossover,minphase-truncation,48000,129,1024,0,2531.25,-79.0047427,-47.9764459,125.770242,0
steep-crossover,minphase-truncation,48000,129,1024,0,2578.125,-80.4768427,-48.2161969,126.993447,0
steep-crossover,minphase-truncation,48000,129,1024,0,2625,-81.9599121,-48.5320889,129.166605,0
steep-crossover,minphase-truncation,48000,129,1024,0,2671.875,-83.3272409,-48.8342933,130.99222,0
steep-crossover,minphase-truncation,48000,129,1024,0,2718.75,-84.4916445,-49.0526041,131.480283,0
steep-crossover,minphase-truncation,48000,129,1024,0,2765.625,-85.4779816,-49.175037,130.587202,0
steep-crossover,minphase-truncation,48000,129,1024,0,2812.5,-86.4169055,-49.2451659,129.120062,0
steep-crossover,minphase-truncation,48000,129,1024,0,2859.375,-87.4632662,-49.3233975,128.001926,0
steep-crossover,minphase-truncation,48000,129,1024,0,2906.25,-88.7081445,-49.4494137,127.717463,0
steep-crossover,minphase-truncation,48000,129,1024,0,2953.125,-90.1269629,-49.6275576,128.220323,0
steep-crossover,minphase-truncation,48000,129,1024,0,3000,-91.5719698,-49.8327575,129.087136,0
steep-crossover,minphase-truncation,48000,129,1024,0,3046.875,-92.8318702,-50.0285389,129.773449,0
steep-crossover,minphase-truncation,48000,129,1024,0,3093.75,-93.7712955,-50.1883939,129.914835,0
steep-crossover,minphase-truncation,48000,129,1024,0,3140.625,-94.4528388,-50.3092919,129.520779,0
steep-crossover,minphase-truncation,48000,129,1024,0,3187.5,-95.1016871,-50.4093247,128.908312,0
steep-crossover,minphase-truncation,48000,129,1024,0,3234.375,-95.9541975,-50.5131995,128.449985,0
steep-crossover,minphase-truncation,48000,129,1024,0,3281.25,-97.1342565,-50.6372555,128.354955,0
steep-crossover,minphase-truncation,48000,129,1024,0,3328.125,-98.5945806,-50.7825103,128.598413,0
steep-crossover,minphase-truncation,48000,129,1024,0,3375,-100.102379,-50.9370712,128.980417,0
steep-crossover,minphase-truncation,48000,129,1024,0,3421.875,-101.318076,-51.0847623,129.25783,0
steep-crossover,minphase-truncation,48000,129,1024,0,3468.75,-102.031347,-51.2147877,129.284217,0
steep-crossover,minphase-truncation,48000,129,1024,0,3515.625,-102.371624,-51.3270252,129.08047,0
steep-crossover,minphase-truncation,48000,129,1024,0,3562.5,-102.707252,-51.4303332,128.795334,0
steep-crossover,minphase-truncation,48000,129,1024,0,3609.375,-103.379395,-51.5359631,128.596431,0
steep-crossover,minphase-truncation,48000,129,1024,0,3656.25,-104.54929,-51.6508751,128.573369,0
steep-crossover,minphase-truncation,48000,129,1024,0,3703.125,-106.145865,-51.7746917,128.703845,0
steep-crossover,minphase-truncation,48000,129,1024,0,3750,-107.828783,-51.9011647,128.884631,0
steep-crossover,minphase-truncation,48000,129,1024,0,3796.875,-109.065747,-52.0226003,129.000373,0
steep-crossover,minphase-truncation,48000,129,1024,0,3843.75,-109.525739,-52.1344419,128.99025,0
steep-crossover,minphase-truncation,48000,129,1024,0,3890.625,-109.454777,-52.2374122,128.875,0
steep-crossover,minphase-truncation,48000,129,1024,0,3937.5,-109.43311,-52.3362956,128.732276,0
steep-crossover,minphase-truncation,48000,129,1024,0,3984.375,-109.926191,-52.4365836,128.642871,0
steep-crossover,minphase-truncation,48000,129,1024,0,4031.25,-111.13296,-52.5412788,128.644719,0
steep-crossover,minphase-truncation,48000,129,1024,0,4078.125,-112.965495,-52.6496203,128.718735,0
steep-crossover,minphase-truncation,48000,129,1024,0,4125,-114.961552,-52.7581062,128.808114,0
steep-crossover,minphase-truncation,48000,129,1024,0,4171.875,-116.301116,-52.8628993,128.855671,0
steep-crossover,minphase-truncation,48000,129,1024,0,4218.75,-116.450321,-52.9620853,128.836528,0
steep-crossover,minphase-truncation,48000,129,1024,0,4265.625,-115.860483,-53.0565122,128.767898,0
steep-crossover,minphase-truncation,48000,129,1024,0,4312.5,-115.420686,-53.1489167,128.693006,0
steep-crossover,minphase-truncation,48000,129,1024,0,4359.375,-115.727825,-53.2420935,128.652385,0
steep-crossover,minphase-truncation,48000,129,1024,0,4406.25,-117.011309,-53.3373057,128.661201,0
steep-crossover,minphase-truncation,48000,129,1024,0,4453.125,-119.18602,-53.4338015,128.704361,0
steep-crossover,minphase-truncation,48000,129,1024,0,4500,-121.676664,-53.529543,128.749321,0
steep-crossover,minphase-truncation,48000,129,1024,0,4546.875,-123.236653,-53.6225674,128.767046,0
steep-crossover,minphase-truncation,48000,129,1024,0,4593.75,-122.972223,-53.7121219,128.748274,0
steep-crossover,minphase-truncation,48000,129,1024,0,4640.625,-121.707241,-53.7989481,128.706207,0
steep-crossover,minphase-truncation,48000,129,1024,0,4687.5,-120.775177,-53.8846611,128.665787,0
steep-crossover,minphase-truncation,48000,129,1024,0,4734.375,-120.884466,-53.9707101,128.647661,0
steep-crossover,minphase-truncation,48000,129,1024,0,4781.25,-122.276201,-54.0575774,128.656904,0
steep-crossover,minphase-truncation,48000,129,1024,0,4828.125,-124.904649,-54.1446432,128.682206,0
steep-crossover,minphase-truncation,48000,129,1024,0,4875,-128.142065,-54.230701,128.704538,0
steep-crossover,minphase-truncation,48000,129,1024,0,4921.875,-130.118605,-54.3147443,128.709137,0
steep-crossover,minphase-truncation,48000,129,1024,0,4968.75,-129.254577,-54.3965359,128.693533,0
steep-crossover,minphase-truncation,48000,129,1024,0,5015.625,-127.08735,-54.4766563,128.667393,0
steep-crossover,minphase-truncation,48000,129,1024,0,5062.5,-125.578772,-54.5560702,128.645312,0
steep-crossover,minphase-truncation,48000,129,1024,0,5109.375,-125.476069,-54.6355252,128.637687,0
steep-crossover,minphase-truncation,48000,129,1024,0,5156.25,-126.997768,-54.715156,128.645233,0
steep-crossover,minphase-truncation,48000,129,1024,0,5203.125,-130.193348,-54.7944938,128.659809,0
steep-crossover,minphase-truncation,48000,129,1024,0,5250,-134.549763,-54.8728256,128.670265,0
steep-crossover,minphase-truncation,48000,129,1024,0,5296.875,-137.325213,-54.9496492,128.669315,0
steep-crossover,minphase-truncation,48000,129,1024,0,5343.75,-135.488276,-55.0249488,128.657306,0
steep-crossover,minphase-truncation,48000,129,1024,0,5390.625,-132.075384,-55.0991513,128.641058,0
steep-crossover,minphase-truncation,48000,129,1024,0,5437.5,-129.898843,-55.1728281,128.629049,0
steep-crossover,minphase-truncation,48000,129,1024,0,5484.375,-129.570206,-55.2463513,128.626244,0
steep-crossover,minphase-truncation,48000,129,1024,0,5531.25,-131.232718,-55.3197086,128.63164,0
steep-crossover,minphase-truncation,48000,129,1024,0,5578.125,-135.105183,-55.3925669,128.639597,0
steep-crossover,minphase-truncation,48000,129,1024,0,5625,-141.177808,-55.4645151,128.643725,0
steep-crossover,minphase-truncation,48000,129,1024,0,5671.875,-145.701007,-55.535323,128.64073,0
steep-crossover,minphase-truncation,48000,129,1024,0,5718.75,-141.955723,-55.6050599,128.631967,0
steep-crossover,minphase-truncation,48000,129,1024,0,5765.625,-136.7338,-55.6740229,128.62205,0
steep-crossover,minphase-truncation,48000,129,1024,0,5812.5,-133.792941,-55.7425384,128.615711,0
steep-crossover,minphase-truncation,48000,129,1024,0,5859.375,-133.226559,-55.8107727,128.614985,0
steep-crossover,minphase-truncation,48000,129,1024,0,5906.25,-135.02987,-55.8786603,128.618345,0
steep-crossover,minphase-truncation,48000,129,1024,0,5953.125,-139.678474,-55.9459795,128.622064,0
steep-crossover,minphase-truncation,48000,129,1024,0,6000,-148.570487,-56.0125112,128.62272,0
steep-crossover,minphase-truncation,48000,129,1024,0,6046.875,-158.971433,-56.0781758,128.619206,0
steep-crossover,minphase-truncation,48000,129,1024,0,6093.75,-149.220805,-56.1430688,128.613107,0
steep-crossover,minphase-truncation,48000,129,1024,0,6140.625,-141.116846,-56.2073859,128.607404,0
steep-crossover,minphase-truncation,48000,129,1024,0,6187.5,-137.311708,-56.2712971,128.60449,0
steep-crossover,minphase-truncation,48000,129,1024,0,6234.375,-136.499154,-56.3348512,128.604781,0
steep-crossover,minphase-truncation,48000,129,1024,0,6281.25,-138.433598,-56.3979661,128.606702,0
steep-crossover,minphase-truncation,48000,129,1024,0,6328.125,-143.939706,-56.4605003,128.607886,0
steep-crossover,minphase-truncation,48000,129,1024,0,6375,-158.410887,-56.5223527,128.606732,0
steep-crossover,minphase-truncation,48000,129,1024,0,6421.875,-161.936844,-56.5835249,128.603301,0
steep-crossover,minphase-truncation,48000,129,1024,0,6468.75,-159.07926,-56.6441134,128.599094,0
steep-crossover,minphase-truncation,48000,129,1024,0,6515.625,-145.273487,-56.7042424,128.595946,0
steep-crossover,minphase-truncation,48000,129,1024,0,6562.5,-140.500422,-56.7639873,128.594834,0
steep-crossover,minphase-truncation,48000,129,1024,0,6609.375,-139.437207,-56.8233366,128.59535,0
steep-crossover,minphase-truncation,48000,129,1024,0,6656.25,-141.48565,-56.8822137,128.596103,0
steep-crossover,minphase-truncation,48000,129,1024,0,6703.125,-147.905809,-56.9405373,128.595708,0
steep-crossover,minphase-truncation,48000,129,1024,0,6750,-183.965448,-56.9982793,128.593683,0
steep-crossover,minphase-truncation,48000,129,1024,0,6796.875,-155.611344,-57.0554832,128.590682,0
steep-crossover,minphase-truncation,48000,129,1024,0,6843.75,-179.949341,-57.1122331,128.58798,0
steep-crossover,minphase-truncation,48000,129,1024,0,6890.625,-149.24986,-57.1685992,128.586583,0
steep-crossover,minphase-truncation,48000,129,1024,0,6937.5,-143.399749,-57.224595,128.586581,0
steep-crossover,minphase-truncation,48000,129,1024,0,6984.375,-142.085264,-57.2801754,128.587133,0
steep-crossover,minphase-truncation,48000,129,1024,0,7031.25,-144.225767,-57.3352729,128.587065,0
steep-crossover,minphase-truncation,48000,129,1024,0,7078.125,-151.58626,-57.3898479,128.585658,0
steep-crossover,minphase-truncation,48000,129,1024,0,7125,-163.468829,-57.4439181,128.583109,0
steep-crossover,minphase-truncation,48000,129,1024,0,7171.875,-154.085514,-57.4975502,128.580378,0
steep-crossover,minphase-truncation,48000,129,1024,0,7218.75,-162.991099,-57.5508191,128.578543,0
steep-crossover,minphase-truncation,48000,129,1024,0,7265.625,-153.091672,-57.6037628,128.578106,0
steep-crossover,minphase-truncation,48000,129,1024,0,7312.5,-146.046068,-57.6563623,128.578679,0
steep-crossover,minphase-truncation,48000,129,1024,0,7359.375,-144.483106,-57.7085574,128.579253,0
steep-crossover,minphase-truncation,48000,129,1024,0,7406.25,-146.691562,-57.7602894,128.578849,0
steep-crossover,minphase-truncation,48000,129,1024,0,7453.125,-154.985315,-57.8115409,128.577137,0
steep-crossover,minphase-truncation,48000,129,1024,0,7500,-160.59857,-57.8623491,128.574627,0
steep-crossover,minphase-truncation,48000,129,1024,0,7546.875,-153.874517,-57.9127842,128.572325,0
steep-crossover,minphase-truncation,48000,129,1024,0,7593.75,-160.082322,-57.9629079,128.571095,0
steep-crossover,minphase-truncation,48000,129,1024,0,7640.625,-156.847049,-58.0127381,128.571125,0
steep-crossover,minphase-truncation,48000,129,1024,0,7687.5,-148.471656,-58.0622415,128.571826,0
steep-crossover,minphase-truncation,48000,129,1024,0,7734.375,-146.665723,-58.1113591,128.572224,0
steep-crossover,minphase-truncation,48000,129,1024,0,7781.25,-148.918068,-58.1600451,128.571571,0
steep-crossover,minphase-truncation,48000,129,1024,0,7828.125,-158.104519,-58.2082982,128.569799,0
steep-crossover,minphase-truncation,48000,129,1024,0,7875,-159.866142,-58.2561631,128.567542,0
steep-crossover,minphase-truncation,48000,129,1024,0,7921.875,-154.233003,-58.3037042,128.565718,0
steep-crossover,minphase-truncation,48000,129,1024,0,7968.75,-159.206092,-58.3509676,128.564961,0
steep-crossover,minphase-truncation,48000,129,1024,0,8015.625,-160.57057,-58.3979564,128.565234,0
steep-crossover,minphase-truncation,48000,129,1024,0,8062.5,-150.704865,-58.4446321,128.565884,0
steep-crossover,minphase-truncation,48000,129,1024,0,8109.375,-148.663447,-58.4909422,128.566054,0
steep-crossover,minphase-truncation,48000,129,1024,0,8156.25,-150.937262,-58.536855,128.565222,0
steep-crossover,minphase-truncation,48000,129,1024,0,8203.125,-160.945435,-58.5823806,128.563504,0
steep-crossover,minphase-truncation,48000,129,1024,0,8250,-159.956805,-58.6275652,128.561563,0
steep-crossover,minphase-truncation,48000,129,1024,0,8296.875,-154.881005,-58.672464,128.560179,0
steep-crossover,minphase-truncation,48000,129,1024,0,8343.75,-159.125351,-58.7171088,128.559772,0
steep-crossover,minphase-truncation,48000,129,1024,0,8390.625,-164.32996,-58.7614922,128.560158,0
steep-crossover,minphase-truncation,48000,129,1024,0,8437.5,-152.770359,-58.8055749,128.560681,0
steep-crossover,minphase-truncation,48000,129,1024,0,8484.375,-150.502256,-58.8493133,128.560636,0
steep-crossover,minphase-truncation,48000,129,1024,0,8531.25,-152.777749,-58.8926881,128.559695,0
steep-crossover,minphase-truncation,48000,129,1024,0,8578.125,-163.51227,-58.9357171,128.558097,0
steep-crossover,minphase-truncation,48000,129,1024,0,8625,-160.452306,-58.9784447,128.556478,0
steep-crossover,minphase-truncation,48000,129,1024,0,8671.875,-155.68654,-59.0209158,128.555469,0
steep-crossover,minphase-truncation,48000,129,1024,0,8718.75,-159.439153,-59.0631502,128.55531,0
steep-crossover,minphase-truncation,48000,129,1024,0,8765.625,-168.218746,-59.1051333,128.555722,0
steep-crossover,minphase-truncation,48000,129,1024,0,8812.5,-154.689411,-59.1468282,128.556093,0
steep-crossover,minphase-truncation,48000,129,1024,0,8859.375,-152.204199,-59.1882006,128.555867,0
steep-crossover,minphase-truncation,48000,129,1024,0,8906.25,-154.464664,-59.2292413,128.554878,0
steep-crossover,minphase-truncation,48000,129,1024,0,8953.125,-165.813924,-59.2699727,128.553437,0
steep-crossover,minphase-truncation,48000,129,1024,0,9000,-161.169283,-59.3104353,128.552123,0
steep-crossover,minphase-truncation,48000,129,1024,0,9046.875,-156.57911,-59.3506641,128.551419,0
steep-crossover,minphase-truncation,48000,129,1024,0,9093.75,-159.970632,-59.3906691,128.551425,0
steep-crossover,minphase-truncation,48000,129,1024,0,9140.625,-172.383801,-59.4304317,128.551807,0
steep-crossover,minphase-truncation,48000,129,1024,0,9187.5,-156.480247,-59.4699187,128.552024,0
steep-crossover,minphase-truncation,48000,129,1024,0,9234.375,-153.787876,-59.5091049,128.551657,0
steep-crossover,minphase-truncation,48000,129,1024,0,9281.25,-156.019774,-59.547989,128.550669,0
steep-crossover,minphase-truncation,48000,129,1024,0,9328.125,-167.865008,-59.5865955,128.549404,0
steep-crossover,minphase-truncation,48000,129,1024,0,9375,-162.013159,-59.6249599,128.548366,0
steep-crossover,minphase-truncation,48000,129,1024,0,9421.875,-157.518046,-59.6631081,128.547905,0
steep-crossover,minphase-truncation,48000,129,1024,0,9468.75,-160.628514,-59.7010423,128.54801,0
steep-crossover,minphase-truncation,48000,129,1024,0,9515.625,-177.096809,-59.7387423,128.548328,0
steep-crossover,minphase-truncation,48000,129,1024,0,9562.5,-158.158404,-59.7761798,128.548396,0
steep-crossover,minphase-truncation,48000,129,1024,0,9609.375,-155.26893,-59.8133375,128.547928,0
steep-crossover,minphase-truncation,48000,129,1024,0,9656.25,-157.461725,-59.8502203,128.546978,0
steep-crossover,minphase-truncation,48000,129,1024,0,9703.125,-169.685631,-59.886853,128.545898,0
steep-crossover,minphase-truncation,48000,129,1024,0,9750,-162.930114,-59.9232654,128.545107,0
steep-crossover,minphase-truncation,48000,129,1024,0,9796.875,-158.478702,-59.959475,128.544835,0
steep-crossover,minphase-truncation,48000,129,1024,0,9843.75,-161.361053,-59.9954784,128.544987,0
steep-crossover,minphase-truncation,48000,129,1024,0,9890.625,-182.997781,-60.0312552,128.545216,0
steep-crossover,minphase-truncation,48000,129,1024,0,9937.5,-159.737086,-60.0667826,128.545147,0
steep-crossover,minphase-truncation,48000,129,1024,0,9984.375,-156.6605,-60.1020506,128.544607,0
steep-crossover,minphase-truncation,48000,129,1024,0,10031.25,-158.806369,-60.1370687,128.543722,0
steep-crossover,minphase-truncation,48000,129,1024,0,10078.125,-171.300124,-60.1718606,128.542831,0
steep-crossover,minphase-truncation,48000,129,1024,0,10125,-163.887466,-60.20645,128.542265,0
steep-crossover,minphase-truncation,48000,129,1024,0,10171.875,-159.445672,-60.2408469,128.542142,0
steep-crossover,minphase-truncation,48000,129,1024,0,10218.75,-162.13709,-60.2750434,128.542306,0
steep-crossover,minphase-truncation,48000,129,1024,0,10265.625,-192.539002,-60.3090201,128.542428,0
steep-crossover,minphase-truncation,48000,129,1024,0,10312.5,-161.227493,-60.3427599,128.542222,0
steep-crossover,minphase-truncation,48000,129,1024,0,10359.375,-157.973644,-60.3762596,128.541618,0
steep-crossover,minphase-truncation,48000,129,1024,0,10406.25,-160.067129,-60.4095326,128.540803,0
steep-crossover,minphase-truncation,48000,129,1024,0,10453.125,-172.735165,-60.442601,128.540091,0
steep-crossover,minphase-truncation,48000,129,1024,0,10500,-164.864459,-60.4754826,128.539728,0
steep-crossover,minphase-truncation,48000,129,1024,0,10546.875,-160.409161,-60.5081807,128.539737,0
steep-crossover,minphase-truncation,48000,129,1024,0,10593.75,-162.937106,-60.5406834,128.539908,0
steep-crossover,minphase-truncation,48000,129,1024,0,10640.625,-201.278886,-60.5729725,128.539935,0
steep-crossover,minphase-truncation,48000,129,1024,0,10687.5,-162.63912,-60.6050361,128.53961,0
steep-crossover,minphase-truncation,48000,129,1024,0,10734.375,-159.217689,-60.6368768,128.538953,0
steep-crossover,minphase-truncation,48000,129,1024,0,10781.25,-161.255355,-60.6685113,128.538196,0
steep-crossover,minphase-truncation,48000,129,1024,0,10828.125,-174.017829,-60.6999603,128.537637,0
steep-crossover,minphase-truncation,48000,129,1024,0,10875,-165.847481,-60.7312369,128.53745,0
steep-crossover,minphase-truncation,48000,129,1024,0,10921.875,-161.362926,-60.7623387,128.537579,0
steep-crossover,minphase-truncation,48000,129,1024,0,10968.75,-163.748578,-60.7932507,128.537775,0
steep-crossover,minphase-truncation,48000,129,1024,0,11015.625,-190.336503,-60.8239553,128.537748,0
steep-crossover,minphase-truncation,48000,129,1024,0,11062.5,-163.98002,-60.8544442,128.537351,0
steep-crossover,minphase-truncation,48000,129,1024,0,11109.375,-160.400538,-60.884724,128.536668,0
steep-crossover,minphase-truncation,48000,129,1024,0,11156.25,-162.38066,-60.9148135,128.535961,0
steep-crossover,minphase-truncation,48000,129,1024,0,11203.125,-175.173992,-60.9447323,128.535506,0
steep-crossover,minphase-truncation,48000,129,1024,0,11250,-166.827402,-60.9744897,128.535425,0
steep-crossover,minphase-truncation,48000,129,1024,0,11296.875,-162.303032,-61.0040802,128.535611,0
steep-crossover,minphase-truncation,48000,129,1024,0,11343.75,-164.563383,-61.0334874,128.535798,0
steep-crossover,minphase-truncation,48000,129,1024,0,11390.625,-186.964509,-61.062695,128.535722,0
steep-crossover,minphase-truncation,48000,129,1024,0,11437.5,-165.257028,-61.0916978,128.535285,0
steep-crossover,minphase-truncation,48000,129,1024,0,11484.375,-161.528925,-61.1205051,128.534613,0
steep-crossover,minphase-truncation,48000,129,1024,0,11531.25,-163.451206,-61.149136,128.533976,0
steep-crossover,minphase-truncation,48000,129,1024,0,11578.125,-176.227266,-61.1776081,128.533619,0
steep-crossover,minphase-truncation,48000,129,1024,0,11625,-167.797992,-61.2059276,128.533619,0
steep-crossover,minphase-truncation,48000,129,1024,0,11671.875,-163.227085,-61.2340864,128.533833,0
steep-crossover,minphase-truncation,48000,129,1024,0,11718.75,-165.376263,-61.262068,128.533993,0
steep-crossover,minphase-truncation,48000,129,1024,0,11765.625,-185.342747,-61.2898581,128.533869,0
steep-crossover,minphase-truncation,48000,129,1024,0,11812.5,-166.475948,-61.3174543,128.533407,0
steep-crossover,minphase-truncation,48000,129,1024,0,11859.375,-162.608623,-61.3448677,128.532764,0
steep-crossover,minphase-truncation,48000,129,1024,0,11906.25,-164.473969,-61.372117,128.532204,0
steep-crossover,minphase-truncation,48000,129,1024,0,11953.125,-177.198476,-61.3992175,128.531938,0
steep-crossover,minphase-truncation,48000,129,1024,0,12000,-168.754957,-61.4261724,128.532,0
steep-crossover,minphase-truncation,48000,129,1024,0,12046.875,-164.133739,-61.452972,128.532222,0
steep-crossover,minphase-truncation,48000,129,1024,0,12093.75,-166.183887,-61.4796001,128.532346,0
steep-crossover,minphase-truncation,48000,129,1024,0,12140.625,-184.504144,-61.5060446,128.532177,0
steep-crossover,minphase-truncation,48000,129,1024,0,12187.5,-167.641719,-61.5323058,128.531703,0
steep-crossover,minphase-truncation,48000,129,1024,0,12234.375,-163.644613,-61.558396,128.531099,0
steep-crossover,minphase-truncation,48000,129,1024,0,12281.25,-165.454947,-61.5843329,128.530616,0
steep-crossover,minphase-truncation,48000,129,1024,0,12328.125,-178.105563,-61.6101293,128.530432,0
steep-crossover,minphase-truncation,48000,129,1024,0,12375,-169.695307,-61.635786,128.530539,0
steep-crossover,minphase-truncation,48000,129,1024,0,12421.875,-165.022368,-61.6612919,128.530757,0
steep-crossover,minphase-truncation,48000,129,1024,0,12468.75,-166.984248,-61.6866318,128.53084,0
steep-crossover,minphase-truncation,48000,129,1024,0,12515.625,-184.103737,-61.7117961,128.530632,0
steep-crossover,minphase-truncation,48000,129,1024,0,12562.5,-168.758542,-61.7367869,128.530156,0
steep-crossover,minphase-truncation,48000,129,1024,0,12609.375,-164.641227,-61.7616175,128.529597,0
steep-crossover,minphase-truncation,48000,129,1024,0,12656.25,-166.399349,-61.7863044,128.529191,0
steep-crossover,minphase-truncation,48000,129,1024,0,12703.125,-178.963778,-61.8108579,128.529077,0
steep-crossover,minphase-truncation,48000,129,1024,0,12750,-170.616952,-61.8352764,128.529216,0
steep-crossover,minphase-truncation,48000,129,1024,0,12796.875,-165.892846,-61.8595483,128.52942,0
steep-crossover,minphase-truncation,48000,129,1024,0,12843.75,-167.776273,-61.8836595,128.529462,0
steep-crossover,minphase-truncation,48000,129,1024,0,12890.625,-183.980368,-61.9076026,128.529222,0
steep-crossover,minphase-truncation,48000,129,1024,0,12937.5,-169.82999,-61.9313818,128.528751,0
steep-crossover,minphase-truncation,48000,129,1024,0,12984.375,-165.602264,-61.9550105,128.528242,0
steep-crossover,minphase-truncation,48000,129,1024,0,13031.25,-167.31174,-61.9785038,128.527907,0
steep-crossover,minphase-truncation,48000,129,1024,0,13078.125,-179.786034,-62.0018696,128.527853,0
steep-crossover,minphase-truncation,48000,129,1024,0,13125,-171.518418,-62.0251045,128.528013,0
steep-crossover,minphase-truncation,48000,129,1024,0,13171.875,-166.745403,-62.0481966,128.528196,0
steep-crossover,minphase-truncation,48000,129,1024,0,13218.75,-168.55956,-62.0711332,128.528199,0
steep-crossover,minphase-truncation,48000,129,1024,0,13265.625,-184.047067,-62.093909,128.527933,0
steep-crossover,minphase-truncation,48000,129,1024,0,13312.5,-170.8591,-62.1165297,128.527475,0
steep-crossover,minphase-truncation,48000,129,1024,0,13359.375,-166.53108,-62.1390088,128.527017,0
steep-crossover,minphase-truncation,48000,129,1024,0,13406.25,-168.196173,-62.1613597,128.526749,0
steep-crossover,minphase-truncation,48000,129,1024,0,13453.125,-180.583321,-62.1835881,128.526744,0
steep-crossover,minphase-truncation,48000,129,1024,0,13500,-172.398654,-62.2056892,128.526915,0
steep-crossover,minphase-truncation,48000,129,1024,0,13546.875,-167.580519,-62.2276509,128.527073,0
steep-crossover,minphase-truncation,48000,129,1024,0,13593.75,-169.33421,-62.2494622,128.527038,0
steep-crossover,minphase-truncation,48000,129,1024,0,13640.625,-184.252671,-62.2711197,128.526754,0
steep-crossover,minphase-truncation,48000,129,1024,0,13687.5,-171.848444,-62.2926304,128.526314,0
steep-crossover,minphase-truncation,48000,129,1024,0,13734.375,-167.430667,-62.3140074,128.525908,0
steep-crossover,minphase-truncation,48000,129,1024,0,13781.25,-169.056295,-62.3352624,128.525701,0
steep-crossover,minphase-truncation,48000,129,1024,0,13828.125,-181.365132,-62.3563992,128.525736,0
steep-crossover,minphase-truncation,48000,129,1024,0,13875,-173.256898,-62.3774117,128.52591,0
steep-crossover,minphase-truncation,48000,129,1024,0,13921.875,-168.398853,-62.3982882,128.52604,0
steep-crossover,minphase-truncation,48000,129,1024,0,13968.75,-170.100699,-62.4190192,128.525972,0
steep-crossover,minphase-truncation,48000,129,1024,0,14015.625,-184.56551,-62.4396033,128.525675,0
steep-crossover,minphase-truncation,48000,129,1024,0,14062.5,-172.800191,-62.460048,128.525259,0
steep-crossover,minphase-truncation,48000,129,1024,0,14109.375,-168.303718,-62.4803662,128.524904,0
steep-crossover,minphase-truncation,48000,129,1024,0,14156.25,-169.895432,-62.5005678,128.524751,0
steep-crossover,minphase-truncation,48000,129,1024,0,14203.125,-182.139879,-62.5206547,128.524817,0
steep-crossover,minphase-truncation,48000,129,1024,0,14250,-174.092577,-62.5406199,128.524988,0
steep-crossover,minphase-truncation,48000,129,1024,0,14296.875,-169.201193,-62.5604526,128.525089,0
steep-crossover,minphase-truncation,48000,129,1024,0,14343.75,-170.859808,-62.5801446,128.52499,0
steep-crossover,minphase-truncation,48000,129,1024,0,14390.625,-184.965547,-62.5996959,128.524687,0
steep-crossover,minphase-truncation,48000,129,1024,0,14437.5,-173.716157,-62.6191151,128.524298,0
steep-crossover,minphase-truncation,48000,129,1024,0,14484.375,-169.152678,-62.6384138,128.523992,0
steep-crossover,minphase-truncation,48000,129,1024,0,14531.25,-170.716674,-62.6576007,128.523887,0
steep-crossover,minphase-truncation,48000,129,1024,0,14578.125,-182.915274,-62.6766758,128.523977,0
steep-crossover,minphase-truncation,48000,129,1024,0,14625,-174.905236,-62.6956319,128.52414,0
steep-crossover,minphase-truncation,48000,129,1024,0,14671.875,-169.988425,-62.7144585,128.524211,0
steep-crossover,minphase-truncation,48000,129,1024,0,14718.75,-171.612569,-62.7331491,128.524087,0
steep-crossover,minphase-truncation,48000,129,1024,0,14765.625,-185.440265,-62.7517051,128.523783,0
steep-crossover,minphase-truncation,48000,129,1024,0,14812.5,-174.597841,-62.7701354,128.523423,0
steep-crossover,minphase-truncation,48000,129,1024,0,14859.375,-169.97979,-62.7884508,128.523165,0
steep-crossover,minphase-truncation,48000,129,1024,0,14906.25,-171.522938,-62.8066583,128.523102,0
steep-crossover,minphase-truncation,48000,129,1024,0,14953.125,-183.698702,-62.8247567,128.523208,0
steep-crossover,minphase-truncation,48000,129,1024,0,15000,-175.694483,-62.8427383,128.523358,0
steep-crossover,minphase-truncation,48000,129,1024,0,15046.875,-170.761507,-62.8605935,128.523401,0
steep-crossover,minphase-truncation,48000,129,1024,0,15093.75,-172.360236,-62.8783172,128.523256,0
steep-crossover,minphase-truncation,48000,129,1024,0,15140.625,-185.9824,-62.8959122,128.522955,0
steep-crossover,minphase-truncation,48000,129,1024,0,15187.5,-175.446463,-62.9133872,128.522627,0
steep-crossover,minphase-truncation,48000,129,1024,0,15234.375,-170.787133,-62.9307523,128.522413,0
steep-crossover,minphase-truncation,48000,129,1024,0,15281.25,-172.317031,-62.9480128,128.522385,0
steep-crossover,minphase-truncation,48000,129,1024,0,15328.125,-184.49758,-62.9651665,128.522502,0
steep-crossover,minphase-truncation,48000,129,1024,0,15375,-176.459954,-62.9822054,128.522636,0
steep-crossover,minphase-truncation,48000,129,1024,0,15421.875,-171.521456,-62.999121,128.522652,0
steep-crossover,minphase-truncation,48000,129,1024,0,15468.75,-173.104272,-63.0159097,128.52249,0
steep-crossover,minphase-truncation,48000,129,1024,0,15515.625,-186.588698,-63.0325749,128.522198,0
steep-crossover,minphase-truncation,48000,129,1024,0,15562.5,-176.262988,-63.0491255,128.521902,0
steep-crossover,minphase-truncation,48000,129,1024,0,15609.375,-171.576652,-63.0655704,128.521729,0
steep-crossover,minphase-truncation,48000,129,1024,0,15656.25,-173.10171,-63.0819136,128.521731,0
steep-crossover,minphase-truncation,48000,129,1024,0,15703.125,-185.319754,-63.0981519,128.521852,0
steep-crossover,minphase-truncation,48000,129,1024,0,15750,-177.201276,-63.1142774,128.521969,0
steep-crossover,minphase-truncation,48000,129,1024,0,15796.875,-172.269341,-63.1302827,128.52196,0
steep-crossover,minphase-truncation,48000,129,1024,0,15843.75,-173.84635,-63.1461653,128.521786,0
steep-crossover,minphase-truncation,48000,129,1024,0,15890.625,-187.25928,-63.1619295,128.521505,0
steep-crossover,minphase-truncation,48000,129,1024,0,15937.5,-177.04815,-63.1775838,128.521242,0
steep-crossover,minphase-truncation,48000,129,1024,0,15984.375,-172.350191,-63.1931362,128.521106,0
steep-crossover,minphase-truncation,48000,129,1024,0,16031.25,-173.879738,-63.2085892,128.521132,0
steep-crossover,minphase-truncation,48000,129,1024,0,16078.125,-186.173937,-63.2239391,128.521254,0
steep-crossover,minphase-truncation,48000,129,1024,0,16125,-177.918049,-63.2391783,128.521351,0
steep-crossover,minphase-truncation,48000,129,1024,0,16171.875,-173.006275,-63.2543001,128.521321,0
steep-crossover,minphase-truncation,48000,129,1024,0,16218.75,-174.588368,-63.2693033,128.521138,0
steep-crossover,minphase-truncation,48000,129,1024,0,16265.625,-187.997474,-63.2841928,128.520872,0
steep-crossover,minphase-truncation,48000,129,1024,0,16312.5,-177.802468,-63.2989767,128.520641,0
steep-crossover,minphase-truncation,48000,129,1024,0,16359.375,-173.109517,-63.3136618,128.520539,0
steep-crossover,minphase-truncation,48000,129,1024,0,16406.25,-174.653944,-63.3282497,128.520584,0
steep-crossover,minphase-truncation,48000,129,1024,0,16453.125,-187.070276,-63.342736,128.520702,0
steep-crossover,minphase-truncation,48000,129,1024,0,16500,-178.609828,-63.3571134,128.52078,0
steep-crossover,minphase-truncation,48000,129,1024,0,16546.875,-173.733418,-63.3713764,128.52073,0
steep-crossover,minphase-truncation,48000,129,1024,0,16593.75,-175.332469,-63.3855247,128.520543,0
steep-crossover,minphase-truncation,48000,129,1024,0,16640.625,-188.810018,-63.3995636,128.520294,0
steep-crossover,minphase-truncation,48000,129,1024,0,16687.5,-178.526264,-63.4135007,128.520094,0
steep-crossover,minphase-truncation,48000,129,1024,0,16734.375,-173.856343,-63.4273419,128.520023,0
steep-crossover,minphase-truncation,48000,129,1024,0,16781.25,-175.427282,-63.4410875,128.520081,0
steep-crossover,minphase-truncation,48000,129,1024,0,16828.125,-188.021106,-63.4547329,128.520193,0
steep-crossover,minphase-truncation,48000,129,1024,0,16875,-179.276109,-63.4682713,128.520252,0
steep-crossover,minphase-truncation,48000,129,1024,0,16921.875,-174.451979,-63.4816982,128.520185,0
steep-crossover,minphase-truncation,48000,129,1024,0,16968.75,-176.08109,-63.4950141,128.519997,0
steep-crossover,minphase-truncation,48000,129,1024,0,17015.625,-189.707734,-63.5082245,128.519767,0
steep-crossover,minphase-truncation,48000,129,1024,0,17062.5,-179.219677,-63.5213366,128.519597,0
steep-crossover,minphase-truncation,48000,129,1024,0,17109.375,-174.592352,-63.534355,128.519552,0
steep-crossover,minphase-truncation,48000,129,1024,0,17156.25,-176.202909,-63.5472793,128.51962,0
steep-crossover,minphase-truncation,48000,129,1024,0,17203.125,-189.04204,-63.5601048,128.519723,0
steep-crossover,minphase-truncation,48000,129,1024,0,17250,-179.916319,-63.5728251,128.519763,0
steep-crossover,minphase-truncation,48000,129,1024,0,17296.875,-175.163224,-63.5854366,128.519682,0
steep-crossover,minphase-truncation,48000,129,1024,0,17343.75,-176.837008,-63.5979407,128.519496,0
steep-crossover,minphase-truncation,48000,129,1024,0,17390.625,-190.706798,-63.6103429,128.519286,0
steep-crossover,minphase-truncation,48000,129,1024,0,17437.5,-179.882674,-63.6226498,128.519145,0
steep-crossover,minphase-truncation,48000,129,1024,0,17484.375,-175.319216,-63.6348649,128.519122,0
steep-crossover,minphase-truncation,48000,129,1024,0,17531.25,-176.984262,-63.6469873,128.519197,0
steep-crossover,minphase-truncation,48000,129,1024,0,17578.125,-190.153666,-63.659012,128.519289,0
steep-crossover,minphase-truncation,48000,129,1024,0,17625,-180.529815,-63.6709333,128.519311,0
steep-crossover,minphase-truncation,48000,129,1024,0,17671.875,-175.868484,-63.6827486,128.519219,0
steep-crossover,minphase-truncation,48000,129,1024,0,17718.75,-177.603422,-63.6944598,128.519039,0
steep-crossover,minphase-truncation,48000,129,1024,0,17765.625,-191.831033,-63.7060724,128.51885,0
steep-crossover,minphase-truncation,48000,129,1024,0,17812.5,-180.515061,-63.7175921,128.518735,0
steep-crossover,minphase-truncation,48000,129,1024,0,17859.375,-176.038623,-63.7290219,128.518731,0
steep-crossover,minphase-truncation,48000,129,1024,0,17906.25,-177.775168,-63.7403599,128.518808,0
steep-crossover,minphase-truncation,48000,129,1024,0,17953.125,-191.384284,-63.7516014,128.518888,0
steep-crossover,minphase-truncation,48000,129,1024,0,18000,-181.115873,-63.7627413,128.518893,0
steep-crossover,minphase-truncation,48000,129,1024,0,18046.875,-176.569167,-63.7737779,128.518793,0
steep-crossover,minphase-truncation,48000,129,1024,0,18093.75,-178.384051,-63.7847135,128.518622,0
steep-crossover,minphase-truncation,48000,129,1024,0,18140.625,-193.11604,-63.7955534,128.518455,0
steep-crossover,minphase-truncation,48000,129,1024,0,18187.5,-181.116498,-63.8063027,128.518364,0
steep-crossover,minphase-truncation,48000,129,1024,0,18234.375,-176.752296,-63.8169633,128.518375,0
steep-crossover,minphase-truncation,48000,129,1024,0,18281.25,-178.57997,-63.8275332,128.518451,0
steep-crossover,minphase-truncation,48000,129,1024,0,18328.125,-192.77476,-63.8380076,128.518518,0
steep-crossover,minphase-truncation,48000,129,1024,0,18375,-181.673693,-63.8483823,128.518508,0
steep-crossover,minphase-truncation,48000,129,1024,0,18421.875,-177.266773,-63.8586562,128.518404,0
steep-crossover,minphase-truncation,48000,129,1024,0,18468.75,-179.183277,-63.8688319,128.518243,0
steep-crossover,minphase-truncation,48000,129,1024,0,18515.625,-194.617038,-63.8789146,128.518097,0
steep-crossover,minphase-truncation,48000,129,1024,0,18562.5,-181.686508,-63.8889086,128.518029,0
steep-crossover,minphase-truncation,48000,129,1024,0,18609.375,-177.462023,-63.898815,128.518051,0
steep-crossover,minphase-truncation,48000,129,1024,0,18656.25,-179.403693,-63.9086315,128.518124,0
steep-crossover,minphase-truncation,48000,129,1024,0,18703.125,-194.387637,-63.9183536,128.518177,0
steep-crossover,minphase-truncation,48000,129,1024,0,18750,-182.202403,-63.9279777,128.518154,0
steep-crossover,minphase-truncation,48000,129,1024,0,18796.875,-177.962916,-63.9375035,128.518048,0
steep-crossover,minphase-truncation,48000,129,1024,0,18843.75,-180.006326,-63.9469339,128.517899,0
steep-crossover,minphase-truncation,48000,129,1024,0,18890.625,-196.425044,-63.9562735,128.517775,0
steep-crossover,minphase-truncation,48000,129,1024,0,18937.5,-182.224491,-63.9655258,128.517727,0
steep-crossover,minphase-truncation,48000,129,1024,0,18984.375,-178.169676,-63.9746916,128.517757,0
steep-crossover,minphase-truncation,48000,129,1024,0,19031.25,-180.252276,-63.9837681,128.517824,0
steep-crossover,minphase-truncation,48000,129,1024,0,19078.125,-196.326329,-63.9927513,128.517863,0
steep-crossover,minphase-truncation,48000,129,1024,0,19125,-182.70106,-64.0016384,128.51783,0
steep-crossover,minphase-truncation,48000,129,1024,0,19171.875,-178.659345,-64.0104294,128.517724,0
steep-crossover,minphase-truncation,48000,129,1024,0,19218.75,-180.859534,-64.0191275,128.51759,0
steep-crossover,minphase-truncation,48000,129,1024,0,19265.625,-198.704807,-64.0277368,128.517487,0
steep-crossover,minphase-truncation,48000,129,1024,0,19312.5,-182.729742,-64.0362601,128.517455,0
steep-crossover,minphase-truncation,48000,129,1024,0,19359.375,-178.877253,-64.0446975,128.51749,0
steep-crossover,minphase-truncation,48000,129,1024,0,19406.25,-181.13288,-64.0530462,128.517549,0
steep-crossover,minphase-truncation,48000,129,1024,0,19453.125,-198.781467,-64.0613028,128.517574,0
steep-crossover,minphase-truncation,48000,129,1024,0,19500,-183.16866,-64.069465,128.517533,0
steep-crossover,minphase-truncation,48000,129,1024,0,19546.875,-179.357975,-64.0775334,128.517431,0
steep-crossover,minphase-truncation,48000,129,1024,0,19593.75,-181.750713,-64.0855111,128.517314,0
steep-crossover,minphase-truncation,48000,129,1024,0,19640.625,-201.802668,-64.0934017,128.517231,0
steep-crossover,minphase-truncation,48000,129,1024,0,19687.5,-183.20146,-64.1012072,128.517213,0
steep-crossover,minphase-truncation,48000,129,1024,0,19734.375,-179.58691,-64.1089273,128.517249,0
steep-crossover,minphase-truncation,48000,129,1024,0,19781.25,-182.054326,-64.1165593,128.517297,0
steep-crossover,minphase-truncation,48000,129,1024,0,19828.125,-202.169785,-64.1241003,128.517309,0
steep-crossover,minphase-truncation,48000,129,1024,0,19875,-183.604152,-64.1315488,128.517261,0
steep-crossover,minphase-truncation,48000,129,1024,0,19921.875,-180.060924,-64.1389056,128.517167,0
steep-crossover,minphase-truncation,48000,129,1024,0,19968.75,-182.689686,-64.1461737,128.517068,0
steep-crossover,minphase-truncation,48000,129,1024,0,20015.625,-206.674646,-64.1533559,128.517006,0
steep-crossover,minphase-truncation,48000,129,1024,0,20062.5,-183.638773,-64.1604539,128.517,0
steep-crossover,minphase-truncation,48000,129,1024,0,20109.375,-180.301004,-64.1674667,128.517033,0
steep-crossover,minphase-truncation,48000,129,1024,0,20156.25,-183.027739,-64.1743919,128.517068,0
steep-crossover,minphase-truncation,48000,129,1024,0,20203.125,-207.747074,-64.1812272,128.517065,0
steep-crossover,minphase-truncation,48000,129,1024,0,20250,-184.00645,-64.1879718,128.517013,0
steep-crossover,minphase-truncation,48000,129,1024,0,20296.875,-180.770562,-64.1946269,128.516929,0
steep-crossover,minphase-truncation,48000,129,1024,0,20343.75,-183.689082,-64.2011951,128.516851,0
steep-crossover,minphase-truncation,48000,129,1024,0,20390.625,-218.911518,-64.2076787,128.516812,0
steep-crossover,minphase-truncation,48000,129,1024,0,20437.5,-184.040755,-64.2140783,128.516817,0
steep-crossover,minphase-truncation,48000,129,1024,0,20484.375,-181.022154,-64.2203927,128.516846,0
steep-crossover,minphase-truncation,48000,129,1024,0,20531.25,-184.067517,-64.2266199,128.516864,0
steep-crossover,minphase-truncation,48000,129,1024,0,20578.125,-227.581334,-64.232758,128.516844,0
steep-crossover,minphase-truncation,48000,129,1024,0,20625,-184.374449,-64.2388072,128.516785,0
steep-crossover,minphase-truncation,48000,129,1024,0,20671.875,-181.489567,-64.2447691,128.516709,0
steep-crossover,minphase-truncation,48000,129,1024,0,20718.75,-184.765566,-64.250646,128.516652,0
steep-crossover,minphase-truncation,48000,129,1024,0,20765.625,-212.411141,-64.2564394,128.516635,0
steep-crossover,minphase-truncation,48000,129,1024,0,20812.5,-184.406448,-64.2621492,128.516654,0
steep-crossover,minphase-truncation,48000,129,1024,0,20859.375,-181.753304,-64.2677738,128.516683,0
steep-crossover,minphase-truncation,48000,129,1024,0,20906.25,-185.192848,-64.2733112,128.516689,0
steep-crossover,minphase-truncation,48000,129,1024,0,20953.125,-209.71185,-64.2787604,128.516654,0
steep-crossover,minphase-truncation,48000,129,1024,0,21000,-184.70705,-64.2841221,128.516587,0
steep-crossover,minphase-truncation,48000,129,1024,0,21046.875,-182.220998,-64.2893983,128.516518,0
steep-crossover,minphase-truncation,48000,129,1024,0,21093.75,-185.941823,-64.294591,128.516478,0
steep-crossover,minphase-truncation,48000,129,1024,0,21140.625,-204.492853,-64.2997014,128.51648,0
steep-crossover,minphase-truncation,48000,129,1024,0,21187.5,-184.734889,-64.3047285,128.516511,0
steep-crossover,minphase-truncation,48000,129,1024,0,21234.375,-182.497816,-64.3096705,128.516539,0
steep-crossover,minphase-truncation,48000,129,1024,0,21281.25,-186.43021,-64.3145254,128.516535,0
steep-crossover,minphase-truncation,48000,129,1024,0,21328.125,-203.126517,-64.3192928,128.516489,0
steep-crossover,minphase-truncation,48000,129,1024,0,21375,-185.003173,-64.323974,128.516418,0
steep-crossover,minphase-truncation,48000,129,1024,0,21421.875,-182.968402,-64.328571,128.516355,0
steep-crossover,minphase-truncation,48000,129,1024,0,21468.75,-187.249918,-64.333086,128.516329,0
steep-crossover,minphase-truncation,48000,129,1024,0,21515.625,-200.376541,-64.3375193,128.516345,0
steep-crossover,minphase-truncation,48000,129,1024,0,21562.5,-185.025134,-64.3418698,128.516383,0
steep-crossover,minphase-truncation,48000,129,1024,0,21609.375,-183.259578,-64.3461353,128.51641,0
steep-crossover,minphase-truncation,48000,129,1024,0,21656.25,-187.81774,-64.3503141,128.516399,0
steep-crossover,minphase-truncation,48000,129,1024,0,21703.125,-199.394104,-64.354406,128.516346,0
steep-crossover,minphase-truncation,48000,129,1024,0,21750,-185.26179,-64.3584128,128.516274,0
steep-crossover,minphase-truncation,48000,129,1024,0,21796.875,-183.735939,-64.3623367,128.516219,0
steep-crossover,minphase-truncation,48000,129,1024,0,21843.75,-188.73739,-64.3661795,128.516205,0
steep-crossover,minphase-truncation,48000,129,1024,0,21890.625,-197.554828,-64.3699412,128.516232,0
steep-crossover,minphase-truncation,48000,129,1024,0,21937.5,-185.276281,-64.3736202,128.516274,0
steep-crossover,minphase-truncation,48000,129,1024,0,21984.375,-184.043161,-64.3772144,128.516298,0
steep-crossover,minphase-truncation,48000,129,1024,0,22031.25,-189.413396,-64.3807223,128.51628,0
steep-crossover,minphase-truncation,48000,129,1024,0,22078.125,-196.759921,-64.3841441,128.516223,0
steep-crossover,minphase-truncation,48000,129,1024,0,22125,-185.481938,-64.3874817,128.516155,0
steep-crossover,minphase-truncation,48000,129,1024,0,22171.875,-184.528553,-64.3907374,128.516109,0
steep-crossover,minphase-truncation,48000,129,1024,0,22218.75,-190.479254,-64.3939127,128.516106,0
steep-crossover,minphase-truncation,48000,129,1024,0,22265.625,-195.390007,-64.3970073,128.516141,0
steep-crossover,minphase-truncation,48000,129,1024,0,22312.5,-185.487503,-64.4000193,128.516184,0
steep-crossover,minphase-truncation,48000,129,1024,0,22359.375,-184.854015,-64.4029465,128.516203,0
steep-crossover,minphase-truncation,48000,129,1024,0,22406.25,-191.311835,-64.4057879,128.516179,0
steep-crossover,minphase-truncation,48000,129,1024,0,22453.125,-194.708359,-64.408544,128.516121,0
steep-crossover,minphase-truncation,48000,129,1024,0,22500,-185.662757,-64.4112167,128.516058,0
steep-crossover,minphase-truncation,48000,129,1024,0,22546.875,-185.352218,-64.4138084,128.516022,0
steep-crossover,minphase-truncation,48000,129,1024,0,22593.75,-192.604457,-64.4163201,128.51603,0
steep-crossover,minphase-truncation,48000,129,1024,0,22640.625,-193.620957,-64.4187512,128.51607,0
steep-crossover,minphase-truncation,48000,129,1024,0,22687.5,-185.658067,-64.4210997,128.516112,0
steep-crossover,minphase-truncation,48000,129,1024,0,22734.375,-185.698756,-64.4233635,128.516125,0
steep-crossover,minphase-truncation,48000,129,1024,0,22781.25,-193.684126,-64.425542,128.516097,0
steep-crossover,minphase-truncation,48000,129,1024,0,22828.125,-193.015978,-64.4276359,128.51604,0
steep-crossover,minphase-truncation,48000,129,1024,0,22875,-185.803495,-64.4296473,128.515984,0
steep-crossover,minphase-truncation,48000,129,1024,0,22921.875,-186.214268,-64.4315781,128.515959,0
steep-crossover,minphase-truncation,48000,129,1024,0,22968.75,-195.364623,-64.4334292,128.515976,0
steep-crossover,minphase-truncation,48000,129,1024,0,23015.625,-192.11479,-64.4351996,128.516018,0
steep-crossover,minphase-truncation,48000,129,1024,0,23062.5,-185.787359,-64.4368873,128.516057,0
steep-crossover,minphase-truncation,48000,129,1024,0,23109.375,-186.585561,-64.4384906,128.516064,0
steep-crossover,minphase-truncation,48000,129,1024,0,23156.25,-196.891905,-64.4400089,128.516033,0
steep-crossover,minphase-truncation,48000,129,1024,0,23203.125,-191.565458,-64.4414434,128.515979,0
steep-crossover,minphase-truncation,48000,129,1024,0,23250,-185.903545,-64.442796,128.515933,0
steep-crossover,minphase-truncation,48000,129,1024,0,23296.875,-187.123882,-64.4440684,128.51592,0
steep-crossover,minphase-truncation,48000,129,1024,0,23343.75,-199.366162,-64.445261,128.515943,0
steep-crossover,minphase-truncation,48000,129,1024,0,23390.625,-190.794519,-64.4463727,128.515985,0
steep-crossover,minphase-truncation,48000,129,1024,0,23437.5,-185.874907,-64.4474015,128.516017,0
steep-crossover,minphase-truncation,48000,129,1024,0,23484.375,-187.524736,-64.4483461,128.516018,0
steep-crossover,minphase-truncation,48000,129,1024,0,23531.25,-201.950751,-64.4492063,128.515986,0
steep-crossover,minphase-truncation,48000,129,1024,0,23578.125,-190.287453,-64.4499834,128.51594,0
steep-crossover,minphase-truncation,48000,129,1024,0,23625,-185.962445,-64.4506791,128.515907,0
steep-crossover,minphase-truncation,48000,129,1024,0,23671.875,-188.092771,-64.4512946,128.515905,0
steep-crossover,minphase-truncation,48000,129,1024,0,23718.75,-206.908234,-64.45183,128.515933,0
steep-crossover,minphase-truncation,48000,129,1024,0,23765.625,-189.611457,-64.452284,128.515971,0
steep-crossover,minphase-truncation,48000,129,1024,0,23812.5,-185.920332,-64.4526549,128.515992,0
steep-crossover,minphase-truncation,48000,129,1024,0,23859.375,-188.529356,-64.4529418,128.515984,0
steep-crossover,minphase-truncation,48000,129,1024,0,23906.25,-215.292393,-64.453145,128.515952,0
steep-crossover,minphase-truncation,48000,129,1024,0,23953.125,-189.138391,-64.453266,128.515917,0
steep-crossover,minphase-truncation,48000,129,1024,0,24000,-185.98089,-64.4533061,128.515902,0
steep-crossover,low-group-delay,48000,129,1024,,0,-3.85730987e-15,-0.168020248,43.3474236,1
steep-crossover,low-group-delay,48000,129,1024,,46.875,-0.000291537914,-0.14954838,43.588365,1
steep-crossover,low-group-delay,48000,129,1024,,93.75,-0.00113003275,-0.0983528677,44.2782629,0.999999929
steep-crossover,low-group-delay,48000,129,1024,,140.625,-0.00263408224,-0.0261852179,45.3293143,0.999998177
steep-crossover,low-group-delay,48000,129,1024,,187.5,-0.00572254555,0.0499892537,46.6253593,0.99998179
steep-crossover,low-group-delay,48000,129,1024,,234.375,-0.0130662303,0.110781458,48.0502261,0.999891466
steep-crossover,low-group-delay,48000,129,1024,,281.25,-0.0301492651,0.136760555,49.5071028,0.99953345
steep-crossover,low-group-delay,48000,129,1024,,328.125,-0.0661798116,0.109984871,50.926065,0.998400062
steep-crossover,low-group-delay,48000,129,1024,,375,-0.134589539,0.0146780037,52.2627688,0.995354378
steep-crossover,low-group-delay,48000,129,1024,,421.875,-0.252951074,-0.162720286,53.4928826,0.9881451
steep-crossover,low-group-delay,48000,129,1024,,468.75,-0.442300877,-0.433862257,54.6056871,0.972781625
steep-crossover,low-group-delay,48000,129,1024,,515.625,-0.72601559,-0.808956498,55.5985619,0.942995292
steep-crossover,low-group-delay,48000,129,1024,,562.5,-1.12848283,-1.29726835,56.4728293,0.890434335
steep-crossover,low-group-delay,48000,129,1024,,609.375,-1.67380255,-1.90760232,57.2307922,0
steep-crossover,low-group-delay,48000,129,1024,,656.25,-2.38467326,-2.64875456,57.873573,0
steep-crossover,low-group-delay,48000,129,1024,,703.125,-3.28150617,-3.52994717,58.3993133,0
steep-crossover,low-group-delay,48000,129,1024,,750,-4.38171113,-4.56126962,58.8012801,0
steep-crossover,low-group-delay,48000,129,1024,,796.875,-5.69903068,-5.75416118,59.0653479,0
steep-crossover,low-group-delay,48000,129,1024,,843.75,-7.24276397,-7.12197681,59.1660927,0
steep-crossover,low-group-delay,48000,129,1024,,890.625,-9.01671693,-8.68068839,59.0602035,0
steep-crossover,low-group-delay,48000,129,1024,,937.5,-11.0177481,-10.449781,58.6747681,0
steep-crossover,low-group-delay,48000,129,1024,,984.375,-13.2338838,-12.4533945,57.8855156,0
steep-crossover,low-group-delay,48000,129,1024,,1031.25,-15.6422215,-14.7216722,56.4746873,0
steep-crossover,low-group-delay,48000,129,1024,,1078.125,-18.2072978,-17.291892,54.0464606,0
steep-crossover,low-group-delay,48000,129,1024,,1125,-20.8812492,-20.207445,49.8551895,0
steep-crossover,low-group-delay,48000,129,1024,,1171.875,-23.6075553,-23.5070178,42.4860045,0
steep-crossover,low-group-delay,48000,129,1024,,1218.75,-26.3295173,-27.175775,29.5747569,0
steep-crossover,low-group-delay,48000,129,1024,,1265.625,-29.0019794,-30.9770915,9.92412057,0
steep-crossover,low-group-delay,48000,129,1024,,1312.5,-31.6010553,-34.1599297,-4.93653019,0
steep-crossover,low-group-delay,48000,129,1024,,1359.375,-34.1254551,-35.9521508,5.76305143,0
steep-crossover,low-group-delay,48000,129,1024,,1406.25,-36.5873185,-36.8736546,28.9111878,0
steep-crossover,low-group-delay,48000,129,1024,,1453.125,-38.9975159,-37.8820399,47.3860461,0
steep-crossover,low-group-delay,48000,129,1024,,1500,-41.3541593,-39.4230238,60.9409795,0
steep-crossover,low-group-delay,48000,129,1024,,1546.875,-43.6412487,-41.6417968,73.522292,0
steep-crossover,low-group-delay,48000,129,1024,,1593.75,-45.8387504,-44.587487,89.8894466,0
steep-crossover,low-group-delay,48000,129,1024,,1640.625,-47.9381929,-48.1512028,116.148932,0
steep-crossover,low-group-delay,48000,129,1024,,1687.5,-49.9527058,-51.5633866,147.626107,0
steep-crossover,low-group-delay,48000,129,1024,,1734.375,-51.9128542,-53.2644873,142.946243,0
steep-crossover,low-group-delay,48000,129,1024,,1781.25,-53.8497041,-53.5923907,111.391362,0
steep-crossover,low-group-delay,48000,129,1024,,1828.125,-55.7756464,-54.1670783,88.4809476,0
steep-crossover,low-group-delay,48000,129,1024,,1875,-57.6749185,-55.6749982,72.7520223,0
steep-crossover,low-group-delay,48000,129,1024,,1921.875,-59.5111208,-58.370468,54.5734205,0
steep-crossover,low-group-delay,48000,129,1024,,1968.75,-61.2505863,-62.4468698,14.9604749,0
steep-crossover,low-group-delay,48000,129,1024,,2015.625,-62.8887078,-66.7797279,-64.1908917,0
steep-crossover,low-group-delay,48000,129,1024,,2062.5,-64.4594984,-66.4720389,-14.184917,0
steep-crossover,low-group-delay,48000,129,1024,,2109.375,-66.0187338,-64.4950446,47.7233123,0
steep-crossover,low-group-delay,48000,129,1024,,2156.25,-67.6111705,-63.811963,74.8591758,0
steep-crossover,low-group-delay,48000,129,1024,,2203.125,-69.2419033,-64.3795564,94.6819022,0
steep-crossover,low-group-delay,48000,129,1024,,2250,-70.8677039,-65.8576562,118.039251,0
steep-crossover,low-group-delay,48000,129,1024,,2296.875,-72.4168761,-67.5898111,144.468472,0
steep-crossover,low-group-delay,48000,129,1024,,2343.75,-73.8341012,-68.4623163,152.273527,0
steep-crossover,low-group-delay,48000,129,1024,,2390.625,-75.124093,-68.2391295,136.513761,0
steep-crossover,low-group-delay,48000,129,1024,,2437.5,-76.3572369,-67.9215163,123.051832,0
steep-crossover,low-group-delay,48000,129,1024,,2484.375,-77.6292569,-68.1721056,120.718554,0
steep-crossover,low-group-delay,48000,129,1024,,2531.25,-79.0047427,-69.0857755,129.115575,0
steep-crossover,low-group-delay,48000,129,1024,,2578.125,-80.4768427,-70.3469677,145.489599,0
steep-crossover,low-group-delay,48000,129,1024,,2625,-81.9599121,-71.187975,156.134518,0
steep-crossover,low-group-delay,48000,129,1024,,2671.875,-83.3272409,-71.0500123,146.999941,0
steep-crossover,low-group-delay,48000,129,1024,,2718.75,-84.4916445,-70.4501485,131.849471,0
steep-crossover,low-group-delay,48000,129,1024,,2765.625,-85.4779816,-70.1127426,123.960693,0
steep-crossover,low-group-delay,48000,129,1024,,2812.5,-86.4169055,-70.3082652,124.872756,0
steep-crossover,low-group-delay,48000,129,1024,,2859.375,-87.4632662,-70.9585468,133.065695,0
steep-crossover,low-group-delay,48000,129,1024,,2906.25,-88.7081445,-71.6993627,143.739426,0
steep-crossover,low-group-delay,48000,129,1024,,2953.125,-90.1269629,-72.0069499,146.700394,0
steep-crossover,low-group-delay,48000,129,1024,,3000,-91.5719698,-71.7290063,138.604681,0
steep-crossover,low-group-delay,48000,129,1024,,3046.875,-92.8318702,-71.2768804,128.776703,0
steep-crossover,low-group-delay,48000,129,1024,,3093.75,-93.7712955,-71.0828351,124.110746,0
steep-crossover,low-group-delay,48000,129,1024,,3140.625,-94.4528388,-71.3118082,125.949519,0
steep-crossover,low-group-delay,48000,129,1024,,3187.5,-95.1016871,-71.8825583,133.319353,0
steep-crossover,low-group-delay,48000,129,1024,,3234.375,-95.9541975,-72.4850396,142.053651,0
steep-crossover,low-group-delay,48000,129,1024,,3281.25,-97.1342565,-72.707888,144.315809,0
steep-crossover,low-group-delay,48000,129,1024,,3328.125,-98.5945806,-72.4434308,137.864537,0
steep-crossover,low-group-delay,48000,129,1024,,3375,-100.102379,-72.0145684,129.740499,0
steep-crossover,low-group-delay,48000,129,1024,,3421.875,-101.318076,-71.7765354,125.711122,0
steep-crossover,low-group-delay,48000,129,1024,,3468.75,-102.031347,-71.8701407,127.132392,0
steep-crossover,low-group-delay,48000,129,1024,,3515.625,-102.371624,-72.2157651,132.835197,0
steep-crossover,low-group-delay,48000,129,1024,,3562.5,-102.707252,-72.5488517,138.815299,0
steep-crossover,low-group-delay,48000,129,1024,,3609.375,-103.379395,-72.5686176,139.264824,0
steep-crossover,low-group-delay,48000,129,1024,,3656.25,-104.54929,-72.2355496,133.31793,0
steep-crossover,low-group-delay,48000,129,1024,,3703.125,-106.145865,-71.8175983,126.242549,0
steep-crossover,low-group-delay,48000,129,1024,,3750,-107.828783,-71.6089647,122.492259,0
steep-crossover,low-group-delay,48000,129,1024,,3796.875,-109.065747,-71.7539715,123.665768,0
steep-crossover,low-group-delay,48000,129,1024,,3843.75,-109.525739,-72.2233609,129.75496,0
steep-crossover,low-group-delay,48000,129,1024,,3890.625,-109.454777,-72.7951653,138.429595,0
steep-crossover,low-group-delay,48000,129,1024,,3937.5,-109.43311,-73.0905262,143.280089,0
steep-crossover,low-group-delay,48000,129,1024,,3984.375,-109.926191,-72.8721856,139.224905,0
steep-crossover,low-group-delay,48000,129,1024,,4031.25,-111.13296,-72.3331054,130.486095,0
steep-crossover,low-group-delay,48000,129,1024,,4078.125,-112.965495,-71.8536872,123.763572,0
steep-crossover,low-group-delay,48000,129,1024,,4125,-114.961552,-71.6764961,121.752095,0
steep-crossover,low-group-delay,48000,129,1024,,4171.875,-116.301116,-71.8527285,124.617221,0
steep-crossover,low-group-delay,48000,129,1024,,4218.75,-116.450321,-72.2658462,131.121502,0
steep-crossover,low-group-delay,48000,129,1024,,4265.625,-115.860483,-72.6456195,137.511009,0
steep-crossover,low-group-delay,48000,129,1024,,4312.5,-115.420686,-72.697472,138.308776,0
steep-crossover,low-group-delay,48000,129,1024,,4359.375,-115.727825,-72.3810428,132.698993,0
steep-crossover,low-group-delay,48000,129,1024,,4406.25,-117.011309,-71.9548851,125.739523,0
steep-crossover,low-group-delay,48000,129,1024,,4453.125,-119.18602,-71.7082597,121.768992,0
steep-crossover,low-group-delay,48000,129,1024,,4500,-121.676664,-71.7898304,122.344757,0
steep-crossover,low-group-delay,48000,129,1024,,4546.875,-123.236653,-72.1881538,127.503012,0
steep-crossover,low-group-delay,48000,129,1024,,4593.75,-122.972223,-72.7219846,135.460627,0
steep-crossover,low-group-delay,48000,129,1024,,4640.625,-121.707241,-73.0591714,141.015155,0
steep-crossover,low-group-delay,48000,129,1024,,4687.5,-120.775177,-72.9387598,138.860408,0
steep-crossover,low-group-delay,48000,129,1024,,4734.375,-120.884466,-72.4624698,131.20355,0
steep-crossover,low-group-delay,48000,129,1024,,4781.25,-122.276201,-71.9683998,124.24049,0
steep-crossover,low-group-delay,48000,129,1024,,4828.125,-124.904649,-71.7178722,121.239387,0
steep-crossover,low-group-delay,48000,129,1024,,4875,-128.142065,-71.8005607,122.780362,0
steep-crossover,low-group-delay,48000,129,1024,,4921.875,-130.118605,-72.1513791,128.149656,0
steep-crossover,low-group-delay,48000,129,1024,,4968.75,-129.254577,-72.5598083,134.75988,0
steep-crossover,low-group-delay,48000,129,1024,,5015.625,-127.08735,-72.7387749,137.781871,0
steep-crossover,low-group-delay,48000,129,1024,,5062.5,-125.578772,-72.5486202,134.45881,0
steep-crossover,low-group-delay,48000,129,1024,,5109.375,-125.476069,-72.1461432,127.994664,0
steep-crossover,low-group-delay,48000,129,1024,,5156.25,-126.997768,-71.8099462,123.06594,0
steep-crossover,low-group-delay,48000,129,1024,,5203.125,-130.193348,-71.7261625,121.91334,0
steep-crossover,low-group-delay,48000,129,1024,,5250,-134.549763,-71.9318917,124.847183,0
steep-crossover,low-group-delay,48000,129,1024,,5296.875,-137.325213,-72.3165479,130.693049,0
steep-crossover,low-group-delay,48000,129,1024,,5343.75,-135.488276,-72.6389457,135.977084,0
steep-crossover,low-group-delay,48000,129,1024,,5390.625,-132.075384,-72.6558544,136.156157,0
steep-crossover,low-group-delay,48000,129,1024,,5437.5,-129.898843,-72.3528515,130.87452,0
steep-crossover,low-group-delay,48000,129,1024,,5484.375,-129.570206,-71.9644307,124.473507,0
steep-crossover,low-group-delay,48000,129,1024,,5531.25,-131.232718,-71.7516505,120.73325,0
steep-crossover,low-group-delay,48000,129,1024,,5578.125,-135.105183,-71.8584335,121.207676,0
steep-crossover,low-group-delay,48000,129,1024,,5625,-141.177808,-72.2880296,126.218706,0
steep-crossover,low-group-delay,48000,129,1024,,5671.875,-145.701007,-72.882327,134.554885,0
steep-crossover,low-group-delay,48000,129,1024,,5718.75,-141.955723,-73.3101225,141.429768,0
steep-crossover,low-group-delay,48000,129,1024,,5765.625,-136.7338,-73.2520986,140.4422,0
steep-crossover,low-group-delay,48000,129,1024,,5812.5,-133.792941,-72.7491475,132.459143,0
steep-crossover,low-group-delay,48000,129,1024,,5859.375,-133.226559,-72.1515898,124.138842,0
steep-crossover,low-group-delay,48000,129,1024,,5906.25,-135.02987,-71.7674333,119.439853,0
steep-crossover,low-group-delay,48000,129,1024,,5953.125,-139.678474,-71.7334896,119.155751,0
steep-crossover,low-group-delay,48000,129,1024,,6000,-148.570487,-72.0452487,123.003613,0
steep-crossover,low-group-delay,48000,129,1024,,6046.875,-158.971433,-72.5740507,129.838098,0
steep-crossover,low-group-delay,48000,129,1024,,6093.75,-149.220805,-73.070659,136.471585,0
steep-crossover,low-group-delay,48000,129,1024,,6140.625,-141.116846,-73.2691548,138.320145,0
steep-crossover,low-group-delay,48000,129,1024,,6187.5,-137.311708,-73.1137108,134.489624,0
steep-crossover,low-group-delay,48000,129,1024,,6234.375,-136.499154,-72.8065756,129.127757,0
steep-crossover,low-group-delay,48000,129,1024,,6281.25,-138.433598,-72.5873182,126.130478,0
steep-crossover,low-group-delay,48000,129,1024,,6328.125,-143.939706,-72.5658083,126.731507,0
steep-crossover,low-group-delay,48000,129,1024,,6375,-158.410887,-72.6972691,130.096609,0
steep-crossover,low-group-delay,48000,129,1024,,6421.875,-161.936844,-72.8173597,133.606599,0
steep-crossover,low-group-delay,48000,129,1024,,6468.75,-159.07926,-72.7454565,133.949579,0
steep-crossover,low-group-delay,48000,129,1024,,6515.625,-145.273487,-72.4433009,130.305896,0
steep-crossover,low-group-delay,48000,129,1024,,6562.5,-140.500422,-72.0560837,125.271723,0
steep-crossover,low-group-delay,48000,129,1024,,6609.375,-139.437207,-71.7810929,121.83513,0
steep-crossover,low-group-delay,48000,129,1024,,6656.25,-141.48565,-71.7445193,121.523327,0
steep-crossover,low-group-delay,48000,129,1024,,6703.125,-147.905809,-71.9618415,124.605892,0
steep-crossover,low-group-delay,48000,129,1024,,6750,-183.965448,-72.3279992,130.075677,0
steep-crossover,low-group-delay,48000,129,1024,,6796.875,-155.611344,-72.6289912,134.949422,0
steep-crossover,low-group-delay,48000,129,1024,,6843.75,-179.949341,-72.6512013,135.3814,0
steep-crossover,low-group-delay,48000,129,1024,,6890.625,-149.24986,-72.3732112,130.921545,0
steep-crossover,low-group-delay,48000,129,1024,,6937.5,-143.399749,-71.9907684,125.155016,0
steep-crossover,low-group-delay,48000,129,1024,,6984.375,-142.085264,-71.7348087,121.470094,0
steep-crossover,low-group-delay,48000,129,1024,,7031.25,-144.225767,-71.7379556,121.290904,0
steep-crossover,low-group-delay,48000,129,1024,,7078.125,-151.58626,-72.0085928,124.721389,0
steep-crossover,low-group-delay,48000,129,1024,,7125,-163.468829,-72.4285941,130.587083,0
steep-crossover,low-group-delay,48000,129,1024,,7171.875,-154.085514,-72.7683639,135.644121,0
steep-crossover,low-group-delay,48000,129,1024,,7218.75,-162.991099,-72.8077319,135.887035,0
steep-crossover,low-group-delay,48000,129,1024,,7265.625,-153.091672,-72.5379421,131.14419,0
steep-crossover,low-group-delay,48000,129,1024,,7312.5,-146.046068,-72.171131,125.326793,0
steep-crossover,low-group-delay,48000,129,1024,,7359.375,-144.483106,-71.9414037,121.827261,0
steep-crossover,low-group-delay,48000,129,1024,,7406.25,-146.691562,-71.9741268,121.938113,0
steep-crossover,low-group-delay,48000,129,1024,,7453.125,-154.985315,-72.2663737,125.607613,0
steep-crossover,low-group-delay,48000,129,1024,,7500,-160.59857,-72.6892095,131.453016,0
steep-crossover,low-group-delay,48000,129,1024,,7546.875,-153.874517,-73.0131113,136.128999,0
steep-crossover,low-group-delay,48000,129,1024,,7593.75,-160.082322,-73.0393746,136.037149,0
steep-crossover,low-group-delay,48000,129,1024,,7640.625,-156.847049,-72.7826984,131.568989,0
steep-crossover,low-group-delay,48000,129,1024,,7687.5,-148.471656,-72.4491952,126.572308,0
steep-crossover,low-group-delay,48000,129,1024,,7734.375,-146.665723,-72.2421457,124.046142,0
steep-crossover,low-group-delay,48000,129,1024,,7781.25,-148.918068,-72.2461908,124.860481,0
steep-crossover,low-group-delay,48000,129,1024,,7828.125,-158.104519,-72.4132821,128.260991,0
steep-crossover,low-group-delay,48000,129,1024,,7875,-159.866142,-72.588562,131.924604,0
steep-crossover,low-group-delay,48000,129,1024,,7921.875,-154.233003,-72.5963564,132.743363,0
steep-crossover,low-group-delay,48000,129,1024,,7968.75,-159.206092,-72.386111,129.673186,0
steep-crossover,low-group-delay,48000,129,1024,,8015.625,-160.57057,-72.0865527,124.992667,0
steep-crossover,low-group-delay,48000,129,1024,,8062.5,-150.704865,-71.8926253,121.718608,0
steep-crossover,low-group-delay,48000,129,1024,,8109.375,-148.663447,-71.9399335,121.629898,0
steep-crossover,low-group-delay,48000,129,1024,,8156.25,-150.937262,-72.253087,125.290517,0
steep-crossover,low-group-delay,48000,129,1024,,8203.125,-160.945435,-72.7206489,131.850089,0
steep-crossover,low-group-delay,48000,129,1024,,8250,-159.956805,-73.0895289,137.811635,0
steep-crossover,low-group-delay,48000,129,1024,,8296.875,-154.881005,-73.0915205,138.113631,0
steep-crossover,low-group-delay,48000,129,1024,,8343.75,-159.125351,-72.7057075,132.247132,0
steep-crossover,low-group-delay,48000,129,1024,,8390.625,-164.32996,-72.1881637,125.053997,0
steep-crossover,low-group-delay,48000,129,1024,,8437.5,-152.770359,-71.8179485,120.545014,0
steep-crossover,low-group-delay,48000,129,1024,,8484.375,-150.502256,-71.741778,120.058521,0
steep-crossover,low-group-delay,48000,129,1024,,8531.25,-152.777749,-71.9648136,123.52372,0
steep-crossover,low-group-delay,48000,129,1024,,8578.125,-163.51227,-72.3580517,129.623983,0
steep-crossover,low-group-delay,48000,129,1024,,8625,-160.452306,-72.6745008,134.841165,0
steep-crossover,low-group-delay,48000,129,1024,,8671.875,-155.68654,-72.6800835,134.846406,0
steep-crossover,low-group-delay,48000,129,1024,,8718.75,-159.439153,-72.3743341,129.61678,0
steep-crossover,low-group-delay,48000,129,1024,,8765.625,-168.218746,-71.9925678,123.506615,0
steep-crossover,low-group-delay,48000,129,1024,,8812.5,-154.689411,-71.7848881,120.137704,0
steep-crossover,low-group-delay,48000,129,1024,,8859.375,-152.204199,-71.8799533,120.928589,0
steep-crossover,low-group-delay,48000,129,1024,,8906.25,-154.464664,-72.2611013,125.934181,0
steep-crossover,low-group-delay,48000,129,1024,,8953.125,-165.813924,-72.7507225,133.35276,0
steep-crossover,low-group-delay,48000,129,1024,,9000,-161.169283,-73.0340863,138.148162,0
steep-crossover,low-group-delay,48000,129,1024,,9046.875,-156.57911,-72.8787406,135.509854,0
steep-crossover,low-group-delay,48000,129,1024,,9093.75,-159.970632,-72.399732,127.752682,0
steep-crossover,low-group-delay,48000,129,1024,,9140.625,-172.383801,-71.9311536,120.775761,0
steep-crossover,low-group-delay,48000,129,1024,,9187.5,-156.480247,-71.736226,117.829529,0
steep-crossover,low-group-delay,48000,129,1024,,9234.375,-153.787876,-71.9166978,119.83956,0
steep-crossover,low-group-delay,48000,129,1024,,9281.25,-156.019774,-72.4124933,126.634803,0
steep-crossover,low-group-delay,48000,129,1024,,9328.125,-167.865008,-72.9691348,135.507046,0
steep-crossover,low-group-delay,48000,129,1024,,9375,-162.013159,-73.1799995,139.20107,0
steep-crossover,low-group-delay,48000,129,1024,,9421.875,-157.518046,-72.8387761,132.903721,0
steep-crossover,low-group-delay,48000,129,1024,,9468.75,-160.628514,-72.2194446,122.167398,0
steep-crossover,low-group-delay,48000,129,1024,,9515.625,-177.096809,-71.7614508,113.895984,0
steep-crossover,low-group-delay,48000,129,1024,,9562.5,-158.158404,-71.760893,110.690674,0
steep-crossover,low-group-delay,48000,129,1024,,9609.375,-155.26893,-72.3675513,113.820177,0
steep-crossover,low-group-delay,48000,129,1024,,9656.25,-157.461725,-73.6149203,126.02635,0
steep-crossover,low-group-delay,48000,129,1024,,9703.125,-169.685631,-75.2412082,150.139916,0
steep-crossover,low-group-delay,48000,129,1024,,9750,-162.930114,-76.1799911,169.136398,0
steep-crossover,low-group-delay,48000,129,1024,,9796.875,-158.478702,-75.3431069,151.283376,0
steep-crossover,low-group-delay,48000,129,1024,,9843.75,-161.361053,-73.7002561,124.701517,0
steep-crossover,low-group-delay,48000,129,1024,,9890.625,-182.997781,-72.4325008,109.688072,0
steep-crossover,low-group-delay,48000,129,1024,,9937.5,-159.737086,-71.9052631,104.092836,0
steep-crossover,low-group-delay,48000,129,1024,,9984.375,-156.6605,-72.1944356,105.71455,0
steep-crossover,low-group-delay,48000,129,1024,,10031.25,-158.806369,-73.3250764,116.181535,0
steep-crossover,low-group-delay,48000,129,1024,,10078.125,-171.300124,-75.1826709,141.510472,0
steep-crossover,low-group-delay,48000,129,1024,,10125,-163.887466,-76.8498369,176.180441,0
steep-crossover,low-group-delay,48000,129,1024,,10171.875,-159.445672,-76.3754229,165.497095,0
steep-crossover,low-group-delay,48000,129,1024,,10218.75,-162.13709,-74.3751692,129.775693,0
steep-crossover,low-group-delay,48000,129,1024,,10265.625,-192.539002,-72.6721758,109.85808,0
steep-crossover,low-group-delay,48000,129,1024,,10312.5,-161.227493,-71.7841581,102.249327,0
steep-crossover,low-group-delay,48000,129,1024,,10359.375,-157.973644,-71.7524162,102.238018,0
steep-crossover,low-group-delay,48000,129,1024,,10406.25,-160.067129,-72.5653186,109.674585,0
steep-crossover,low-group-delay,48000,129,1024,,10453.125,-172.735165,-74.1546461,128.552179,0
steep-crossover,low-group-delay,48000,129,1024,,10500,-164.864459,-76.0074691,160.835843,0
steep-crossover,low-group-delay,48000,129,1024,,10546.875,-160.409161,-76.5077709,171.229487,0
steep-crossover,low-group-delay,48000,129,1024,,10593.75,-162.937106,-75.0650757,140.838269,0
steep-crossover,low-group-delay,48000,129,1024,,10640.625,-201.278886,-73.3759801,116.57667,0
steep-crossover,low-group-delay,48000,129,1024,,10687.5,-162.63912,-72.3620401,106.24662,0
steep-crossover,low-group-delay,48000,129,1024,,10734.375,-159.217689,-72.1815549,105.124238,0
steep-crossover,low-group-delay,48000,129,1024,,10781.25,-161.255355,-72.8224448,112.238344,0
steep-crossover,low-group-delay,48000,129,1024,,10828.125,-174.017829,-74.1611424,130.303057,0
steep-crossover,low-group-delay,48000,129,1024,,10875,-165.847481,-75.6095692,157.425007,0
steep-crossover,low-group-delay,48000,129,1024,,10921.875,-161.362926,-75.7788081,162.046674,0
steep-crossover,low-group-delay,48000,129,1024,,10968.75,-163.748578,-74.3899775,135.670327,0
steep-crossover,low-group-delay,48000,129,1024,,11015.625,-190.336503,-72.8318609,113.95978,0
steep-crossover,low-group-delay,48000,129,1024,,11062.5,-163.98002,-71.8875165,103.523048,0
steep-crossover,low-group-delay,48000,129,1024,,11109.375,-160.400538,-71.7411384,100.869833,0
steep-crossover,low-group-delay,48000,129,1024,,11156.25,-162.38066,-72.4453954,105.081515,0
steep-crossover,low-group-delay,48000,129,1024,,11203.125,-175.173992,-74.0385706,119.552719,0
steep-crossover,low-group-delay,48000,129,1024,,11250,-166.827402,-76.3429826,152.702755,0
steep-crossover,low-group-delay,48000,129,1024,,11296.875,-162.303032,-77.959906,187.199202,0
steep-crossover,low-group-delay,48000,129,1024,,11343.75,-164.563383,-76.889522,159.087875,0
steep-crossover,low-group-delay,48000,129,1024,,11390.625,-186.964509,-74.8296872,124.400298,0
steep-crossover,low-group-delay,48000,129,1024,,11437.5,-165.257028,-73.4192859,109.629978,0
steep-crossover,low-group-delay,48000,129,1024,,11484.375,-161.528925,-72.913068,106.877324,0
steep-crossover,low-group-delay,48000,129,1024,,11531.25,-163.451206,-73.2557623,112.914697,0
steep-crossover,low-group-delay,48000,129,1024,,11578.125,-176.227266,-74.2791164,128.779478,0
steep-crossover,low-group-delay,48000,129,1024,,11625,-167.797992,-75.4372523,151.731809,0
steep-crossover,low-group-delay,48000,129,1024,,11671.875,-163.227085,-75.589386,157.570713,0
steep-crossover,low-group-delay,48000,129,1024,,11718.75,-165.376263,-74.4001181,136.850716,0
steep-crossover,low-group-delay,48000,129,1024,,11765.625,-185.342747,-72.9491835,117.075242,0
steep-crossover,low-group-delay,48000,129,1024,,11812.5,-166.475948,-71.9963001,107.023426,0
steep-crossover,low-group-delay,48000,129,1024,,11859.375,-162.608623,-71.7599068,104.731635,0
steep-crossover,low-group-delay,48000,129,1024,,11906.25,-164.473969,-72.2820364,109.482844,0
steep-crossover,low-group-delay,48000,129,1024,,11953.125,-177.198476,-73.5226905,123.562934,0
steep-crossover,low-group-delay,48000,129,1024,,12000,-168.754957,-75.1504017,149.326853,0
steep-crossover,low-group-delay,48000,129,1024,,12046.875,-164.133739,-76.0219303,167.567969,0
steep-crossover,low-group-delay,48000,129,1024,,12093.75,-166.183887,-75.1269231,148.843447,0
steep-crossover,low-group-delay,48000,129,1024,,12140.625,-184.504144,-73.5206531,123.790734,0
steep-crossover,low-group-delay,48000,129,1024,,12187.5,-167.641719,-72.3164637,110.560635,0
steep-crossover,low-group-delay,48000,129,1024,,12234.375,-163.644613,-71.8244646,106.668576,0
steep-crossover,low-group-delay,48000,129,1024,,12281.25,-165.454947,-72.0699814,109.965242,0
steep-crossover,low-group-delay,48000,129,1024,,12328.125,-178.105563,-72.9823536,121.126172,0
steep-crossover,low-group-delay,48000,129,1024,,12375,-169.695307,-74.2785927,140.958813,0
steep-crossover,low-group-delay,48000,129,1024,,12421.875,-165.022368,-75.150916,157.965444,0
steep-crossover,low-group-delay,48000,129,1024,,12468.75,-166.984248,-74.7200671,149.619069,0
steep-crossover,low-group-delay,48000,129,1024,,12515.625,-184.103737,-73.4581442,129.243364,0
steep-crossover,low-group-delay,48000,129,1024,,12562.5,-168.758542,-72.3283741,115.874478,0
steep-crossover,low-group-delay,48000,129,1024,,12609.375,-164.641227,-71.7396961,111.005664,0
steep-crossover,low-group-delay,48000,129,1024,,12656.25,-166.399349,-71.7563137,112.868674,0
steep-crossover,low-group-delay,48000,129,1024,,12703.125,-178.963778,-72.2950816,120.807846,0
steep-crossover,low-group-delay,48000,129,1024,,12750,-170.616952,-73.1030857,133.462328,0
steep-crossover,low-group-delay,48000,129,1024,,12796.875,-165.892846,-73.6766012,143.661996,0
steep-crossover,low-group-delay,48000,129,1024,,12843.75,-167.776273,-73.538451,141.10742,0
steep-crossover,low-group-delay,48000,129,1024,,12890.625,-183.980368,-72.8354074,129.502298,0
steep-crossover,low-group-delay,48000,129,1024,,12937.5,-169.82999,-72.1123583,119.573019,0
steep-crossover,low-group-delay,48000,129,1024,,12984.375,-165.602264,-71.7362308,115.27885,0
steep-crossover,low-group-delay,48000,129,1024,,13031.25,-167.31174,-71.8249911,116.769082,0
steep-crossover,low-group-delay,48000,129,1024,,13078.125,-179.786034,-72.3282404,123.673654,0
steep-crossover,low-group-delay,48000,129,1024,,13125,-171.518418,-73.01742,134.206065,0
steep-crossover,low-group-delay,48000,129,1024,,13171.875,-166.745403,-73.4659276,141.91052,0
steep-crossover,low-group-delay,48000,129,1024,,13218.75,-168.55956,-73.3177832,139.325026,0
steep-crossover,low-group-delay,48000,129,1024,,13265.625,-184.047067,-72.7106302,129.713722,0
steep-crossover,low-group-delay,48000,129,1024,,13312.5,-170.8591,-72.0813911,121.340709,0
steep-crossover,low-group-delay,48000,129,1024,,13359.375,-166.53108,-71.7366863,117.695568,0
steep-crossover,low-group-delay,48000,129,1024,,13406.25,-168.196173,-71.7737837,119.028884,0
steep-crossover,low-group-delay,48000,129,1024,,13453.125,-180.583321,-72.1314142,124.608898,0
steep-crossover,low-group-delay,48000,129,1024,,13500,-172.398654,-72.6011713,132.15122,0
steep-crossover,low-group-delay,48000,129,1024,,13546.875,-167.580519,-72.8694833,136.69541,0
steep-crossover,low-group-delay,48000,129,1024,,13593.75,-169.33421,-72.7341148,134.302812,0
steep-crossover,low-group-delay,48000,129,1024,,13640.625,-184.252671,-72.3163766,127.584321,0
steep-crossover,low-group-delay,48000,129,1024,,13687.5,-171.848444,-71.9149035,121.806694,0
steep-crossover,low-group-delay,48000,129,1024,,13734.375,-167.430667,-71.7510275,119.70228,0
steep-crossover,low-group-delay,48000,129,1024,,13781.25,-169.056295,-71.8934247,121.781107,0
steep-crossover,low-group-delay,48000,129,1024,,13828.125,-181.365132,-72.2659227,127.258602,0
steep-crossover,low-group-delay,48000,129,1024,,13875,-173.256898,-72.6564583,133.406157,0
steep-crossover,low-group-delay,48000,129,1024,,13921.875,-168.398853,-72.7995747,135.644292,0
steep-crossover,low-group-delay,48000,129,1024,,13968.75,-170.100699,-72.5944658,131.967126,0
steep-crossover,low-group-delay,48000,129,1024,,14015.625,-184.56551,-72.2137308,125.766295,0
steep-crossover,low-group-delay,48000,129,1024,,14062.5,-172.800191,-71.9229245,121.321812,0
steep-crossover,low-group-delay,48000,129,1024,,14109.375,-168.303718,-71.8931517,120.657439,0
steep-crossover,low-group-delay,48000,129,1024,,14156.25,-169.895432,-72.153442,124.119022,0
steep-crossover,low-group-delay,48000,129,1024,,14203.125,-182.139879,-72.5844289,130.587995,0
steep-crossover,low-group-delay,48000,129,1024,,14250,-174.092577,-72.9255638,136.359638,0
steep-crossover,low-group-delay,48000,129,1024,,14296.875,-169.201193,-72.911451,136.401297,0
steep-crossover,low-group-delay,48000,129,1024,,14343.75,-170.859808,-72.5317639,130.425736,0
steep-crossover,low-group-delay,48000,129,1024,,14390.625,-184.965547,-72.0474743,123.300391,0
steep-crossover,low-group-delay,48000,129,1024,,14437.5,-173.716157,-71.737904,118.953282,0
steep-crossover,low-group-delay,48000,129,1024,,14484.375,-169.152678,-71.7541879,118.790357,0
steep-crossover,low-group-delay,48000,129,1024,,14531.25,-170.716674,-72.1105818,123.042714,0
steep-crossover,low-group-delay,48000,129,1024,,14578.125,-182.915274,-72.6777485,130.832065,0
steep-crossover,low-group-delay,48000,129,1024,,14625,-174.905236,-73.1639724,138.384643,0
steep-crossover,low-group-delay,48000,129,1024,,14671.875,-169.988425,-73.237761,139.503121,0
steep-crossover,low-group-delay,48000,129,1024,,14718.75,-171.612569,-72.8498409,133.161317,0
steep-crossover,low-group-delay,48000,129,1024,,14765.625,-185.440265,-72.2916407,125.15914,0
steep-crossover,low-group-delay,48000,129,1024,,14812.5,-174.597841,-71.8810518,120.146521,0
steep-crossover,low-group-delay,48000,129,1024,,14859.375,-169.97979,-71.7790693,119.451422,0
steep-crossover,low-group-delay,48000,129,1024,,14906.25,-171.522938,-71.9931073,122.893311,0
steep-crossover,low-group-delay,48000,129,1024,,14953.125,-183.698702,-72.394824,129.171458,0
steep-crossover,low-group-delay,48000,129,1024,,15000,-175.694483,-72.734557,134.852434,0
steep-crossover,low-group-delay,48000,129,1024,,15046.875,-170.761507,-72.7624872,135.436849,0
steep-crossover,low-group-delay,48000,129,1024,,15093.75,-172.360236,-72.4539265,130.484898,0
steep-crossover,low-group-delay,48000,129,1024,,15140.625,-185.9824,-72.0321758,124.22361,0
steep-crossover,low-group-delay,48000,129,1024,,15187.5,-175.446463,-71.7493517,120.34456,0
steep-crossover,low-group-delay,48000,129,1024,,15234.375,-170.787133,-71.7423509,120.220685,0
steep-crossover,low-group-delay,48000,129,1024,,15281.25,-172.317031,-72.0154919,123.864062,0
steep-crossover,low-group-delay,48000,129,1024,,15328.125,-184.49758,-72.4431613,130.033638,0
steep-crossover,low-group-delay,48000,129,1024,,15375,-176.459954,-72.785094,135.367414,0
steep-crossover,low-group-delay,48000,129,1024,,15421.875,-171.521456,-72.8106704,135.704755,0
steep-crossover,low-group-delay,48000,129,1024,,15468.75,-173.104272,-72.5084974,130.892768,0
steep-crossover,low-group-delay,48000,129,1024,,15515.625,-186.588698,-72.0932051,124.967693,0
steep-crossover,low-group-delay,48000,129,1024,,15562.5,-176.262988,-71.7971233,121.299097,0
steep-crossover,low-group-delay,48000,129,1024,,15609.375,-171.576652,-71.7390337,120.996551,0
steep-crossover,low-group-delay,48000,129,1024,,15656.25,-173.10171,-71.9126133,123.748016,0
steep-crossover,low-group-delay,48000,129,1024,,15703.125,-185.319754,-72.2047573,128.087432,0
steep-crossover,low-group-delay,48000,129,1024,,15750,-177.201276,-72.4372576,131.33807,0
steep-crossover,low-group-delay,48000,129,1024,,15796.875,-172.269341,-72.4738675,131.13156,0
steep-crossover,low-group-delay,48000,129,1024,,15843.75,-173.84635,-72.3354607,127.92903,0
steep-crossover,low-group-delay,48000,129,1024,,15890.625,-187.25928,-72.1764949,124.495908,0
steep-crossover,low-group-delay,48000,129,1024,,15937.5,-177.04815,-72.1535796,123.245469,0
steep-crossover,low-group-delay,48000,129,1024,,15984.375,-172.350191,-72.3317959,125.164009,0
steep-crossover,low-group-delay,48000,129,1024,,16031.25,-173.879738,-72.6514817,129.727541,0
steep-crossover,low-group-delay,48000,129,1024,,16078.125,-186.173937,-72.931643,134.422879,0
steep-crossover,low-group-delay,48000,129,1024,,16125,-177.918049,-72.9588671,135.432101,0
steep-crossover,low-group-delay,48000,129,1024,,16171.875,-173.006275,-72.6732275,131.489052,0
steep-crossover,low-group-delay,48000,129,1024,,16218.75,-174.588368,-72.2364663,125.570458,0
steep-crossover,low-group-delay,48000,129,1024,,16265.625,-187.997474,-71.8776046,121.174233,0
steep-crossover,low-group-delay,48000,129,1024,,16312.5,-177.802468,-71.7444555,119.932658,0
steep-crossover,low-group-delay,48000,129,1024,,16359.375,-173.109517,-71.8669078,122.034191,0
steep-crossover,low-group-delay,48000,129,1024,,16406.25,-174.653944,-72.1604857,126.558846,0
steep-crossover,low-group-delay,48000,129,1024,,16453.125,-187.070276,-72.4421541,131.041643,0
steep-crossover,low-group-delay,48000,129,1024,,16500,-178.609828,-72.5134862,132.113521,0
steep-crossover,low-group-delay,48000,129,1024,,16546.875,-173.733418,-72.3184505,128.710153,0
steep-crossover,low-group-delay,48000,129,1024,,16593.75,-175.332469,-71.9975883,123.38841,0
steep-crossover,low-group-delay,48000,129,1024,,16640.625,-188.810018,-71.7567001,119.240279,0
steep-crossover,low-group-delay,48000,129,1024,,16687.5,-178.526264,-71.7363339,117.774413,0
steep-crossover,low-group-delay,48000,129,1024,,16734.375,-173.856343,-71.9770624,119.178188,0
steep-crossover,low-group-delay,48000,129,1024,,16781.25,-175.427282,-72.427404,122.727233,0
steep-crossover,low-group-delay,48000,129,1024,,16828.125,-188.021106,-72.9648952,126.70907,0
steep-crossover,low-group-delay,48000,129,1024,,16875,-179.276109,-73.4569876,128.926534,0
steep-crossover,low-group-delay,48000,129,1024,,16921.875,-174.451979,-73.8656454,128.679073,0
steep-crossover,low-group-delay,48000,129,1024,,16968.75,-176.08109,-74.2961788,128.096406,0
steep-crossover,low-group-delay,48000,129,1024,,17015.625,-189.707734,-74.9105753,130.860811,0
steep-crossover,low-group-delay,48000,129,1024,,17062.5,-179.219677,-75.7594325,140.22604,0
steep-crossover,low-group-delay,48000,129,1024,,17109.375,-174.592352,-76.5529048,154.661144,0
steep-crossover,low-group-delay,48000,129,1024,,17156.25,-176.202909,-76.5611881,159.096207,0
steep-crossover,low-group-delay,48000,129,1024,,17203.125,-189.04204,-75.4503278,143.804236,0
steep-crossover,low-group-delay,48000,129,1024,,17250,-179.916319,-73.9056289,125.08176,0
steep-crossover,low-group-delay,48000,129,1024,,17296.875,-175.163224,-72.6219459,113.05208,0
steep-crossover,low-group-delay,48000,129,1024,,17343.75,-176.837008,-71.8763286,107.658764,0
steep-crossover,low-group-delay,48000,129,1024,,17390.625,-190.706798,-71.7369018,107.757174,0
steep-crossover,low-group-delay,48000,129,1024,,17437.5,-179.882674,-72.1896504,113.504365,0
steep-crossover,low-group-delay,48000,129,1024,,17484.375,-175.319216,-73.1138597,125.915634,0
steep-crossover,low-group-delay,48000,129,1024,,17531.25,-176.984262,-74.1119703,142.469229,0
steep-crossover,low-group-delay,48000,129,1024,,17578.125,-190.153666,-74.4290378,148.684518,0
steep-crossover,low-group-delay,48000,129,1024,,17625,-180.529815,-73.731296,135.783509,0
steep-crossover,low-group-delay,48000,129,1024,,17671.875,-175.868484,-72.6614829,119.148356,0
steep-crossover,low-group-delay,48000,129,1024,,17718.75,-177.603422,-71.8974387,108.784893,0
steep-crossover,low-group-delay,48000,129,1024,,17765.625,-191.831033,-71.7391647,105.307784,0
steep-crossover,low-group-delay,48000,129,1024,,17812.5,-180.515061,-72.2963087,108.748284,0
steep-crossover,low-group-delay,48000,129,1024,,17859.375,-176.038623,-73.5857336,121.798685,0
steep-crossover,low-group-delay,48000,129,1024,,17906.25,-177.775168,-75.343654,148.515064,0
steep-crossover,low-group-delay,48000,129,1024,,17953.125,-191.384284,-76.3868566,170.663988,0
steep-crossover,low-group-delay,48000,129,1024,,18000,-181.115873,-75.4330343,149.828989,0
steep-crossover,low-group-delay,48000,129,1024,,18046.875,-176.569167,-73.638229,120.771614,0
steep-crossover,low-group-delay,48000,129,1024,,18093.75,-178.384051,-72.2946657,105.135182,0
steep-crossover,low-group-delay,48000,129,1024,,18140.625,-193.11604,-71.7473503,99.1970712,0
steep-crossover,low-group-delay,48000,129,1024,,18187.5,-181.116498,-72.0609463,100.217186,0
steep-crossover,low-group-delay,48000,129,1024,,18234.375,-176.752296,-73.2853735,109.778898,0
steep-crossover,low-group-delay,48000,129,1024,,18281.25,-178.57997,-75.4058469,135.707819,0
steep-crossover,low-group-delay,48000,129,1024,,18328.125,-192.77476,-77.6260398,180.868579,0
steep-crossover,low-group-delay,48000,129,1024,,18375,-181.673693,-77.3687802,173.510784,0
steep-crossover,low-group-delay,48000,129,1024,,18421.875,-177.266773,-75.0562037,128.533164,0
steep-crossover,low-group-delay,48000,129,1024,,18468.75,-179.183277,-73.1077609,105.317438,0
steep-crossover,low-group-delay,48000,129,1024,,18515.625,-194.617038,-72.0851198,96.4513518,0
steep-crossover,low-group-delay,48000,129,1024,,18562.5,-181.686508,-71.9806825,95.1083818,0
steep-crossover,low-group-delay,48000,129,1024,,18609.375,-177.462023,-72.7694661,100.194983,0
steep-crossover,low-group-delay,48000,129,1024,,18656.25,-179.403693,-74.443491,115.052134,0
steep-crossover,low-group-delay,48000,129,1024,,18703.125,-194.387637,-76.7633037,146.43535,0
steep-crossover,low-group-delay,48000,129,1024,,18750,-182.202403,-78.3709949,174.795132,0
steep-crossover,low-group-delay,48000,129,1024,,18796.875,-177.962916,-77.636521,148.453922,0
steep-crossover,low-group-delay,48000,129,1024,,18843.75,-180.006326,-76.1203458,115.974506,0
steep-crossover,low-group-delay,48000,129,1024,,18890.625,-196.425044,-75.3472361,100.784764,0
steep-crossover,low-group-delay,48000,129,1024,,18937.5,-182.224491,-75.7191086,97.4968287,0
steep-crossover,low-group-delay,48000,129,1024,,18984.375,-178.169676,-77.4971014,107.416634,0
steep-crossover,low-group-delay,48000,129,1024,,19031.25,-180.252276,-81.1477525,157.297517,0
steep-crossover,low-group-delay,48000,129,1024,,19078.125,-196.326329,-84.7051419,277.168105,0
steep-crossover,low-group-delay,48000,129,1024,,19125,-182.70106,-80.5788516,150.347944,0
steep-crossover,low-group-delay,48000,129,1024,,19171.875,-178.659345,-76.6279202,99.6220416,0
steep-crossover,low-group-delay,48000,129,1024,,19218.75,-180.859534,-74.5313402,85.0115471,0
steep-crossover,low-group-delay,48000,129,1024,,19265.625,-198.704807,-73.8602704,79.6158,0
steep-crossover,low-group-delay,48000,129,1024,,19312.5,-182.729742,-74.521735,78.1966329,0
steep-crossover,low-group-delay,48000,129,1024,,19359.375,-178.877253,-76.8544098,81.566409,0
steep-crossover,low-group-delay,48000,129,1024,,19406.25,-181.13288,-82.4027829,111.383285,0
steep-crossover,low-group-delay,48000,129,1024,,19453.125,-198.781467,-93.7696412,676.028086,0
steep-crossover,low-group-delay,48000,129,1024,,19500,-183.16866,-80.0989232,95.3893288,0
steep-crossover,low-group-delay,48000,129,1024,,19546.875,-179.357975,-75.1006808,76.3751401,0
steep-crossover,low-group-delay,48000,129,1024,,19593.75,-181.750713,-72.6872858,72.024022,0
steep-crossover,low-group-delay,48000,129,1024,,19640.625,-201.802668,-71.7469803,70.2614692,0
steep-crossover,low-group-delay,48000,129,1024,,19687.5,-183.20146,-72.01728,69.364981,0
steep-crossover,low-group-delay,48000,129,1024,,19734.375,-179.58691,-73.6130667,68.9822367,0
steep-crossover,low-group-delay,48000,129,1024,,19781.25,-182.054326,-77.2213016,69.5761105,0
steep-crossover,low-group-delay,48000,129,1024,,19828.125,-202.169785,-86.4557096,83.6526013,0
steep-crossover,low-group-delay,48000,129,1024,,19875,-183.604152,-86.1106149,81.9292291,0
steep-crossover,low-group-delay,48000,129,1024,,19921.875,-180.060924,-77.1095155,68.0392971,0
steep-crossover,low-group-delay,48000,129,1024,,19968.75,-182.689686,-73.5619713,66.2551001,0
steep-crossover,low-group-delay,48000,129,1024,,20015.625,-206.674646,-72.0231288,64.9443319,0
steep-crossover,low-group-delay,48000,129,1024,,20062.5,-183.638773,-71.8442003,63.0843646,0
steep-crossover,low-group-delay,48000,129,1024,,20109.375,-180.301004,-72.9598626,59.3365626,0
steep-crossover,low-group-delay,48000,129,1024,,20156.25,-183.027739,-75.7558271,48.4011717,0
steep-crossover,low-group-delay,48000,129,1024,,20203.125,-207.747074,-81.7637314,-16.284906,0
steep-crossover,low-group-delay,48000,129,1024,,20250,-184.00645,-87.4884136,-249.889759,0
steep-crossover,low-group-delay,48000,129,1024,,20296.875,-180.770562,-78.4177784,29.7086869,0
steep-crossover,low-group-delay,48000,129,1024,,20343.75,-183.689082,-74.3007849,53.7232929,0
steep-crossover,low-group-delay,48000,129,1024,,20390.625,-218.911518,-72.4387738,58.967511,0
steep-crossover,low-group-delay,48000,129,1024,,20437.5,-184.040755,-72.0249284,59.8679033,0
steep-crossover,low-group-delay,48000,129,1024,,20484.375,-181.022154,-72.9236221,57.9126014,0
steep-crossover,low-group-delay,48000,129,1024,,20531.25,-184.067517,-75.4500035,49.6105871,0
steep-crossover,low-group-delay,48000,129,1024,,20578.125,-227.581334,-80.9482538,1.55114613,0
steep-crossover,low-group-delay,48000,129,1024,,20625,-184.374449,-88.8822592,-348.565131,0
steep-crossover,low-group-delay,48000,129,1024,,20671.875,-181.489567,-79.1171959,24.3948976,0
steep-crossover,low-group-delay,48000,129,1024,,20718.75,-184.765566,-74.5710004,53.11004,0
steep-crossover,low-group-delay,48000,129,1024,,20765.625,-212.411141,-72.4710252,59.1882602,0
steep-crossover,low-group-delay,48000,129,1024,,20812.5,-184.406448,-71.8565956,60.6429622,0
steep-crossover,low-group-delay,48000,129,1024,,20859.375,-181.753304,-72.5268309,59.5584501,0
steep-crossover,low-group-delay,48000,129,1024,,20906.25,-185.192848,-74.7049514,53.8393366,0
steep-crossover,low-group-delay,48000,129,1024,,20953.125,-209.71185,-79.4268881,24.4648369,0
steep-crossover,low-group-delay,48000,129,1024,,21000,-184.70705,-89.6201873,-397.438311,0
steep-crossover,low-group-delay,48000,129,1024,,21046.875,-182.220998,-80.669069,10.6350221,0
steep-crossover,low-group-delay,48000,129,1024,,21093.75,-185.941823,-75.2943768,53.3500466,0
steep-crossover,low-group-delay,48000,129,1024,,21140.625,-204.492853,-72.8249151,61.6203676,0
steep-crossover,low-group-delay,48000,129,1024,,21187.5,-184.734889,-71.9565932,64.654632,0
steep-crossover,low-group-delay,48000,129,1024,,21234.375,-182.497816,-72.3888097,66.1310894,0
steep-crossover,low-group-delay,48000,129,1024,,21281.25,-186.43021,-74.2719449,66.7616431,0
steep-crossover,low-group-delay,48000,129,1024,,21328.125,-203.126517,-78.5081075,65.4957416,0
steep-crossover,low-group-delay,48000,129,1024,,21375,-185.003173,-91.3413898,1.30047737,0
steep-crossover,low-group-delay,48000,129,1024,,21421.875,-182.968402,-83.2172453,60.5636285,0
steep-crossover,low-group-delay,48000,129,1024,,21468.75,-187.249918,-76.1641098,70.5283586,0
steep-crossover,low-group-delay,48000,129,1024,,21515.625,-200.376541,-73.1195961,73.5911113,0
steep-crossover,low-group-delay,48000,129,1024,,21562.5,-185.025134,-71.8220227,76.9199968,0
steep-crossover,low-group-delay,48000,129,1024,,21609.375,-183.259578,-71.7516785,82.1450637,0
steep-crossover,low-group-delay,48000,129,1024,,21656.25,-187.81774,-72.8064788,92.1994898,0
steep-crossover,low-group-delay,48000,129,1024,,21703.125,-199.394104,-75.0749126,115.853208,0
steep-crossover,low-group-delay,48000,129,1024,,21750,-185.26179,-78.3679794,176.415393,0
steep-crossover,low-group-delay,48000,129,1024,,21796.875,-183.735939,-79.4907052,208.037601,0
steep-crossover,low-group-delay,48000,129,1024,,21843.75,-188.73739,-76.5920693,138.727002,0
steep-crossover,low-group-delay,48000,129,1024,,21890.625,-197.554828,-73.9931539,107.814149,0
steep-crossover,low-group-delay,48000,129,1024,,21937.5,-185.276281,-72.5839386,99.4895888,0
steep-crossover,low-group-delay,48000,129,1024,,21984.375,-184.043161,-72.1935563,101.017888,0
steep-crossover,low-group-delay,48000,129,1024,,22031.25,-189.413396,-72.635364,110.118638,0
steep-crossover,low-group-delay,48000,129,1024,,22078.125,-196.759921,-73.6427911,127.332041,0
steep-crossover,low-group-delay,48000,129,1024,,22125,-185.481938,-74.5796777,146.424637,0
steep-crossover,low-group-delay,48000,129,1024,,22171.875,-184.528553,-74.5183967,146.625243,0
steep-crossover,low-group-delay,48000,129,1024,,22218.75,-190.479254,-73.4810885,128.956125,0
steep-crossover,low-group-delay,48000,129,1024,,22265.625,-195.390007,-72.3729367,114.068273,0
steep-crossover,low-group-delay,48000,129,1024,,22312.5,-185.487503,-71.7540598,107.530687,0
steep-crossover,low-group-delay,48000,129,1024,,22359.375,-184.854015,-71.7823035,108.40611,0
steep-crossover,low-group-delay,48000,129,1024,,22406.25,-191.311835,-72.435371,116.623333,0
steep-crossover,low-group-delay,48000,129,1024,,22453.125,-194.708359,-73.498084,132.376663,0
steep-crossover,low-group-delay,48000,129,1024,,22500,-185.662757,-74.3630936,148.16616,0
steep-crossover,low-group-delay,48000,129,1024,,22546.875,-185.352218,-74.2481695,145.851975,0
steep-crossover,low-group-delay,48000,129,1024,,22593.75,-192.604457,-73.2886275,129.116849,0
steep-crossover,low-group-delay,48000,129,1024,,22640.625,-193.620957,-72.3031148,115.495999,0
steep-crossover,low-group-delay,48000,129,1024,,22687.5,-185.658067,-71.7846635,109.600754,0
steep-crossover,low-group-delay,48000,129,1024,,22734.375,-185.698756,-71.8750702,110.785787,0
steep-crossover,low-group-delay,48000,129,1024,,22781.25,-193.684126,-72.5405789,119.004139,0
steep-crossover,low-group-delay,48000,129,1024,,22828.125,-193.015978,-73.5453257,133.764717,0
steep-crossover,low-group-delay,48000,129,1024,,22875,-185.803495,-74.2977853,146.864372,0
steep-crossover,low-group-delay,48000,129,1024,,22921.875,-186.214268,-74.1491251,143.215002,0
steep-crossover,low-group-delay,48000,129,1024,,22968.75,-195.364623,-73.3002402,127.96784,0
steep-crossover,low-group-delay,48000,129,1024,,23015.625,-192.11479,-72.4807762,115.898471,0
steep-crossover,low-group-delay,48000,129,1024,,23062.5,-185.787359,-72.1329308,111.139798,0
steep-crossover,low-group-delay,48000,129,1024,,23109.375,-186.585561,-72.3936152,113.691527,0
steep-crossover,low-group-delay,48000,129,1024,,23156.25,-196.891905,-73.2155842,124.163034,0
steep-crossover,low-group-delay,48000,129,1024,,23203.125,-191.565458,-74.2763789,141.422167,0
steep-crossover,low-group-delay,48000,129,1024,,23250,-185.903545,-74.8048141,152.229818,0
steep-crossover,low-group-delay,48000,129,1024,,23296.875,-187.123882,-74.2180633,141.528555,0
steep-crossover,low-group-delay,48000,129,1024,,23343.75,-199.366162,-73.0655487,123.491957,0
steep-crossover,low-group-delay,48000,129,1024,,23390.625,-190.794519,-72.1344002,111.79764,0
steep-crossover,low-group-delay,48000,129,1024,,23437.5,-185.874907,-71.7729263,107.630619,0
steep-crossover,low-group-delay,48000,129,1024,,23484.375,-187.524736,-72.069177,110.247673,0
steep-crossover,low-group-delay,48000,129,1024,,23531.25,-201.950751,-72.9845049,120.46163,0
steep-crossover,low-group-delay,48000,129,1024,,23578.125,-190.287453,-74.2584544,138.76295,0
steep-crossover,low-group-delay,48000,129,1024,,23625,-185.962445,-75.145069,154.403739,0
steep-crossover,low-group-delay,48000,129,1024,,23671.875,-188.092771,-74.8374379,146.943749,0
steep-crossover,low-group-delay,48000,129,1024,,23718.75,-206.908234,-73.7492774,127.617224,0
steep-crossover,low-group-delay,48000,129,1024,,23765.625,-189.611457,-72.7977632,114.502293,0
steep-crossover,low-group-delay,48000,129,1024,,23812.5,-185.920332,-72.4152491,109.927924,0
steep-crossover,low-group-delay,48000,129,1024,,23859.375,-188.529356,-72.7012753,112.976401,0
steep-crossover,low-group-delay,48000,129,1024,,23906.25,-215.292393,-73.5890187,124.210472,0
steep-crossover,low-group-delay,48000,129,1024,,23953.125,-189.138391,-74.7374447,142.671514,0
steep-crossover,low-group-delay,48000,129,1024,,24000,-185.98089,-75.3244452,154.177931,0
